項目別,意味別,備考,見出し,,音韻,トーン,品詞,ページ,分類,意味,同義語など,活用,語源,音変化,関連語,追加情報,例文１,訳１,例文２,訳２,例文３,訳３,,,,,,,,,,,,,,,,
1706,1,,んにるん,2,[Nnir-],A,(動詞),286,,死ぬ。「んぬん」とも。,,〔活用〕 んにらぬん〈死なない〉(否定) んにみるん〈死なせる〉(使役)んに〈死んで〉(連用) んぬん〈死んだ〉(完了) んにたん〈死んだ〉(過去) んにる〈死ぬ〉(連体) んにりゃ〈死めば〉(条件1) んにるば〈死めば〉(条件2) んにり〈死ね〉(命令) んにろ〈死のう〉(意志) んにんな〈死ぬな〉(禁止),(語源)日本 語シヌ〈死ぬ〉に対応。,[*sinu(r)->sine(r)->Nner->Nnir-],,,【例】まいさる いぬんき ぷいつぁりてぃ あがみてぃ んぬんでぃどぅ  んどぅ んさい,〈大きな犬に咬まれて子どもが死んだそうだ〉,いー=んに かた きーぶさたや、いー=うぐない きらぬとぅ ならぬん,〈善い死に方 をしたければ、善い行いをしなければならない〉,飛行機んか゚ うてぃんか゚ しゃ ‘とぅー まーしく んにどぅ=きる,〈飛行機が落ちたら人がたくさん 死ぬ〉,まいさる いぬんき ぷいつぁりてぃ あがみてぃ んぬんでぃ どぅ んどぅんさい,〈大きな犬に噛まれて子供が死んだそうだ〉,,,,,,,,,,,,,,
1715,1,,んぬん,3,[Nn-], ,(動詞),288,,(1)見る。,,〔活用〕 んなぬん〈見ない〉(否定) んなみるん〈見させる〉(使役)んに〈見て〉(連用) んにゃん〈見た〉(完了)んにたん〈見た〉(過去)んぬ〈見る〉(連体)んにゃ〈見れば〉(条件(1))んぬば〈見れば〉(条件(2))んに〈見ろ〉(命令)んの〈見よう〉(意志)んぬんな〈見るな〉(禁止),(語源)日本語ミル〈見る〉に対応。,,,,【例】どぅぐたい きーだたな てれび んに=ぶんすや,〈横になりながらテレビを観ている〉,たーん んに=ぶらぬんさー?,〈誰も見ていないね?〉 ,どぅながに ふち んにんでぃ でぃ,〈夜中に星を見に行こう〉,にち よーびぬ どぅさび ちま んにたな?,〈日曜日の夕方は相撲を観たか?〉,,,,,,,,,,,,,,
1689,1,,んどぅん,,[Nd-],B,(動詞),283,,言う。話す。伝える。,,〔活用〕 んだぬん〈言わない〉(否定)んだみるん〈言わせる〉(使役) んでぃ〈言って〉(連用) んでゃん〈言った〉(完了) んたん〈言った〉(過去) んどぅ〈言う〉(連体) んでゃ〈言えば〉(条件1) んどぅば〈言えば〉(条件2) んでぃ〈言え〉(命令) んど〈言おう〉(意志) んどぅんな〈言うな〉(禁止),(語源)与那国固有語か。,,,,【例】あぶたんき まーむに んでぃぶさん,〈お母さんに本当のことを言いたい〉,ばらさる くとぅ きーがらや うやんき んどぅんど,〈悪いことを したら親に言いつけるよ〉,かりんき むぬ んどぅん,〈彼にものを言う〉,,,,,,,,,,,,,,,,
1657,1,,んさん,,[NsaN],C,(形容詞),278,,良い。,,〔活用〕 んさ みぬん〈良くない〉(否定) んさぐ〈良く〉(連用 1)んさび〈良くて〉(連用 2) んさたん〈良かった〉(過去) んさる〈良い〉(連体) んさりゃ〈良ければ〉(条件 1) んさるば〈良ければ〉(条件 2),(語源)沖縄古語ミシャ〈善い〉に対応。,[misyaN>NsaN],,,【例】んさい=わるかや?,〈お元気でいらっしゃいますか?〉,んだんか゚ う むるんに いたんてぃん んさんど,〈あなたが思うようにしてもいいよ〉, んぬや いー=わしき ないてぃ んさたんがえー,〈昨日はいい天気になっ てよかったね〉,,,,,,,,,,,,,,,,
1602,1,,むぬん,,[munu-],,(動詞),268,,言う。話す。,,〔活用〕 むなぬん〈話さない〉(否定)むなみるん〈話させる〉(使役) むぬいてぃ〈話して〉(連用)むぬゎん〈話した〉(完了) むぬたん〈話した〉(過去) むぬ〈話す〉(連体) むぬいば〈話せば〉(条件 1) むぬば〈話せば〉(条件 2) むぬい〈話せ〉(命令) むの〈話そう〉(意志) むぬんな〈話すな〉(禁止),(語源)モノイウ〈物言う〉に対応。,[mono-iw->mono'iy->munuy->munu-],,,【例】‘とぅんか゚ はなし きー=ぶる=ばすや ‘とぅー むなぬんき ‘きー,〈人が話をしているときはじっと黙って聞きなさい〉,,,,,,,,,,,,,,,,,,,,
1548,1,,みぬん,,[minu-],,(動詞),259,,無い。「あん〈」ある〉の否定形。,,〔活用〕 みぬんき〈なく〉(連用1) みぬび〈なくて〉(連用2)みぬたん〈なかった〉(過去) みぬ〈ない〉(連体) みぬりゃ〈なければ〉(条件1) みぬば〈なければ〉(条件2) みぬたや〈なければ〉(条件3),(語源)沖縄方言ネー ン /neeN/、ネー ラン /neeraN/ に対応。,,,,【例】すーや でぃん みぬん。 いらみわり,〈今日はお金がない。貸してください〉,みぬん みぬん むぬ みぬんでぃ きでぃつぁらし,〈無い無いと 物が無いと騒ぎ出した〉,くどぅや なんどぅ いー=くとぅ みぬたん,〈去 年はあまりいいことがなかったよ〉,,,,,,,,,,,,,,,,
142,1,,あん,2,[ar-],C,(動詞),49,,(1)存在する。,,〔活用〕 みぬん〈ない〉(否定) あらみるん〈あらせる〉(使役)あい〈あって〉(連用) あたん〈あった〉(過去) ある〈ある〉(連体) ありゃ〈あれば〉(条件1)あるば〈あれば〉(条件2) ,,,,,【例】んなはが たいしく あん,〈空き墓がたくさんある〉,はぶでぃんたがらぬ でぃなが あん,〈先祖代々の土地がある〉,,,,,,,,,,,,,,,,,,
1446,1,,ぶん,,[bur-],A,(動詞),244,,いる。存在している。不規則動詞。,,〔活用〕 ぶらぬん〈いない〉(否定) ぶらみるん〈いさせる〉(使役)ぶい〈いて〉(連用) ぶたん〈いた〉(過去) ぶる〈いる〉(連体) ぶりゃ〈いれば〉(条件1) ぶるば〈いれば〉(条件2) ぶり〈いろ〉(命令) ぶろ〈いよう〉(意志)ぶんな〈いるな〉(禁止) ,,,,,【例】「んみ わるんか゚?」「あさんぎぬ まいばらにどぅ ぶる」,〈「どこにいらっしゃいますか?」「役場の前にいます」(目上に対して)〉,「んみば ぶ んか゚?」「しかまにどぅ ぶる」,〈「どこに居るの?」「仕事(職場)に居る」〉, ぬー きー=ぶたんか゚?,〈何をしていたの?〉,,,,,,,,,,,,,,,,
1363,1,,ひるん,2,[hir-],B,(動詞),231,,行く。去る。,,〔活用〕 ひらぬん〈行かない〉(否定) ひみるん〈行かせる〉(使役)ひー〈行って〉(連用) ひゅん〈行った〉(完了) ひたん〈行った〉(過去) ひる〈行く〉(連体) ひりゃ〈行けば〉(条件1) ひるば〈行けば〉(条件2) ひり〈行け〉(命令) ひろ〈行こう〉(意志) ひんな〈行くな〉(禁止),(語源)日本語ハシル〈走る〉に対応。,[pasir->pair->heer->hir-],,,【例】んにんか゚ ひるんす うまがら んなりるんさい,〈船が行くのがここから見えるよ〉,あぶたや きゃ-とぅないんき すくぬ てぃがないんき  ひゅん,〈お母さんは隣に法事の手伝いをしに行った〉,かまや とゎーるゆ んがら ひらぬん,〈あそこは遠いので行かない〉,はやぐ ひり,〈早く行け〉 ,だーんき くりゃ あがみや ぶらぬんすや。 みしやんきどぅ ひゅる= はでぃ,〈家に来たら子供がいないね。お店に行ったのだろう〉,,,,,,,,,,,,
1362,1,,ひるん,1,[hir-],A,(動詞),230,,くれる。あげる。くださる。,,〔活用〕 ひらぬん〈くれない〉(否定) ひー〈くれて〉(連用) ひゃん〈くれた〉(完了) ひたん〈くれた〉(過去) ひる〈くれる〉(連体) ひりゃ〈くれれば〉(条件1)ひるば〈くれれば〉(条件2) ひり〈くれ〉(命令) ひろ〈くれよう〉(意志) ひんな〈くれるな〉(禁止),,,,,【例】んだ まり-とぅちぬ どゎいんでぃ んどぅんがら ぬか ひろん でぃ うむい=ぶんか゚ ぬんか゚ まちかや?,〈おまえの生年祝いというので何かあげるつもりだけれど、何がいいかね?〉,,,,,,,,,,,,,,,,,,,,
1441,1,〔他動詞〕要検討。,ふん,2,[ha-],A,(動詞),243,,〔他動詞〕(~を)食べる。,,〔活用〕 はぬん〈食べない〉(否定)はみるん〈食べさせる〉(使役) はい〈食べて〉(連用) はん〈食べた〉(完了) はたん〈食べた〉(過去) ふー〈食べる〉(連体) はいば〈食べれば〉(条件1) ふば〈食べれば〉(条件2) はい〈食べろ〉(命令) ほー〈食べよう〉(意志) はんな〈食べるな〉(禁止),(語源)日 本語クラウ〈食らう〉に対応。,[kuraw->hura'->ha-],,,【例】「くぬ まいさるまみや はりるんな?」「はにぬんでぃや。 どぅく あ ん」,〈「この大きな豆は食べられるの」「食べられないよ。毒がある」〉,うぬ  んにんや ちゃーぬ はにぬん,〈このミカンはすっぱくて食べられない〉, くんてぃぬ むぬ はいよ,〈栄養のあるものを食べなさいよ〉,までぃ は い=みぬたや はやぐ はい,〈まだ食べてなかったら早く食べなさい〉,んだんか゚ はぬたや あんか゚ ふん,〈君が食べないなら僕が食べる〉,まー  いー はいんでぃ ひるな?,〈そろそろご飯を食べに行こうか?〉,,,,,,,,,,
1181,1,,ぬむん,,[num-],B,(動詞),205,,飲む。,,〔活用〕 ぬまぬん〈飲まない〉(否定)ぬまみるん〈飲ませる〉(使役) ぬみ〈飲んで〉(連用) ぬみゃん〈飲んだ〉(完了) ぬみたん〈飲んだ〉(過去) ぬむ〈飲む〉(連体) ぬみゃ〈飲めば〉(条件1) ぬむば〈飲めば〉(条件2) ぬみ〈飲め〉(命令) ぬも〈飲もう〉(意志) ぬむんな〈飲むな〉(禁止),(語源)日本 語ノム〈飲む〉に対応。,[nom->num-],,,【例】つり ぬみゃな?,〈薬は飲んだの?〉,みん ぬみぶさん,〈水が飲みた い〉,さぎ ぬむばん さぎんき ぬまりんな,〈酒を飲んでも酒に飲まれる な〉,あがみや さぎ ぬみ=つぁぬん,〈子供は酒が飲めない〉,,,,,,,,,,,,,,
1131,1,,なるん,1,[nar],B,(動詞),196,,(1)なる。ある状態に至る。,,〔活用〕 ならぬん〈ならない〉(否定)ならみるん〈ならせる〉(使役) ない〈なって〉(連用) なん〈なった〉(過去) なたん〈なった〉(過去) なる〈なる〉(連体) なりゃ〈なれば〉(条件1) なるば〈なれば〉(条件2) なろ〈なろう〉(意志) なんな〈なるな〉(禁止),,,,,【例】うぶとぅ なるん,〈大人になる〉,あまてぃし どぅる ない,〈あっと いう間に夜になっている〉,だぐがら はびるんき ない,〈サナギから蝶 になった〉,,,,,,,,,,,,,,,,
1058,1,例文なし,とぅらん,,[turas-],B,(動詞),186,,くれる。やる。あげる。与える。,,〔活用〕 とぅらぬん〈くれない〉(否定) とぅらし〈くれて〉(連用)とぅらしゃん〈くれた〉(完了) とぅらたん〈くれた〉(過去)とぅら〈くれる〉(連体)とぅらいば〈くれれば〉(条件(1))とぅらば〈くれれば〉(条件(2))とぅらい〈くれ〉(命令)とぅろ〈くれよう〉(意志)とぅらんな〈くれるな〉(禁止),,,,,【例】あんか゚ んなに ふさ きーぶたば とぅらしゃん,〈私の着物を欲しがっていたのであげたよ〉,すんく゚てぃ とぅらんがら べんきょ きりよ,〈本をあげるから勉強しなさいよ〉,,,,,,,,,,,,,,,,,,
903,1,,つん,1,[C-],A,(動詞),161,,知る。,,〔活用〕 つぁぬん〈知らない〉(否定) つぁみるん〈知らせる〉(使役)ちてぃ〈知って〉(連用)つたん〈知った〉(過去) つる〈知る〉(連体) つりゃ〈知れば〉(条件1) つるば〈知れば〉(条件2) つろ〈知ろう〉(意志) つんな〈知るな〉(禁止),(語源)日本語シル〈知る〉に対応。,[sir->C-],,,【例】あぬや どぅなんちまぬ くとぅどぅ あいんか゚しや どぅんぐる つ んど ,〈私は与那国島のことでしたらたいがい知っていますよ〉,んだや  つない?,〈君は知っているの?〉,つぁぬたや いてぃてぃ ならい=こー,〈知らなければ行って習ってきなさい〉,かりや むぬぐとぅ みぬんがら  でぃんぶん つぁみどぅ なる,〈彼はものごと(常識や判断力など)がないか ら常識を教えないといけない〉,,,,,,,,,,,,,,
596,1,,くん,3,[ku-],B,(動詞),117,,来る。不規則動詞。,,〔活用〕 くぬん〈来ない〉(否定) くらみるん〈来させる〉(使役)しー〈来て〉(連用) すん〈来た〉(完了) すたん〈来た〉(過去) くー〈来る〉(連体) くりゃ〈来れば〉(条件1) くば〈来れば〉(条件2) くー〈来い〉(命令) くー〈来よう〉(意志)くんな〈来るな〉(禁止),(語源)日本語クル〈来る〉に対応。,,,,【例】ない くんどー。 まてぃ,〈やがて来るよ。待ちなさい〉,,,,,,,,,,,,,,,,,,,,
511,1,,きるん,1,[kir-],A,(動詞),104,,する。日本語の「する」と同様に軽動詞としても広く用いられる。,,〔活用〕 きらぬん〈しない〉(否定)きみるん〈させる〉(使役) きてぃ〈して〉(連用) きゃん〈した〉(完了) きたん〈した〉(過去) きる〈する〉(連体) きりゃ〈すれば〉(条件 1) きるば〈すれば〉(条件 2) きり〈しろ〉(命令) きろ〈しよう〉(意志) きんな〈するな〉(禁止),(語源)日本語スルに対応する古形「しるん」 からの変化か。,[*se->ser->sir->kir-],,,【例】しかま きるん,〈仕事をする〉,かだい きるん,〈匂いがする〉,ひゃ ぐまんや きるん,〈百万はする〉,,,,,,,,,,,,,,,,
278,1,,うとぅぐん,,[uTug-],B,(動詞),70,,置く。,,〔活用〕 うとぅがぬん〈置かない〉(否定) うとぅがみるん〈置かせる〉(使役)うとぅてぃ〈置いて〉(連用) うとぅてゃん〈置いた〉(完了) うとぅてぃたん〈置いた〉(過去) うとぅぐ〈置く〉(連体) うとぅぎゃ〈置けば〉(条件1) うとぅぐば〈置けば〉(条件2) うとぅぎ〈置け〉(命令) うとぅごー〈置こう〉(意志) うとぅぐんな〈置くな〉(禁止),,,,,【例】だ-とぅぐんき はないき うとぅぐん,〈床の間に花瓶を置く〉,むてぃ=ぶる むぬや うまんき うとぅぎ,〈持っているものはここに置きなさい〉,,,,,,,,,,,,,,,,,,
222,1,,いるん,2,[is-],B,(動詞),61,,する。やる。対象が漠然としているときに用いる。,〔類〕きるん,〔活用〕 いらぬん〈しない〉(否定) いしみるん〈させる〉(使役)いしてぃ〈して〉(連用) いしゃん〈した〉(完了) いたん〈した〉(過去) いる〈する〉(連体) いりゃ〈すれば〉(条件 1) いるば〈すれば〉(条件 2) いり〈しろ〉(命令) いろ〈しよう〉(意志) いんな〈するな〉(禁止),,,,,【例】あんか゚ いるん,〈私がする〉,うー いし=うとぅぎよ,〈これをしておけ よ〉,いしぶさんでぃどぅ んどぅりゃ いしみりゃ はい,〈やりたいと言っているからさせてみては〉,ぬーん くーん いしぶさ=きる あがみどぅ  あんすや,〈なんでもかんでもやりたがる子供だね〉,うやぬ みみ きぶり や いしみ=うとぅぎ,〈親の真似をしているのでやらせておきなさい〉,ん たるに いしゃんさい,〈言ったようにやったでしょう〉,いしぶさる むぬ んか゚ あいんか゚しゃ ‘たみ=とぅらい。 きー=うやんがら,〈やりたいことが あるなら教えてください、やってさしあげますから〉,かりんか゚ あたんてぃ ん うぬ さぐや いし=つん,〈彼でもこの程度ならできる〉,,,,,,
140,1,,〜あん,,[aN],,(助動詞),49,,~(で)ある。~だ。,,〔活用〕 あらぬん〈~でない〉(否定) あらみるん〈~であらせる〉(使役)あい〈~であって〉(連用) あたん〈~であった〉(過去) ある〈~である〉(連体) ありゃ〈~であれば〉(条件1) あるば〈~であれば〉(条件2),(語源)沖縄方言ヤン /(1)yaN/ に対応。,,,,【例】あんか゚ いやや むらぬ きんぐいぬ ちすどぅ あたる,〈私の父は村の狂言の師匠だった〉,んだんか゚ んどぅんすにどぅ あいどぅ ぶんか゚  かりや んどぅ=くとぅ ‘かぬんすや,〈君の言う通りであるのだが、彼は言 うことを聞かないのだ〉,くにぬ はなし んだんか゚ んどぅんにどぅ あ たりばん,〈この間の話あなたが言うとおりだったんだね〉,うんに あたん てぃん あぬや がってぃん きらぬん,〈そうであっても私は納得できない〉,,,,,,,,,,,,,,
1556,1,,〜みるん,,[mir-],,(接辞),261,,~させる。動詞の連用形に接続して使役形を作る。,,〔活用〕 ~みらぬん〈~させない〉(否定) ~み〈~させて〉(連用)~みゃん〈~させた〉(完了) ~みたん〈~させた〉(過去) ~みる〈~させる〉(連体) ~みりゃ〈~させれば〉(条件 1) ~みるば〈~させれば〉(条件 2) ~みり〈~させろ〉(命令) ~みろ〈~させよう〉(意志) ~みんな〈~させるな〉(禁止),,,,,【例】あがみ いさんき きみるん,〈子供を医者にする(医者にさせる)〉,う ぬ あがみや ぬー きみるばん うでぃまい あんどー,〈この子は何をさ せても技術があるよ〉,あがみんたんき ぶどぅい きみるん,〈子供たちに 踊りをさせる〉,,,,,,,,,,,,,,,,
1187,1,,〜ぬん,,[nu-],,(接辞),206,,~(し)ない。動詞の未然形に接続して否定形を作る。,,〔活用〕 ~ぬんき〈~なく〉(連用1)~ぬび〈~なくて〉(連用2) ~ぬたん〈なかった〉(過去) ~ぬ〈~ない〉(連体) ~ぬりゃ〈~なければ〉(条件1) ~ぬば〈~なければ〉(条件2) ~ぬたや〈~なければ〉(条件3),(語源)古語~ ヌ〈否定〉に対応。,,,,【例】べんきょー きらぬん,〈勉強しない〉,ぬーん ばがらぬん,〈何も分か らない〉,,,,,,,,,,,,,,,,,,
1632,1,,〜りるん,,[rir-],,(接辞),273,,~(ら)れる。動詞の未然形に付く。,,〔活用〕 ~にぬん〈~られない〉(否定) ~りてぃ〈~られて〉(連用) ~りゃん〈~られた〉(完了) ~りたん〈~られた〉(過去)~りる〈~られる〉(連体) ~りりゃ〈~られれば〉(条件1) ~りるば〈~られれば〉(条件2) ~りんな〈~られるな〉(禁止)1受身を表す。,,,,,【例】むちに いらりるん,〈虫に刺される〉,,,,,,,,,,,,,,,,,,,,
598,1,,‘くん,2,[K-],A,(動詞),118,,聞く。,,〔活用〕 ‘かぬん〈聞かない〉(否定) ‘かみるん〈聞かせる〉(使役)‘てぃー〈聞いて〉(連用) ‘てゃん〈聞いた〉(完了) ‘てぃたん〈聞いた〉(過去) ‘くー〈聞く〉(連体) ‘きゃ〈聞けば〉(条件1) ‘くば〈聞けば〉(条件2) ‘きー〈聞け〉(命令) ‘こー〈聞こう〉(意志) ‘くんな〈聞くな〉(禁止),(語源)日本語キク〈聞く〉 に対応。,[kik->cik->s(i)K->K-],,,【例】すだんか゚ んどぅんす ‘てぃー=うとぅぎ,〈先輩の言うことを聞いておけ〉,うやぬ んどぅくとぅ しかとぅ ‘くんすどぅ ‘とぅにんぎんど,〈親 の言うことをしっかりと聞くことが真の人間だよ〉,,,,,,,,,,,,,,,,,,
409,1,,‘かってぃるん,,[KaTir-],B,(動詞),89,,(1)捨てる。,,〔活用〕 ‘かってぃらぬん〈捨てない〉(否定) ‘かってぃみるん〈捨てさせる〉(使役)‘かってぃ〈捨てて〉(連用) ‘かってゃん〈捨てた〉(完了) ‘かってぃたん〈捨てた〉(過去) ‘かってぃる〈捨てる〉(連体) ‘かってぃりゃ〈捨てれば〉(条件1) ‘かってぃるば〈捨てれば〉(条件2) ‘かってぃり〈捨てろ〉(命令) ‘かってぃろ〈捨てよう〉(意志) ‘かってぃんな〈捨てるな〉(禁止),,,,,【例】どぅんく゚ だんでぃび ‘かってゃん,〈道具が壊れたので捨てた〉,いら ぬ むぬや ‘かってぃり,〈要らないものは捨てなさい〉,,,,,,,,,,,,,,,,,,
1,1,,あー,,[a],B,(名詞),28,〔植物〕,粟(アワ)。穀物の一つ。,,,(語源)日本語アワ〈粟〉に対応。,[awa>a'a>a],,,【例】あー ちんや まいぬいーとぅ まんでぃてぃ はい=ぶたる,〈粟、モチキビは米の飯と混ぜて食べていた〉,,,,,,,,,,,,,,,,,,,,
2,1,,あーが,,[aga],C,(副詞),28,,「あが」とも。たった。わずか。ほんの。数量が少ないことを強調する。,,,,,,,【例】 あーが あんかてぃどぅ はたぎ きしや,〈たったこれだけしか畑を耕していないのか〉,,,,,,,,,,,,,,,,,,,,
3,1,,あいーっ,,[ai],,(感動詞),28,,(1)しまった。,,,,,,,【例】あいーっ。 てぃー ばっぱい=みぬん,〈しまった。手順を間違えてしまった〉,,,,,,,,,,,,,,,,,,,,
3,2,,あいーっ,,[ai],,(感動詞),28,,うるさい。,,,,,,,【例】あいーっ。‘たー むぬんな,〈うるさい。もうしゃべるな〉,,,,,,,,,,,,,,,,,,,,
4,1,,あいぐん,,[aig-],B,(動詞),28,,(1)歩く。,,,,,,,【例】だんぬみ あみてぃがら あいぐんな,〈暗い道を歩くな〉,とぅ ないぬ いやてぃや びーてぃ あいてぃ=わる,〈隣のおじさんが酔っ払っ て歩いている〉,,,,,,,,,,,,,,,,,,
4,2,,あいぐん,,[aig-],B,(動詞),28,,やって来る。,,,,,,,【例】まいばらがら どぅちんか゚ あいぐん ど,〈前から友達がやって来るよ〉,,,,,,,,,,,,,,,,,,,,
4,3,,あいぐん,,[aig-],B,(動詞),28,,走る。,,,(語源)日本語アルク〈歩く〉に対応。,[*arik->aig-],,,【例】かぬとぅや みんたふ ちっ ちるた あいてぃ=つたん,〈彼は耳がちぎれるんじゃないかと思うほど速く走れた〉,,,,,,,,,,,,,,,,,,,,
5,1,,あいさー,,[aisa],,(名詞),28,,お利口さん。かわいい。,,,,,,,【例】あいさー あいさー まいふな まり くよー,〈お利口さんお利口さん、立派な人になりなさいね〉,,,,,,,,,,,,,,,,,,,,
6,1,,あいさてぃ,,[aisaTi],C,(名詞),28,,挨拶(あいさつ)。,,,(語源)日本語アイサツに対応。,[aisatu>ais aci>aisaTi],(関連用語)いー すんか゚てぃ〈いいお正月ですね(新年の挨拶表 現)〉/ぬー きー=わるんか゚?〈何をなさっていますか(挨拶表現としても用いる)〉,,【例】いやや にんとぅぬ あいさてぃんき わたんか゚ か いし にんさんすや,〈お父さんは年頭の挨拶まわりに行かれたけれど、帰りが遅いね〉, ‘とぅむてぃぬ あいさてぃや しかっとぅ きる=くとぅど,〈朝の挨拶はちゃんとしなさいよ〉,,,,,,,,,,,,,,,,,,
7,1,,あいす,,[aisu],C,(名詞),29,,相性(あいしょう)。,,,(語源)日本語アイショ ウに対応。,[aisyau>aisyoo>aisu],,,【例】かりとぅや あいす んさん,〈彼とは相性がいい〉,,,,,,,,,,,,,,,,,,,,
8,1,,あいちるん,,[aiCir-],A,(動詞),29,,(1)(木の実が)落ちる。,,,,,,,【例】 ば す な い   あ い ち   う っ て ぃ ど ぅ=ぶ か や ー ん でぃ んにんでぃ ひてぃ=する,〈バナナの実が熟れて落ちているのではないかと見に行ってきた〉,うぶ-かでぃし まんどぅい あいつん,〈台風で パパイヤの実が落ちた〉,,,,,,,,,,,,,,,,,,
8,2,例文なし,あいちるん,,[aiCir-],A,(動詞),29,,散る。,,,(語源)古語アユ〈雫ゆ〉とチル〈散る〉の 複合語か。,[aetir->aiCir-],,,,,,,,,,,,,,,,,,,,,,,,
9,1,,あいつぁい=うってぃるん,,[aiCai+uTir-],A+B,(動詞),29,,落っこちる。,,,,,,,【例】とーどー、あいつぁい=うってぃるんど。 う い と ぅ ん か゚   きーんき ぬい=ぶんすや,〈ほらほら、落っこちるよ。年寄りが木に登っているとは〉,,,,,,,,,,,,,,,,,,,,
10,1,,あいでぃ,,[aidi],,(名詞),29,,合図。目や口の様子で合図するさま。,,,(語源)日本 語アイズに対応。,[aizu>aizi>aidi],,,【例】あいでぃ きるん,〈合図をする〉,あいでぃんか゚ ありゃどぅ ひらりる,〈合図がないと行けない〉,,,,,,,,,,,,,,,,,,
11,1,,あいてぃ=あいてぃ,,[aiTi+aiTi], C+C,(名詞),29,,あんよあんよ。子供が歩くこと。,,,,,,,【例】まー あいてぃあいてぃ きるんさい,〈もうあんよあんよをするね〉,,,,,,,,,,,,,,,,,,,,
12,1,,あいてぃらし　きるん,,[aiTirasi+kir-],,(連語),29,,走る。,,,,,,,【例】うどぅぶさどぅ あるゆんがら あいてぃらし きんなよ,〈危ないから走るなよ〉,,,,,,,,,,,,,,,,,,,,
13,1,,あが,1,[aga],B,(名詞),29,,垢(あか)。,〔同〕がば。ふるつ,,(語源)日本語アカ〈垢〉 に対応。,[aka>aga],,,【例】 あ が   び っ か い=ぶ ん す や   あ が   う っ とぅい,〈垢がくっついているよ、垢を落としなさい〉,,,,,,,,,,,,,,,,,,,,
14,1,,あが,2,[aga],B,(名詞),29,,船底にたまった水。汚水。淦(あか)。,,,(語源)日本語アカ〈閼伽〉に対応。,[aka>aga],,,【例】んに あが んだしてぃ こー,〈舟の底にたまっている汚水を出してきなさい〉,あが んみ=こー,〈たまっ た汚水を汲んできなさい〉,,,,,,,,,,,,,,,,,,
15,1,,あかーっ,,[aKa],,(感動詞),30,,あ痛!痛いときに突拍子に発する声。,〔同〕あや。あやゆー,,,,,,【例】あかーっ! ぬー きるかんか゚,〈あ痛!何をするのか〉,,,,,,,,,,,,,,,,,,,,
16,1,,あがい,,[agai],A,(名詞),30,,明かり。光。,,,(語源)日本 語アカリ〈明かり〉か(クラガリに対する)アカガリに対応か。,[aka(ga)ri>aga('a)ri>agai],,,【例】あがいぬ ‘たらんきどぅ むちや あちまる,〈明かりの下にこそ虫は集まる〉,んかちや とぅるぬ あがいしどぅ しかま きー=ぶたる,〈昔はランプの明かりで仕事をしていた〉,だぬ あがいや みぬん か゚ あがみぬ あがいや うや,〈家庭の光は主婦。子供の光は親〉,,,,,,,,,,,,,,,,
17,1,,あｎか゚い,,[aŋai],A,(名詞),30,,東(ひがし)。〈上がり〉の意。,,,(語源)沖縄方言アガリ /(1)'agari/ に対応。,[agari>aŋai],,,【例】あんか゚いぬ てぃんがら ‘くゆ あんか゚ん,〈東の空から月が昇った〉,,,,,,,,,,,,,,,,,,,,
18,1,,あｎか゚い-てぃだん,,[aŋaitidaN], ,(名詞),30,,朝日。〈上がり太陽〉の意。,,,(語源)沖縄方言アガイ ティー ダ /(1)'agaitiida/ に対応。,[agariteNdau>aŋaiteNda>aŋaitida>aŋaitidaN],,,【例】あんか゚い-てぃだんどぅ うんか゚まりる,〈朝日ぞ拝める。転じて「勢いのある人についていく」〉,,,,,,,,,,,,,,,,,,,,
19,1,,あがｎか゚,,[agaŋa],,(名詞),30,,生まれて間もない赤ちゃん。,〔同〕いんか゚んか゚てぃ〔類〕んくてぃ(表情、反応が現れる頃の乳飲み子),,(語源)アカゴ〈赤子〉に対応。,[*akaga>agaŋa],,,【例】あがんか゚ あぬんき だがみり,〈赤ちゃんを私に抱かせて〉,,,,,,,,,,,,,,,,,,,,
20,1,,あがてぃるん,,[agaTir-],A,(動詞),30,,「あばてぃるん」とも。(1)慌てる。急ぐ。,,,,,,,【例】 あ が て ぃ る   ‘ と ぅ ん か゚ や   く まさる しかま ならぬん,〈気がせく人は細かい仕事ができない〉,,,,,,,,,,,,,,,,,,,,
20,2,例文なし,あがてぃるん,,[agaTir-],A,(動詞),30,,焦る。,,,,,,,,,,,,,,,,,,,,,,,,,,,,
21,1,,あがとぅぶぎ,,[agaTubugi],A,(名詞),31,,早朝。,,,(語源)日本語アカツキ〈暁〉に対応。,,,,【例】あがとぅぶぎに うぎてぃ とぅんでぃ=ひゅる,〈早朝に起きて出ていった〉,うち ‘かぬんすや あがとぅぶぎがら うぎてぃ うち  んにんでぃ ひらぬとぅ ぬんにぬ どぅどぅ んでぃるんでぃ ばがらぬ ん,〈牛を飼うのは早朝に起きて牛の世話をしておかないと、どんな用事がで きるか分からない〉,,,,,,,,,,,,,,,,,,
22,1,,あがぶさ,,[agabusa],B,(名詞),31,,赤髪。頭髪などの赤いもの。,,,,,,,【例】あがぶさ あがみてぃ,〈赤毛の子供〉,,,,,,,,,,,,,,,,,,,,
23,1,,あがまみ,,[agamami],A,(名詞),31,〔植物〕,小豆(アズキ)。〈赤豆〉の意。,,,,,,,【例】あがまみぬ いー,〈小豆のご飯〉,,,,,,,,,,,,,,,,,,,,
24,1,,あがみ,1,[agami],C,(名詞),31,,子。子供。,,,,,,,【例】くぬ あがみや あらーぐ はばぐんでゃ。 まいふな あ がみど,〈この子供はとても物事を積極的にやる、おりこうな子供よ〉,あん び=あがみどぅ あんか゚、だーんき すい=し ‘かない=ぶる,〈遊び相手と の間に出来た子供だが、家に連れてきて養っている〉(関連用語)びんがあが み,〈男の子〉,みぬんか゚あがみ,〈女の子〉, ‘かないあがみ,〈養い子〉,,,,,,,,,,,,,
25,1,,あがみ,2,[agami],A,(動名詞),31,,赤いこと。,,,,,,,【例】‘とぅはんか=きー ちら あがみ=ぶたん,〈恥ずかしがって、顔が赤くなっていた〉,,,,,,,,,,,,,,,,,,,,
26,1,,あがみてぃ,,[agamiTi],B,(名詞),31,,子供。幼子。赤ちゃんから十歳ごろまでの子供を指す。「あがみ」に指小辞「~てぃ」が付いた形。,,,,,,,【例】 あ が み て ぃ ぬ   み ん ぶ る   な で ぃ り ゃ   し ゃ な=きー とぅぐとぅ なるん,〈子供の頭をなでると喜んでおとなしくなる〉, ちー=はなり=でぃぶんぬ あがみてぃ,〈離乳期の子供〉,うや ぶらぬ  あがみてぃ,〈親のいない幼子〉,,,,,,,,,,,,,,,,
27,1,,あがや,,[agaya],C,(名詞),31,,二枚貝の総称。,〔類〕んだ。んぶ。,,(語源)日 本語カイ〈貝〉に対応するか。,[kai>a-kai-a>agaya],,,【例】 あ が や ぬ   な が に や   ぎ ら ん か゚ ど ぅ   いってぃん まいさる,〈二枚貝の中ではシャコガイが一番大きい〉,,,,,,,,,,,,,,,,,,,,
28,1,,あｎか゚らし=はぐ,,[aŋarasi+hagu], ,(名詞),32,,蒸し箱(むしばこ)。,,,,,,,【例】うみ ある あんか゚らし=はぐ ‘かいてぃ あんがらしむぬ ‘くい=とぅらい,〈ここにある蒸し箱を使って蒸し菓子を作ってください〉,,,,,,,,,,,,,,,,,,,,
29,1,,あがらん,,[agaras-],A,(動詞),32,,明るくする。,,,,,,,【例】だどぅ あぎてぃ はやぐ だー あがらい,〈戸を開けて早く家を明るくしなさい〉,,,,,,,,,,,,,,,,,,,,
30,1,,あがり,,[agari],,(名詞),32,,破片。かけら。,,,(語源)日本語アカレ〈散れ〉に対応。,[akare>agari],,,【例】はー あたる さばん ばいつぁし。 はやぐ あがり  あちみり,〈あー、大事な茶碗を割ってしまって。早くかけらを集めなさい〉,,,,,,,,,,,,,,,,,,,,
31,1,,あがるん,,[agar-],A,(動詞),32,,明るくなる。,,,(語源)古語アカル〈明る〉に対応。,[akar- >agar-],,,【例】どぅさいや うぶたくゆ あいてぃ あがいつま ない,〈今夜は満月で真昼のように明るい〉,,,,,,,,,,,,,,,,,,,,
32,1,,あｎか゚るん,,[aŋar-],A,(動詞),32,,太陽、月などが空高く現れる。,,,(語源)日本語アガル〈上がる〉に対応。,[agar- >aŋar-],,,【例】あんか゚いぬ てぃんがら ‘くゆ あん か゚ん,〈東の空から月が昇った〉,,,,,,,,,,,,,,,,,,,,
33,1,,あがんたい,,[agaNTai],A,(動名詞),32,,とても赤いこと。真っ赤なこと。,,,,,,,【例】くんどぅぐり ちら あがんたい,〈怒って顔が真っ赤だ〉,,,,,,,,,,,,,,,,,,,,
34,1,,あｎき゚,,[aŋi],A,(名詞),32,,陸。陸地。「いん」、「うんなが」〈海〉に対していう。,,,(語源)沖縄方言アギ /(1)agi/ に対応。,[age>aŋi],,,【例】あんき゚ぬ しかまどぅ  きり,〈陸の仕事をしなさい〉,,,,,,,,,,,,,,,,,,,,
35,1,,あぎだん,,[agidaN],C,(名詞),32,〔虫〕,トンボ。,,,(語源)古語 アキヅ〈蜻蛉〉に対応。,[*akezu-a-N>agezaN>agidaN],,,【例】 ひ か で ぃ い り   し だ さ ぐ   な い   あ ぎ だ ん   と ぅ び=あいぐんすや,〈秋になって涼しくなって、トンボも飛び交っている〉,,,,,,,,,,,,,,,,,,,,
36,1,,あ-きむ-き,,[akimuki], ,(名詞),33,,他人の身の上や心情に心を配ること。また、その気持ち。,,,,,,,【例】 か り や   あ-きむ-き ばがらぬん,〈彼は相手の気持ちが分からない〉,,,,,,,,,,,,,,,,,,,,
37,1,,あぎるん,,[agir-],A,(動詞),33,,〔他〕(~を)開ける。開く。,,,(語源)日本語アケル〈開ける〉に対応。,[ake->age(r)->agir-],,,【例】あっつぁるゆんがら だどぅ あぎり,〈暑いから窓を開けろ〉,すむてぃ あぎるん,〈書物を開く〉,だどぅ あぎるん,〈雨戸を開ける〉,,,,,,,,,,,,,,,,
38,1,,あｎき゚るん,,[aŋir-],A,(動詞),33,,上げる。,,,(語源)日本語アゲル〈上げる〉に対応。,[age->aŋe(r)->aŋir-],,,【例】にー たなんき あんき゚るん,〈荷を棚に上げる〉,,,,,,,,,,,,,,,,,,,,
39,1,,あｎく゚,,[aŋu],C,(名詞),33,,仲間。同僚。,〔同〕どぅち,,(語源)奄美(与論)方言アグ /agu/ に対応。,,,,【例】かりや あんか゚ あんく゚どぅ ない=ぶる,〈彼は私の(同じムラの)仲間です〉,,,,,,,,,,,,,,,,,,,,
40,1,,あぐい,,[agui],A,(名詞),33,,欠伸(あくび)。「あぐ」とも。,,,,,,,【例】ぬー きびかや あぐい=ばがい きるんすや,〈どうしてだろう、欠伸ばかりするね〉,あぐ きー ならぬんでぃやー ,〈欠伸がとまらない〉,,,,,,,,,,,,,,,,,,
41,1,,あぐ=きー,,[agu+ki], ,(名詞),33,〔植物〕,アコウ。,,,,,,,【例】 あ ぐ=き や   ち っ て ぃ   つ ぁ ら ば   み ん ぐ る   む い =だっつぁん,〈アコウの木は切って腐らせると、キクラゲが生えやすい〉,,,,,,,,,,,,,,,,,,,,
42,1,,あさ,1,[asa],A,(名詞),33,〔植物〕,アオサ。海藻の一種。海岸の岩に生える。食用になる。「あーさ」とも。,,,(語源)日本語アオサ〈石蓴〉に対応。,[*awasa>a'asa>asa],,,【例】あーさや はいりし むんない きてぃ あらぐ まん,〈アオサは酢で和え物にするととてもおいしい〉,むらにや アブヒティに からあさ まんでぃ=ぶたる。 あらいてぃ うんてぃはいり、すゆ、かちだい いりてぃ、 さばぬ かんずめんた まんでぃてぃ まんすゆ,〈祖納ではアブヒティで乾 いたアオサが多く採れた。洗って芋酢、醤油、酒粕で和え、サバの缶詰などを 混ぜるとおいしいよ〉,,,,,,,,,,,,,,,,,,
43,1,,あさ,2,[asa], ,(名詞),33,,(1)祖父(そふ)。おじいさん。両親の父親。,,,,,,,【例】ばやぬ あさや とぅぐとぅ ぬ ‘とぅどぅ あい=わたる,〈我が家のおじいさんは物静かな人であった〉,あさー どぅなん-くとぅば しっぱい ならし=ひりよ,〈おじいちゃん、 与那国方言いっぱい教えてくださいね〉,,,,,,,,,,,,,,,,,,
43,2,,あさ,2,[asa], ,(名詞),33,,おじいさん。年配の男性。(文化的・民俗学的背景)前楚家のおじいさんは百三歳で亡くなった。,,,,,,,【例】 マドゥ ヤぬ あさや ひゃぐ あまるた ぬてぃ なーる ‘とぅどぅ あ い=わたんでぃ んどぅんさい,〈前楚家のおじいさんは百歳を超えるほど長命な人でいらっしゃったそうだよ〉,,,,,,,,,,,,,,,,,,,,
44,1,,あさ=いとぅ,,[asa'iTu], ,(名詞),34,,麻糸(あさいと)。,,,,,,,【例】あさ=いとぅ うみ,〈麻糸を紡ぐ〉,,,,,,,,,,,,,,,,,,,,
45,1,,あさｎき゚,,[asaŋi],,(名詞),34,,番所。昔の役場。,,,,,,,【例】 ど ぅ ー 、 ふ ー=む ぬ や   み ぬ た ん て ぃ ん   あ さ ん き゚ んきぬ んだしまいや ばちんなよ,〈いいか、食べる物はなくても、役場へ納めるものを忘れてはいけないよ〉,,,,,,,,,,,,,,,,,,,,
46,1,,あさってぃ,,[asaTi],C,(名詞),34,,「あさてぃ」とも。明日の次の日。明後日(あさって)。翌々日(よくよくじつ)。,,,(語源)日本語アサッ テ〈明後日〉に対応。,[asate>asaTe>asaTi],,,【例】あさてぃぬ どぅるばぎんし いし=うとぅぎ,〈明後日の晩までにやっておけ〉,んだや あさってぃ くーよ,〈君は明後日おいでね〉,,,,,,,,,,,,,,,,,,
47,1,,あさん,,[asaN],A,(形容詞),34,,浅い。,,,(語源)日本語アサイ 〈浅い〉に対応。,[asasaN>asahaN>asaN],,,【例】うまや あさたてぃどぅ=ぶんがら あがみてぃんたんか゚ん うんか゚りるん,〈ここはとても浅いので子供たちでも泳げる〉,,,,,,,,,,,,,,,,,,,,
48,1,,あし,,[asi],B,(名詞),34,,汗(あせ)。,,,(語源)日本語アセ〈汗〉に対 応。,[ase>asi],,,【例】あし かてぃたや みんや とぅらぬとぅ ならぬんどー,〈汗をかいたら、水分は取らないといけないよ〉,,,,,,,,,,,,,,,,,,,,
49,1,,あしくん,,[asiKa-],A,(動詞),34,,「あっくん」とも。ひどく叱る。どやしつける。,,,(語源)日本語アツカウ〈扱う〉に対応。,[atukaw->acika'- >asiKa-],,,【例】いっちん あしかりどぅ= ぶる,〈いつも叱られている〉,うんにたる ‘とぅー あしく=むぬや,〈そ んなに人を叱るとは〉,,,,,,,,,,,,,,,,,,
50,1,,あしぶ,,[asibu],C,(名詞),35,,(1)汗疹(あせも)。,,,,,,,【例】なち ないんか゚しや あがみてぃんた あしぶ はい つぁり=ぶたんえ,〈夏になると子供たちに汗疹がたくさん出来ていたね〉,,,,,,,,,,,,,,,,,,,,
50,2,例文なし,あしぶ,,[asibu],C,(名詞),35,,腫れ物。,,,(語源)日本語アセモ〈汗疹〉に対応。,[*asebo>asibu],,,,,,,,,,,,,,,,,,,,,,,,
51,1,,あた,,[aTa],C,(名詞),35,,明日。「あった」とも。,,,(語源)日本語アシタ〈明日〉に対応。,[asita>asiTa>aTa],,,【例】かぬとぅや さぎぬみゃどぅ あるゆんがら、あ たん また さぎ ぬむんてぃら,〈あの人は酒飲みだから、明日もまた酒を飲むだろう〉,,,,,,,,,,,,,,,,,,,,
52,1,,あだ,,[ada],A,(名詞),35,,ほくろ。痣(あざ)。,,,(語源)日本語アザ〈痣〉に対応。,[aza>ada],,,【例】うぬ あがみてぃ ばたに あがあだ あんすや,〈この子、お腹に赤痣があるね〉,うとぅんか゚いに ある あだや はいだま  あだんでぃどぅ んだり=ぶたる,〈あごにあるほくろは食いしん坊のしるし といわれていた〉,みんたふぬ すばに あだ ある ‘とぅや うやぎ=きるんでぃどぅ んどぅ,〈耳の近くにほくろがある人は富貴になるという〉,,,,,,,,,,,,,,,,
53,1,,あたｎか゚つぁ,,[aTaŋaCa],B,(名詞),35,,要領。,,,,,,,【例】ひらんき みんぶる とぅんかし あぶたに あたんか゚つぁ みぬ=むぬんでぃ むたかり,〈柱に頭をぶつけ母に要領のない奴と怒られた〉あだぎさん[adagisaN](形容詞)清潔である。小奇麗にしている人を形容する。,【例】うぬとぅや あだぎさ  わるんすやえ,〈この方は小奇麗でいらっしゃるね〉,すでぃ きたば だー  あだぎさ ない あびゃんすや,〈掃除したので座敷がさっぱりしてきれいな ことよ〉,,,,,,,,,,,,,,,,
54,1,,あだぎるん,,[adagir-],,(動詞),35,,開墾する。伐採する。,,,,,,,【例】ありち あだぎるんにぬ あはりや みぬん,〈荒れ地を開墾するほどの難儀はない〉,あまだはたぎ あむてぃ かんでぃどぅ=ぶんす あだぎらぬとぅ ならぬん,〈サトウキビ畑の雑草が生い茂っているので、伐採しないといけない〉,,,,,,,,,,,,,,,,,,
55,1,,あたぐ,,[aTagu],C,(名詞),36,〔鳥〕,鵜(ウ)。冬に見られる。,,,(語源)沖縄(伊江 島)方言アッ タフ /'atta]Fu/ に対応。,[atakua>atago>aTagu],,,【例】どぅなんき くー あたぐ さがぐ ない どぅ=ぶんか゚えー,〈与那国に来る鵜が少なくなっているね〉,,,,,,,,,,,,,,,,,,,,
56,1,,あたくい,,[aTaKui],,(名詞),36,,屋敷内にある菜園。,〔同〕かぐ,,,,,,【例】あたくいに ださい びーどぅ ありゃ  とぅい はい,〈菜園に野菜を植えてあるので取って食べなさい〉,あたく いに くしてぃー ちーまいどぅ ぶりゃ とぅい うやい,〈菜園にクシ ティーがたくさんあるので取ってお食べください〉,,,,,,,,,,,,,,,,,,
57,1,,あた=さてぃ,,[aTa+saTi], C+C,(名詞),36,,明日明後日。近いうちに。「あた」と「あさてぃ」が縮まった形。,,,,,,,【例】あたさ てぃ まい=しーどぅ きーんだんぎ あるんでゃー,〈明日明後日にも亡くなりそうなんですよ〉,,,,,,,,,,,,,,,,,,,,
58,1,,あた=‘とぅむてぃ,,[aTa+TumuTi], C+C,(名詞),36,,明朝(みょうちょう)。次の日の朝。「あった=‘とぅむてぃ」とも。,,,,,,,【例】 た ー び いすがさる=ゆんがら あった=‘とぅむてぃや はやぐ うぎりよ,〈田植えが忙しいんだから、明日の朝は早く起きなさいよ〉,,,,,,,,,,,,,,,,,,,,
59,1,,あたにんでぃ,,[aTaniNdi],,(名詞),36,,うたた寝。知らないうちに寝ること。「あったにんでぃ」とも。,,,,,,,【例】あたにん でぃ きー うぐり=ぶんかし,〈うたた寝をして遅れてしまった〉,すんく゚ てぃどぅ どぅみ=ぶたんか゚どぅ あたにんでぃ きー ‘たー にんでぃ,〈本を読んでいたのに、うたた寝してそのまま寝てしまった〉,,,,,,,,,,,,,,,,,,
60,1,,あだぬ,,[adanu],C,(名詞),36,〔植物〕,アダン。,,,,,,,【例】ふがばらぬ はたぎぬ わーらんでぃ あだぬどぅ  びー=ぶたる,〈外原の畑の防風林としてアダンを植えていた〉,,,,,,,,,,,,,,,,,,,,
61,1,,あたびた,,[aTabiTa],B,(名詞),36,,蛙(カエル)。「あたひた」とも。,〔同〕あうだ,,,,,,【例】あたびたんか゚ なてぃ=ぶんすや、あみ ふるでぃかや,〈カエルが鳴いているね、雨でも降るのかな〉,,,,,,,,,,,,,,,,,,,,
62,1,,あたら-きるん,,[aTarakir-],A,(動詞),37,,(1)大切にする。大事にする。,,,,,,,【例】はぶでぃがら うぎゃる でぃながや あ たら-きり,〈先祖から譲り受けた土地は大切にしなさい〉,,,,,,,,,,,,,,,,,,,,
62,2,,あたら-きるん,,[aTarakir-],A,(動詞),37,,可愛がる。,,,(語源)日本語アタラ〈惜しい〉に対応。,,,,【例】 すとぅぬ だんき ひたや あたら-きらりる=くとぅど,〈婚家に行ったら可愛がられなさいね〉,とぅんや あたら-きり,〈妻は大事にしなさい〉,,,,,,,,,,,,,,,,,,
63,1,,あたる,,[aTaru],A,(連体詞),37,,大事な。大切な。,,,,,,,【例】あたる さばん ばいつぁし,〈大事な茶碗を割ってしまった〉,,,,,,,,,,,,,,,,,,,,
64,1,,あたるん,,[aTar-],A,(動詞),37,,(1)当たる。中毒する。,,,,,,,【例】まりゃんか゚ ちらんき あたたん,〈ボールが顔に当たった〉,はやりだみ あたい,〈インフルエンザにかかった〉,つぁり  いゆんき あたい=みぬん,〈古くなった魚に当たってしまった〉,,,,,,,,,,,,,,,,
64,2,,あたるん,,[aTar-],A,(動詞),37,,合う。,,,(語源)日本語アタル〈当たる〉に対応。,[atar- >aTar-],,,【例】ないや あたるん,〈今がちょうど良い〉,んだとぅや かま あたるん すや,〈あなたとは相性がいいね〉,,,,,,,,,,,,,,,,,,
65,1,,あたるんに,,[aTaruNni],,(副詞),37,,元の状態に。「あたる」〈あった・であった〉に接辞「~んに」〈ように〉が付いた形に由来。,,,,,,,【例】あたるんに いりゃ はい,〈元通りにしなさい〉,,,,,,,,,,,,,,,,,,,,
66,1,,あだんくん,,[adaNK-],,(動詞),37,,「あだんてぃるん」とも。なだめる。すかす。,,,(語源)日本語アザムク〈欺く〉に対応。,[azamuk- >adaNK-],,,【例】うぬとぅや あだんてぃどぅ なるどー,〈この人はなだめすかさないといけないよ〉,どぅちや く んどぅぐりどぅ=ぶんがら あだんてぃ=とぅらい,〈友達は怒っているか ら、なだめてあげなさい〉,,,,,,,,,,,,,,,,,,
67,1,,あちだ,,[aCida],B,(名詞),37,,下駄。,,,(語源)沖縄方言ア シジャ /(0)'asizya/ に対応。,[asida>aCida],,,【例】あちだぬ ぶー ちっち,〈下駄の緒が切れた〉,,,,,,,,,,,,,,,,,,,,
68,1,,あちだぎ,,[aCidagi],,(名詞),38,,タナンドゥリ〈種取祭〉のお供え物に添える箸(はし)。植物の茎で作って供え使った。植物はナンゴクワセオバナか。ススキによく似ており、茎が固く、節間が長い。,,,,,,,【例】 た な ん ど ぅ り ぬ=ば す   だ ー ぬ   あ ま だ い ん き   ど ぅ し き かだい、くむてぃとぅ まどぅん まちる はちんきどぅ 「あちだぎ」 んでぃ んどぅ,〈種取祭のとき、家の雨だれを受ける樋にススキを飾り、供物と一緒に供える箸を「あちだぎ」という〉,,,,,,,,,,,,,,,,,,,,
69,1,,あちまるん,,[aCimar-],B,(動詞),38,,集まる。,,,(語源)日本語アツマル〈集まる〉に対応。,[atumar->acimar- >aCimar-],,,【例】 こ ー み ん か ん き   あ ち ま い=と ぅ ら し=わ り ,〈公民館に集まってください〉,,,,,,,,,,,,,,,,,,,,
70,1,,あちみるん,,[aCimir-],B,(動詞),38,,集める。,,,(語源) 日本語アツメル〈集める〉に対応。,[atume->acime(r)->aCimir-],,,【例】みゃーんき ‘とぅー あちみたん,〈広場に人を集めた〉,,,,,,,,,,,,,,,,,,,,
71,1,,あちらん,,[aCiras-],B,(動詞),38,,(1)温める。暖める。,,,,,,,【例】 か て ぃ む ぬ   あ ち ら し て ぃ   む て ぃ=こ ー ,〈おかずを温めて持ってきなさい〉,だー あちらし=うとぅぎよー,〈家を温め ておきなさいよ〉,,,,,,,,,,,,,,,,,,
71,2,,あちらん,,[aCiras-],B,(動詞),38,,にぎやかにする。,,,(語源)沖縄 方言アツィ ラシュ ン /(0)'acirasyuN/ に対応。,[aturas->aciras->aCiras-],,,【例】さんてぃ ‘てぃー ぶどぅい  きー だー あちらし,〈三線を弾き、踊り、座をにぎやかにした〉,,,,,,,,,,,,,,,,,,,,
72,1,,あっかい,,[aKai],A,(名詞),38,,仕打ち。扱い。ひどい扱い。,,,(語源)日本語アツカイ〈扱い〉に対応。,[atukai>acikai>asiKa i>aKai],,,【例】いびさるた うや ぶらぬたば うやぐん たに だな=あっかい きらり,〈幼い頃、親がいなかったので親戚にひどい仕打ちをされた〉,,,,,,,,,,,,,,,,,,,,
73,1,,あっく,,[aKu],,(名詞),38,,悪口(わるぐち)。人を悪く言うこと。,〔同〕ひぶち,,(語源)日本語アッコウ〈悪口〉 に対応。,,,,【例】‘とぅぬ あっく=ば がい んどぅんなよ,〈人の悪口ばかり言うなよ〉,,,,,,,,,,,,,,,,,,,,
74,1,,あっくん,,[aKa-],A,(動詞),39,,「あしくん」とも。(1)責める。説教する。,,,,,,,【例】ばらさ きゃーんか゚どぅ ‘たー あっかり,〈謝ったのにひどく責められた〉,,,,,,,,,,,,,,,,,,,,
74,2,例文なし,あっくん,,[aKa-],A,(動詞),39,,こき使う。,,,(語源)日本語アツカウ〈扱う〉に対応。,[atukaw->acika'->as(i)Ka->aKa-],,,,,,,,,,,,,,,,,,,,,,,,
75,1,,あった,1,[aTa],C,(名詞),39,,明日。「あた」とも。,,,(語源)日本語アシタ〈明日〉に対応。,[asita>as(i)Ta>aTa],,,【例】あったや んまんき ひるんか゚?,〈明日はどこにいくの?〉,,,,,,,,,,,,,,,,,,,,
76,1,,あった,2,[aTa],C,(副詞),39,,一瞬。,,,(語源)沖縄方言 アッ タ〈俄か〉に対応するか。,,,,【例】あった んなりたんか゚ んなにぬんすや。 んまんき ひゅるか や,〈一瞬見えたけどね。見えないね。どこに行ったんだろう〉,,,,,,,,,,,,,,,,,,,,
77,1,,あっつぁん,1,[aCaN],A,(形容詞),39,,厚い。,,,(語源)日 本語アツイ〈厚い〉に対応。,[atusaN>acisaN>aCihaN>aCaN],,,【例】ちらぬ かー あっつぁん,〈面の皮が厚い。(図々しい)〉,,,,,,,,,,,,,,,,,,,,
78,1,,あっつぁん,2,[aCaN],C,(形容詞),39,,(1)熱い。,,,,,,,【例】あらぐ あちむぬや うやんなよ,〈あまり熱いものは食べなさんなよ〉,,,,,,,,,,,,,,,,,,,,
78,2,,あっつぁん,2,[aCaN],C,(形容詞),39,,暑い。,,,(語源)日本語アツイ〈熱い・暑い〉に対応。,[atusaN>acisaN>aCihaN>aCaN],,,【例】ぬや くとぅちぬ なちや すーすどぅ あっつぁ んすや,〈何だ、今年の夏はなんて暑いんだ〉,あったん すーんに あっつぁ どぅ あるかや,〈明日も今日のように暑いんだろうか〉,,,,,,,,,,,,,,,,,,
79,1,,あてぃ,1,[aTi],C,(名詞),39,,姉。弟から言う言葉。,,,,,,,【例】あてぃんか゚どぅ あぬ かーばい すい=だてぃ=とぅらたんでぃ んどぅんさい,〈姉が私をよくお守りしてくれたそうだ〉,ばやぬ あてぃんたや あぬ あたら-きー=とぅらたん,〈うちのお姉さ んたちは私を大事にしてくれた〉,,,,,,,,,,,,,,,,,,
80,1,,あてぃ,2,[aTi], ,(名詞),39,,頼り。当て。,,,,,,,【例】あたぬ しかまや んだどぅ あてぃに きー=ぶんす  なんぎ きー=とぅらいよ,〈明日の仕事はあなたを頼りにしているよ、よろしくお願いします〉,,,,,,,,,,,,,,,,,,,,
81,1,,あでぃ,1,[adi],A,(名詞),40,,味。,,,(語源)日本語アジ〈味〉に対応。,[azi>adi],,,【例】くとぅちぬ まいや あでぃ まーんすや,〈今年のお米は味がいいね〉,ちるぬ あでぃ んに=とぅらし=わいに,〈お汁の味をみてください〉,,,,,,,,,,,,,,,,,,
82,1,,あでぃ,2,[adi], ,(名詞),40,,按司。大名。位階の名。,,,(語源)沖縄 方言アジ /(0)'azi/ に対応。,,,,【例】かぬ はがや どぅなんばらあでぃぬ はがん でぃ んだり=ぶる,〈あの墓は与那原按司の墓といわれている〉,,,,,,,,,,,,,,,,,,,,
83,1,,あてぃ　なるん,,[aTi+nar-],,(連語),40,,信じられる。当てにしてよい。,,,,,,,【例】かりや あてぃ なるんど,〈彼は当てにしていいよ〉,,,,,,,,,,,,,,,,,,,,
84,1,,あてぃｎか゚にぬん,,[aTiŋaninu-],,(動詞),40,,(否定形のみ)便りや連絡がない。,,,,,,,【例】 と ぅ ん か゚   む ぬ   た ぬ み ゃ   な る んでぃん ならぬんでぃん あてぃんか゚にぬんすや,〈人が物事を頼んだのに、できるともできないとも音沙汰がないとは〉,,,,,,,,,,,,,,,,,,,,
85,1,,あでぃ-きるん,,[adikir-],A,(動詞),40,,味見する〈味する〉の意。,,,,,,,【例】しむぬ あでぃ-きー=んにんに,〈吸い物の味見をしてみて〉,,,,,,,,,,,,,,,,,,,,
86,1,,あてぃに　きるん,,[aTini+kir-],,(連語),40,,当てにする。頼りにする。,,,,,,,【例】あたぬ しかまや んだどぅ あてぃに きー=ぶんす,〈明日の仕事はあなたを頼りにしているよ〉,,,,,,,,,,,,,,,,,,,,
87,1,,あてぃぬいゆ,,[aTinu'iyu],,(名詞),40,〔魚〕,カジキ。特にクロカワカジキを指す。〈秋の魚〉の意。,,,,,,,【例】どぅなんぬ  かじきや あてぃぬいゆんか゚どぅ いってぃん うぶさる,〈与那国のカジキはクロカワカジキが一番多い〉,,,,,,,,,,,,,,,,,,,,
88,1,,あでぃは,,[adiha],C,(名詞),40,,八重歯(やえば)。重なるように生えている歯。,,,,,,,【例】うぬ あがみてぃぬ あ でぃは んだらんか゚え-,〈この子の八重歯がかわいいね〉,,,,,,,,,,,,,,,,,,,,
89,1,,あでぃばらい,,[adibarai],,(名詞),40,,あざ笑い。,,,(語源)アザワライに対応するか。,,,,【例】あんか゚ うんにぬ=くとぅ きんか゚しや ‘とぅに あでぃばらい きらりどぅ きる,〈俺がそんなことをしたら、人にあざ笑いされるよ〉,,,,,,,,,,,,,,,,,,,,
90,1,,あでぃぶに,,[adibuni],,(名詞),41,,魚のえら。〈鰓骨〉の意。,,,(語源)アギボネ〈顎骨〉に対応。,[agibone>azi bone>adibuni],,,【例】 い ゆ ぬ   あ で ぃ ぶ に や   と ぅ い=‘ か っ て ぃ り,〈魚のえらは取って捨てなさい〉,,,,,,,,,,,,,,,,,,,,
91,1,,あでぃま,,[adima],,(名詞),41,,石臼の下に十字に置く台。,,,(語源)沖縄 方言アジマー /(0)'azimaa/〈交差したもの〉に対応するか。,,,,【例】うぎんき あでぃま かぎ、いちうち ん とぅしてぃどぅ まみ ちー とぅぶ ‘くい=ぶたる,〈桶に木を十字に交差させた桁を架け、石臼を据えて、豆をすって豆腐を作っていた〉,,,,,,,,,,,,,,,,,,,,
92,1,,あてぃるん,,[aTir-],A,(動詞),41,,当てる。比べる。,,,(語源)日本語アテルに対応。,[ate->ate(r)->aTir-],,,【例】んだむぬとぅ あんか゚むぬとぅ あてぃるば たーむ ぬんか゚ まちゃんが?,〈あなたのものと私のものと比べると、どちらのものが勝っているか?〉,,,,,,,,,,,,,,,,,,,,
93,1,,あでぃるん,,[adir-],B,(動詞),41,,交差する。,,,(語源)沖 縄方言アジユン /(0)'aziyuN/ に対応。,,,,【例】いとぅんか゚ あでぃどぅ=ぶる,〈糸が交差している〉,,,,,,,,,,,,,,,,,,,,
94,1,,あとぅ,,[aTu],C,(名詞),41,,後。,,,(語源)日本語アト〈後〉 に対応。,[ato>aTo>aTu],(関連用語)あとぅむどぅい〈後戻り〉/あとぅ-とぅ ん〈後妻〉/あとぅ きる ‘とぅー〈後継者。跡を継ぐ人〉,,【例】んだや あとぅがら くー,〈君は後から来い〉,あとぅ ない,〈後 にしなさい〉,あとぅさてぃ みぬんき ‘たー むぬんなよ,〈後先なくずっ と話をするなよ。(おしゃべりばかりする人に対して)〉,,,,,,,,,,,,,,,,
95,1,,あとぅ　きるん,,[aTu+kir-],C+A,(連語),41,,後を継ぐ。〈後をする〉の意。,〔同〕あとぅちんく゚ん,,,,,,【例】かりんきどぅ うぬ  だーぬ あとぅ きみるんでぃ かんがい=ぶる,〈彼にこの家の後継ぎをさせようと考えている〉,うらさたぬ あとぅ きる ‘とぅど,〈浦崎家の後を継ぐ人だよ〉,,,,,,,,,,,,,,,,,,
96,1,,あとぅうむい,,[aTu'umui],,(名詞),42,,後悔。〈後思い〉の意。,,,,,,,【例】 い ら ぬ ん き   あ と ぅ う む い=き る ん す か や   い してぃどぅ きー まち,〈やらずに後悔するより、やって後悔する方がよい。その方が納得できる〉,,,,,,,,,,,,,,,,,,,,
97,1,,あどぅにるん,,[adunir-],B,(名詞),42,,踏んづける。,,,,,,,【例】んでゃん んでゃん んどぅむぬ ‘かぬんすや んだに ぬむぬ あどぅにるんど,〈言っても言ってもいうことを聞かないね。お前のような奴は踏んづけるぞ〉,,,,,,,,,,,,,,,,,,,,
98,1,,あどぅびら,,[adubira],B,(名詞),42,,踵(かかと)。きびす。足の裏の足首の下にあたる部分。,,,(語源)沖縄 方言アドゥ /(0)'adu/ に対応。,,,,【例】あどぅびらぬ  かーんか゚どぅ はんき゚=みぬんすや,〈踵の皮がはげてしまったよ〉,,,,,,,,,,,,,,,,,,,,
99,1,,あなんぷ,,[anaNPu],B,(名詞),42,,穴(あな)。,〔同〕ひっか,,,,,,【例】あみてぃ あなんぷ ふぎどぅ=ぶる,〈道に穴が開いている〉,あなんぷんき うってぃ。 あなんぷ みっく=きり,〈穴に落 ちた。穴に注意しなさい〉,,,,,,,,,,,,,,,,,,
100,1,,あになぐ,,[aninagu],,(名詞),42,,ぐうたら者。しっかりしていない者。,,,,,,,【例】はがらぬ むぬい きらぬ あに なぐ こー,〈しっかりしたことを言わないで、でたらめなことを言う奴め〉,,,,,,,,,,,,,,,,,,,,
101,1,,あぬ,,[anu],C,(代名詞),42,,一人称単数の代名詞。私。僕。俺。,,,,,,,【例】 あ ぬ や   は た ぎ し か ま   き て ぃ=す る,〈私は畑仕事をしてきた〉,,,,,,,,,,,,,,,,,,,,
102,1,,あばてぃ-かばてぃ,,[abaTikabaTi], ,(名詞),42,,慌てふためく。,,,,,,,【例】 な い な い ん で ぃ   あ ば て ぃ-か ば て ぃ ,〈今すぐと慌てふためく〉,,,,,,,,,,,,,,,,,,,,
103,1,,あばてぃるん,,[abaTir-],A,(動詞),42,,「あがてぃるん」とも。急ぐ。,,,(語源)日本語アワテル〈慌てる〉に対応。,[awate->abaTer- >abaTir-],,,【例】 ま い-か い ん で ぃ   ひ る ん で ぃ   う ぐ りんだぎ あいび あばてぃ=ぶる,〈稲刈りに行くのに遅れそうなので、慌てている〉,がっくんき うぐりんだぎ あいび あばてぃ=ぶんか゚ むっ とぅん まい ぬび きらぬん,〈学校に遅れそうなので慌てているけど、全 然前に進まない〉,,,,,,,,,,,,,,,,,,
104,1,,あばなぐん,,[abanag-],A,(動詞),43,,仰向(あおむ)く。仰向けになる。,,,(語源)日本語アオノク〈仰 向く〉に対応。,[*awanak->abanag-],,,【例】 あ ば な て ぃ=ん に ん に 。 て ぃ ん か゚   んなりるんそ,〈仰向いてごらん。空が見られるよ〉,,,,,,,,,,,,,,,,,,,,
105,1,,あはり,,[ahari],C,(名詞),43,,苦労。難儀。,,,(語源)日本語アワレ〈哀れ〉に対応。,[*apare>ahare>ahari],,,【例】あはり きどぅ ‘かない ふどぅらし=すんす うむ-く とぅ あいまり くーよ,〈苦労して大きく育ててきたんだよ。賢くなりなさいよ〉,,,,,,,,,,,,,,,,,,,,
106,1,,あはり=くんきゃ,,[ahari+kuNKya], C+X,(名詞),43,,苦労の数々。,,,,,,,【例】あはり=くんきゃ。 くんにぬ くとぅや,〈苦労の数々。こんなことってあるかしら〉,,,,,,,,,,,,,,,,,,,,
107,1,,あばん,,[abaN],,(形容詞),43,,(味が)薄い。塩気が少ない。,,,(語源)日本語アワイ〈淡い〉に対応。,[awasaN>abahaN>abaN],,,【例】くぬ ちるや あばんすや,〈この汁は塩味が薄いね〉,,,,,,,,,,,,,,,,,,,,
108,1,,あびゃん,,[abyaN],C,(形容詞),43,,きれいだ。あでやかだ。うるわしい。,,,(語源)日本語アワレ〈哀れ〉 に対応。,[awaresaN>abarehaN>abaryaN>abyaN],,,【例】うぬ あがみてぃ まりあびゃん すや,〈この子の美しく生まれついていることよ〉,,,,,,,,,,,,,,,,,,,,
109,1,,あびるん,,[abir-],B,(動詞),43,,(1)相手に向かって声をあげて名前などを言う。,,,,,,,【例】かり あびゃんか゚ くぬ んすや。 ふーてぃんきぬ くいし あびり,〈彼を呼んだが来ないね。大きな声で呼びなさい〉,んだしや はなし ならぬりゃ かちょー あび くー,〈あなたとは話にならない、課長を呼んできなさい〉,,,,,,,,,,,,,,,,,,
109,2,,あびるん,,[abir-],B,(動詞),43,,声をあげてこちらに来させる。,,,(語源)西日本方言アベル〈呼ぶ〉に対応。,[abe->abe(r)->abir-],,,【例】あびるば あとぅがら こー,〈呼ぶから後から来なさい〉,,,,,,,,,,,,,,,,,,,,
110,1,,あぶ,,[abu],C,(名詞),44,,祖母。おばあさん。古くは「あぼー」と言ったか。,,,,,,,【例】あぶや あらみでぃ ぬ にんか゚い きー=わる,〈おばあさんは新水の日の祈願をなさっています〉,,,,,,,,,,,,,,,,,,,,
111,1,,あぶた,,[abuTa],C,(名詞),44,,母。お母さん。「あぶた」は〈伯母・叔母〉の意味の複合語にも用いられる。,〔同〕みぬんか゚ぬうや,,,,,,【例】あぶたんか゚ ふー むぬ ‘くい=ぶる,〈お母さんが食べるものを作っている〉,あんか゚ あぶたや うんてぃ きしんでぃ はた ぎんきん わい=ぶたんか゚ ぬぬ ういっとぅどぅ あたる,〈私の母は芋を 掘りに畑に行くこともあったが、機織りが主な仕事だったね〉,あぶたんか゚  あがみんき まー でぃん あんきどぅ=ある=はでぃや,〈お母さんが子供 にもうお金を預けてあるだろうね〉,,,,,,,,,,,,,,,,
112,1,,あぶち,,[abuCi],C,(名詞),44,,畦(あぜ)。畦道(あぜみち)。,〔同〕たぬすい,,(語源)九州方言アブシに対応。,[abusi>abuCi],,,【例】いやや あぶちぬ つぁー  はらいんでぃどぅ わる,〈お父さんは畦の草を刈りに行っていらっしゃる〉,あぶち つぁー はらい とぅり あぶち くりるんど,〈畦の草を刈り取 りなさい。畦が崩れるよ〉,,,,,,,,,,,,,,,,,,
113,1,,あまだ,,[amada],A,(名詞),44,〔植物〕,サトウキビ。黒糖の原料になる。,,,(語源)アマズラに対応。,[amadura>ama Nda>amada],,,【例】あまだ ちてぃ あがみんき はみり,〈サトウキビを切って子供に食べさせなさい〉,んかち あがみてぃ んたや するあまだ すくあまだ うんから はたぎぬ あまだ あいてぃ  かーばい あまだ かみ=ぶたんか゚,〈昔の子供たちはお盆のお供えのサトウ キビ、焼香のお供えのサトウキビ、それから畑のサトウキビがあって、よく サトウキビをかじっていたものだが〉,,,,,,,,,,,,,,,,,,
114,1,,あまてぃ,,[amaTi],,(副詞),44,,少し。ちょっと。,,,,,,,【例】あまてぃ んなぬたし うんに ふどぅんすや,〈少し見ない間にこんなに大きくなったんだね〉,,,,,,,,,,,,,,,,,,,,
115,1,,あまみ,,[amami],,(動名詞),44,,饐(す)えること。腐って酸っぱくなること。,,,,,,,【例】くぬ ちる あまみどぅ =ぶるど,〈この汁、酸っぱくなっているよ〉,,,,,,,,,,,,,,,,,,,,
116,1,,あまらし,1,[amarasi], ,(名詞),45,,サービス。おまけ。,,,,,,,【例】あまらし あんがらよ,〈余分につけてあるからね〉,あまらし とぅらぬかや?,〈サー ビスしてくれないかな?〉,あまらし  とぅらいば はい,〈サー ビスしてくれ〉〔補〕「はい」は同年代と年下に対して使う。年上には使わない。,,,,,,,,,,,,,,,,
117,1,,あまらし,2,[amaras-], ,(動名詞),45,,土づくりをすること。田や畑を幾度も鋤き返して良い土にすること。,,,,,,,【例】はたぎ あまらし=うとぅぎ,〈畑を鋤き返してふかふかに(良い状態に)しておきなさい〉(関連用語)でぃあぎらし,〈(畑の)天地替えをすること〉,,,,,,,,,,,,,,,,,,,
118,1,,あまらん,,[amaraN],,(名詞),45,,サービス。おまけ。,,,,,,,【例】うや あまらんど,〈これはサービスだよ〉,,,,,,,,,,,,,,,,,,,,
119,1,,あまりるん,,[amarir-],,(動詞),45,,酒が熟成する。まろやかになる。,,,,,,,【例】 は が に   は い=ぶ た る   さ ぎ や   あ ま り=ぶる はでぃどー,〈お墓に入っていたお酒は熟成しまろやかだろうね〉,くぬ さぎや あまり まーんすや,〈この酒は熟成しておいしいね〉(関連用語)んす あまらし,〈味噌を熟成させること〉,,,,,,,,,,,,,,,,,
120,1,,あまるん,,[amar-],B,(動詞),45,,余る。残る。,,,,,,,【例】てんぷら はでぃてぃ までぃ あまいどぅ=ぶる,〈天ぷらを配ったがまだ余っている〉,むいうんてぃ ‘とぅぐ あまいどぅ=ぶ る,〈芋のホーガン(砲丸)一個余っている〉,あがみんたんき くゎち はでぃ てぃ までぃ あまい=ぶん,〈子供たちにお菓子を配ったがまだ余っている〉 ,うむい あまいてぃ すだん きー,〈思い悩んで相談した〉,,,,,,,,,,,,,,
121,1,,あまん,,[amaN],A,(形容詞),45,,(1)甘い。砂糖や蜜のような味である。,,,,,,,【例】うぬ ぜんざいや あらーぐ あ まん,〈このぜんざいはとても甘い〉,,,,,,,,,,,,,,,,,,,,
121,2,,あまん,,[amaN],A,(形容詞),45,,塩気が少ない。辛くない。,,,,,,,【例】あま どぅ あるど。 あでぃ きり,〈塩けが少ないよ。味を付けなさい〉,,,,,,,,,,,,,,,,,,,,
121,3,例文なし,あまん,,[amaN],A,(形容詞),45,,口あたりが穏やかで刺激が少ない。,,,(語源)日本語アマイ〈甘い〉に対応。,[amasaN >amaN],(関連用語)あまんくりつぁい〈とても甘いこと〉/あまんくりつぁいどぅ=ぶる〈とても甘過ぎる〉,,,,,,,,,,,,,,,,,,,,,,,
122,1,,あまんぶ,,[amaNbu],,(名詞),46,〔動物〕,ヤドカリ。,,,(語源)沖縄方言アマン / (0)'amaN/ に対応。,,,,【例】あまんぶや いゆ ぱー むんだにんでぃ とぅい=ぶたん,〈ヤドカリは魚を釣る餌として捕っていた〉,,,,,,,,,,,,,,,,,,,,
123,1,,あみ,1,[ami],B,(名詞),46,,雨。,,,(語源)日本語アメ〈雨〉に対応。,[ame>ami],,,【例】あみ ふゎん,〈雨が降った〉,あみ うてぃるんど。 んなに ちでぃ みり,〈雨が降ってきたよ。着物を片付けなさい〉, ‘とぅむてぃがら あみ  ふい=ぶんすや,〈朝から雨が降っているよ〉,あみ あんか゚ん(あみ だみす ん、あみ だみゃん,〈)雨が止んだ〉,,,,,,,,,,,,,,
124,1,例文なし,あみ,2,[ami], ,(名詞),46,,(1)伯母。(2)最年長のおば。,,,,,,,,,,,,,,,,,,,,,,,,,,,,
125,1,,あみ-かでぃ,,[amikadi], ,(名詞),46,,台風。嵐。,,,,,,,【例】あみ-かでぃんか゚ ありどぅ=ぶる,〈風雨が荒れている〉,,,,,,,,,,,,,,,,,,,,
126,1,,あみてぃ,,[amiTi],B,(名詞),46,,道。,,,,,,,【例】あみ ふいてぃ あみてぃ なびるんたぐ ない=ぶんそ だら な あいぎよ,〈雨が降って道が滑りやすくなっているよゆっくり歩きなさいよ〉,だんぬみ あみてぃがら あいぐんな,〈暗い道を歩くな〉(関連用語) いちくだらあみてぃ,〈砂利道〉,,,,,,,,,,,,,,,,,
127,1,,あみぬみゃ,,[aminumya],B,(名詞),46,,虹。「あみぬまゆ」とも。,,,,,,,【例】 す ー=‘ と ぅ む て ぃ   あ み ぬ み ゃ   と ぅ ん で ぃ=ぶたん,〈今朝、虹が出ていた〉,,,,,,,,,,,,,,,,,,,,
128,1,,あみるん,,[amir-],,(動詞),46,,(水を)浴びる。,,,(語源)日本語アビル〈浴びる〉に対応。,,,,【例】どぅふる あみるん,〈お風呂に入る〉,みん あみてぃ= こー,〈水を浴びてきなさい〉,,,,,,,,,,,,,,,,,,
129,1,,あや,1,[aya],B,(名詞),46,,(1)綾。模様。,〔同〕がら,,,,,,【例】んだ んなにぬ あやや あびゃんすやー,〈あなたの着物の模様はきれいだね〉,,,,,,,,,,,,,,,,,,,,
129,2,,あや,1,[aya],B,(名詞),46,,絵。,,,(語源)日本語アヤ〈綾〉に対応。,,,,【例】んだ あや かてぃ どぅー でぃどぅ あんすや,〈あなた、絵を描くのが上手だね〉,,,,,,,,,,,,,,,,,,,,
130,1,,あや,2,[aya],C,(名詞),47,〔虫〕,アリ。,〔同〕あやてぃ,,(語源)日本語アリ〈蟻〉に対応。,[ari- a>aryaa>aya],,,【例】 さ た ん き   あ や ん か゚   は い つ ぁ り ,〈砂糖にアリが群らがっているよ〉,あやてぃんにどぅ ぶんすやー,〈アリのよ うにとても小さいね(小さな人だね)〉,,,,,,,,,,,,,,,,,,
131,1,,あやｎか゚らん,,[ayaŋaras-],,(動詞),47,,あやからせる。徳をお裾分けする。,,,(語源)日本語アヤカル〈肖る〉に対応。,[ayakar->ayagar->ayaŋar-],,,【例】ぬてぃなー あやんか゚らし=たばらみ=とぅらし=わりよ,〈長命にあやからせてください〉,,,,,,,,,,,,,,,,,,,,
132,1,,あやｎか゚るん,,[ayaŋar-],,(動詞),47,,よじ登る。,,,(語源)沖縄方言アグユン /(0)'aguyuN/ に対応するか。 あやひー (感動詞)や れ や れ 。「 あ や へ ー い 」 と も 。【例】 だ ー ぬ   く び   ぬ し=ぶ ん か゚   あ や ひ んでぃ うまにぬたんすや〈家の壁を直しているが、どうもうまくいかない なぁ-〉,[ayahi],,,【例】きーぬ ういんき あやんか゚い ぬり,〈木の上によじ登れ〉,,,,,,,,,,,,,,,,,,,,
133,1,,あやぶたしゅ,,[ayahuTasyu],,(感動詞),47,,びっくりした。驚いた。仰天した。危険な目から逃れてほっとしたときなどに発する。,,,,,,,【例】あやぶたしゅー。 うんに なるんでぃや うまぬたん,〈大変だ!こうなるとは思わなかった〉,あやぶたしゅ だんぬみがら どぅん みんか゚し ぶどぅんつぁい とぅでぃ ‘とぅー うどぅるがんすや こー!,〈びっくりした! 暗闇から突然飛び出して人を驚かすとは。こいつめ!〉,,,,,,,,,,,,,,,,,,
134,1,,あやへーい,,[ayahei],,(感動詞),47,,「あやひー」とも。(1)ほっとした。心を許した。ちょっと一息をつく様子を表わす。,,,,,,,【例】あやへーい、たんでぃ。 あやひー たんでぃ,〈ホッとした〉,,,,,,,,,,,,,,,,,,,,
134,2,,あやへーい,,[ayahei],,(感動詞),47,,やれやれ。,,,,,,,【例】いし またいるんでぃな? あやへーい,〈そう。また同じことをするの?やれやれ〉,,,,,,,,,,,,,,,,,,,,
135,1,,あやみ=はびる,,[ayami+habiru], C+C,(名詞),47,〔虫〕,ヨナグニサン(与那国蚕)。「あやはびる」とも。世界最大級の蛾(ガ)。(戦前のこと),,,,,,,【例】あやみ=はびるぬ だい、はでぃみや とぅがらし いっしんどぅ あたんか゚、うんから ‘とぅがらし いっしんぐりん、うぬ あとぅや よん しん きんでぃ たー あんか゚い,〈ヨナグニサンの値段は当初は十匹で一銭だったが、それから一匹が一銭、一銭五厘となり、そのあとは四銭とずーっと上がった〉,,,,,,,,,,,,,,,,,,,,
136,1,,あやん,1,[ayas-],A,(動詞),48,,(膿を)出す。潰す。,,,(語源)日本語アヤス〈零す〉に対応。,,,,【例】にぶとぅ あやし,〈おできを潰す〉,,,,,,,,,,,,,,,,,,,,
137,1,,あやん,2,[ayas-], ,(動詞),48,,(頭を)ぶつける。,,,(語源)宮古方言アヤグ /ayagu/ に対応。,[ayago>aya 'o>ayoo>ayu],,,【例】みんぶる あやし=みぬんすや,〈頭をぶつけてしまった〉あゆ[ayu](名詞)歌謡の一種。アユ。宮古島のアヤグに対応する。,【例】たなどぅりにや いに がたにあゆんでぃんどぅ うた きー=ぶたん,〈種取祭では、イニガタニア ユという歌を歌っていた〉,,,,,,,,,,,,,,,,,,
138,1,,あらーぐ,,[aragu],A,(副詞),48,,(1)とても。大変。非常に。,,,,,,,【例】あらーぐ ふがらさ,〈本当にありがとう〉,あ らーぐ どぅっとぅ,〈大変立派です〉,くや あらーぐ なまさん、んどぅ= むぬ ‘かぬんき ぶるんでゃ,〈これは非常に生意気で、人の話を聞かな いね〉,かぬ あぶや あがみんたんか゚ ちなさるたや あらーぐ なんぎ  きーどぅ わい=するんでゃ,〈あのおばあさんは子供たちが幼かった頃は、 随分と難儀をされてきたのよ〉,,,,,,,,,,,,,,
138,2,,あらーぐ,,[aragu],A,(副詞),48,,あまり。あんまり。名詞的にも。,,,,,,,【例】あ らーぐ みんく゚らしんか゚しや みー みんく゚るんど,〈あんまり回すと、目が回るよ〉,うぬ んでぃ-かたや あらーぐ どー,〈この言い方はあんまりだ よ(ひどいよ)〉,,,,,,,,,,,,,,,,,,
139,1,例文なし,あるん,,[ara-],A,(動詞),48,,洗う。,,,(語源)日本語アラウ〈洗う〉に対応。,[araw->ara'->ara-],,,,,,,,,,,,,,,,,,,,,,,,
141,1,,あん,1,[aN],B,(名詞),49,,魚を捕る網。,,,(語源)日本語アミ〈網〉に対応。 ,[ami>aN],,,【例】みっとぅに あん はいてぃ いゆ とぅい=ぶたん,〈池に網を張って魚を捕っていた〉,んかちや ぐるくんや あんしどぅ か ぎ=ぶたる,〈昔はグルクンは網で掛けていた〉,,,,,,,,,,,,,,,,,,
142,2,,あん,2,[ar-],C,(動詞),49,,行われる。,,,,,,,【例】あった さってぃ くぶらまちり あんど。 うぬあったや うらまちり あんど,〈近いうちにクブラマチリがあるよ。その翌日はウラマチリだよ〉,,,,,,,,,,,,,,,,,,,,
142,3,,あん,2,[ar-],C,(動詞),49,,所有する。,,,(語源)日 本語アル〈在る〉に対応。,,,,【例】かりや でぃん まーしく あん,〈彼はお金がたくさんある〉,,,,,,,,,,,,,,,,,,,,
143,1,,あん,3,[as-],B,(動詞),50,,合わせる。,,,(語源)日本語アワス〈合わす〉に対応。,[awas->a'as->as-],,,【例】ハー リーぬ サバニ くでぃんだぎ てぃー あいよ,〈ハーリーの舟を漕ぐので、手を合わせなさいよ〉,,,,,,,,,,,,,,,,,,,,
144,1,,あんかるん,,[aNKar-],B,(動詞),50,,預かる。,,,(語源)日本語アズカルに対応。,[azukar->aNKar-],,,【例】とぅない あがみ あんかるん,〈隣の子供を預かる〉,,,,,,,,,,,,,,,,,,,,
145,1,,あんきるん,,[aNKir-],B,(動詞),50,,(~を)預ける。,,,(語源)日本語アズケ ル〈預ける〉に対応。,[azuke->azike(r)->aNKer->aNKir-],,,【例】にー あんきるん,〈荷物を預ける〉,,,,,,,,,,,,,,,,,,,,
146,1,,あんぐん,,[aNg-],,(動詞),50,,炙(あぶ)る。「あんどぅん」とも。,,,(語源)日本語アブル〈炙 る〉に対応。,[abur->aNd-...>aNg-],,,【例】はがんき いてぃてぃ かび あん でぃ=くー,〈墓に行って紙(紙銭)を炙ってきなさい〉,,,,,,,,,,,,,,,,,,,,
147,1,,あんしゃみ,,[aNsyami],,(名詞),50,〔虫〕,コガネムシの一種。和名ヨナグニアオドウガネ。エサキアオドウガネ。,,,,,,,【例】どぅる ないんか゚しや あがいぬ みんき あんしゃみ あちまい ならぬん,〈夜になると明かりにアオドウガネが集まってきて大変だ〉,,,,,,,,,,,,,,,,,,,,
148,1,,あんだ,,[aNda],B,(名詞),50,,油。,,,(語源)日本語アブラ〈油〉に対応。,[abura>aNda],,,【例】あんだ なび きり。 てんぷら だてぃんだぎ,〈油鍋を置きなさい。天ぷらを揚げよう〉,からんぬ あんだ びんしき かい=こー,〈髪の油、 びんつけ油を買って来なさい〉,,,,,,,,,,,,,,,,,,
149,1,,あんでぃるん,,[aNdir-],,(動詞),51,,【完了形「あんどぅん」】溢(あふ)れる。,,,(語源)日本語アブレル〈溢れる〉に対応。,[abure->aNde(r)- >aNdir-],,,【例】みん あんでぃ=ぶんでゃー,〈水が溢れているよ〉,,,,,,,,,,,,,,,,,,,,
150,1,,あんどぅん,,[aNd-],,(動詞),51,,炙(あぶ)る。「あんく゚ん」とも。,,,(語源)日本語アブル〈炙る〉 に対応。,[abur->aNd-],,,【例】はがんき いてぃてぃ かび あんでぃ=くー,〈墓に行って紙(紙銭)を炙ってきなさい〉,,,,,,,,,,,,,,,,,,,,
151,1,,あんない,,[aNnai],,(名詞),51,,取引。商売。商談。,,,(語源)日本語アキナイ〈商い〉に対応。,[akinai>acinai>aN nai],,,【例】うちぬ あがみ あんない きるんでぃどぅ ありゃ  農協んき まどぅん ひー=とぅらしんにー,〈子牛を取引するので農協へ一緒に行ってくれ〉,,,,,,,,,,,,,,,,,,,,
152,1,,あんぶく,,[aNbuKu],,(名詞),51,,泡(あわ)。あぶく。,,,,,,,【例】あんぶぐ はぐた しかま きたんてぃん まいぬ び きらぬ ,〈泡を吐くまで働いても仕事が前に進まない〉,あんぶぐ は ぐた むぬいつんすや,〈泡を吐くまでおしゃべりできるね〉,,,,,,,,,,,,,,,,,,
153,1,,あんぶん,,[aNb-],A,(動詞),51,,(1)遊ぶ。好きな事をして楽しむ。,,,,,,,【例】どぅちとぅ こーえんみゃーに あん ぶん,〈友達と公園の広場で遊ぶ〉,,,,,,,,,,,,,,,,,,,,
153,2,,あんぶん,,[aNb-],A,(動詞),51,,何もしないでいる。仕事をせず何もしないでいる。,,,(語源)日本語アソブに対応。,[*asub->aNb-],,,【例】 て ぃ ー   あ ん び ど ぅ=ぶ る ,〈手が遊んでいる(何もしないでいる)〉,きがい あんびどぅ=ぶる,〈機械が遊んでいる(機械が使われて いない)〉,,,,,,,,,,,,,,,,,,
154,1,,あんまい,,[aNmai],,(名詞),51,,(1)甘えること。,,,,,,,【例】うや あんまい きんな,〈親に甘えてはいけない〉,,,,,,,,,,,,,,,,,,,,
154,2,,あんまい,,[aNmai],,(名詞),51,,じゃれること。,,,(語源)日本語アマエ〈甘え〉に対応。,[amae>amai>aNmai],,,【例】いぬぬ あがみてぃんか゚ あんまい きー,〈子犬がじゃれてきた〉,,,,,,,,,,,,,,,,,,,,
155,1,,あんまさん,,[aNmasaN],,(形容詞),51,,気分がすぐれない。面倒だ。,,,(語源)沖縄方言アンマシャ ン /(0)'aNmasyaN/ に対応。,,,,【例】 す て ぃ   き ゃ ら き ゃ ら=き ー   あ ん ま さ どぅ ある,〈咳がコンコン出て気分がすぐれない〉,,,,,,,,,,,,,,,,,,,,
156,1,,いー,1,[i],B,(名詞),52,,ご飯。飯(めし)。,,,(語源)日本語イイ〈飯〉に対応。,,,,【例】いー まがし はい,〈ご飯を炊いて食べなさい〉,いー、 はいんだぎよ,〈ご飯、食べようね〉,,,,,,,,,,,,,,,,,,
157,1,,いー,2,[i],C,(連体詞),52,,良い。,,,(語源)日本語イイ〈良い〉に対応。,,,,【例】いーむぬ むってぃ=ぶんすや んしみ とぅらしんに,〈良いものをお持ちですね。見せてください〉,,,,,,,,,,,,,,,,,,,,
158,1,,いぐん,,[iguN],,(名詞),52,,銛(もり)。,,,,,,,【例】んだい きんでぃ ひるんがら いぐん いらみんに,〈いざり(夜の漁)しに行くので銛を貸してください〉いーち=なるたん[iCi+naruTaN]A+B(副詞)いつまでも。ずっと。長い間,〈遅くまで〉という気持ちで用いる。,【例】んだや  いーち=なるたん ちー あるにぬ しかま きるんすや,〈お前はいつまで も日があるかのような仕事ぶりだ〉,,,,,,,,,,,,,,,,,
159,1,,いーちん,,[iCiN],A,(副詞),52,,ずっと。いつまでも。「いち〈」何時〉に助詞「~ん」〈も〉が付いた形。,,,(語源)日本語イツモ〈何時も〉に対応。,[itumo>icimo>iCiN],,,【例】いー ちん ちー あんでぃ うむんなよ,〈長い期間、今日の日があると思うなよ〉,,,,,,,,,,,,,,,,,,,,
160,1,,いーっ,,[i],,(感動詞),52,,危険な時に発する言葉。,,,,,,,【例】いーっ。 うぬ あがみてぃ こー はんたぬ みがら かぎらい きるんすやー。うどぅぶさんどー,〈あーっ、この子は崖っぷちを走ったりして。あぶないよ〉,,,,,,,,,,,,,,,,,,,,
161,1,,いか,,[iKa],A,(名詞),52,〔動物〕,イカ。「いた」とも。,,,(語源)日本語イカに対応。,,,,【例】にちんだんぬ いんぬふーにや いかんた  たぐんた まーしく ぶいてぃ、ぐまたてぃぬ いかてぃんた たぐてぃん たや ひんぎるんす にんさるゆんがら いかぎしまーしく とぅらりたん,〈北帆安の「いんぬふー」という干瀬にはイカやタコがいっぱいいた。子供イカや子ダコは逃げ足が遅いので、タコを引っかけて捕る「いかぎ」という器具で(面白いほど)たくさん捕ったもんだよ〉,,,,,,,,,,,,,,,,,,,,
162,1,,いきるん,,[iKir-],,(動詞),53,,(花を)活ける。,,,,,,,【例】 ど ぅ ん か゚ や に や   ど ぅ し き と ぅ   ち る び   く ろ と ん ぬ   はなんた いきるん,〈十五夜にはススキとマサキ、クロトンの花等を活けている〉,,,,,,,,,,,,,,,,,,,,
163,1,,いぐが,,[iguga],,(疑問詞),53,,何日。幾日。,,,(語源)日本語イクカ〈幾日〉に対応。,,,,【例】すーや なんがち いぐがや?,〈今日は何月何日ですか?〉,,,,,,,,,,,,,,,,,,,,
164,1,,いぐち,,[iguCi],A,(疑問詞),53,,幾つ。何歳。,,,(語源)日本語イクツ〈幾つ〉に対応。,[ikutu>iguci>iguCi],,,【例】んだや いぐち ない=わるんが?,〈あなたはお幾つにおなりですか?〉,,,,,,,,,,,,,,,,,,,,
165,1,,いくつぁ,,[iKuCa],B,(名詞),53,,戦(いくさ)。戦争。,,,(語源)日本語イクサ〈戦〉に対応。,[ikusa>iK(u) Ca>iKuCa],,,【例】 い く つ ぁ ぬ=ば す   は る や ん き   ひ な ん   き て ぃ   だぎ かがい でゃーでぃどぅ あたる,〈戦争のとき、畑小屋に避難してマラリアにかかり大変だったよ〉,,,,,,,,,,,,,,,,,,,,
166,1,,いぐむるち,,[igumuruCi],,(副詞),53,,幾度、何回。,,,,,,,【例】いぐむるちん はなし=きー ‘たみたや あとぅがらや   ばがい=くー=はでぃ,〈何度も話をして教えたら後から分かってくるだろう〉,,,,,,,,,,,,,,,,,,,,
167,1,,いぐらてぃ,,[iguraTi],A,(疑問詞),53,,いくら。,,,,,,,【例】うー いぐらてぃかや?,〈これ(は)いくらですか?〉,,,,,,,,,,,,,,,,,,,,
168,1,,いくん,,[iK-],,(動詞),53,,生きる。,,,,,,,【例】くぬ いゆや ない いてぃどぅ=ぶる,〈この魚はいま生きている〉,,,,,,,,,,,,,,,,,,,,
169,1,,いさとぅまい,,[isaTumai],B,(名詞),53,〔虫〕,カマキリ。(童謡),,,,,,,【例】いさとぅまい いやや んまんき わらしゃんか゚ あぶたや んみ わるんか゚,〈カマキリよ、父さんはどこへ行かれたの、お母さんはどこにいるの〉,,,,,,,,,,,,,,,,,,,,
170,1,,いし,,[isi],,(感動詞),54,,そうだ。その通り。応答に用いる語。「いるん」の連用形に由来する。,,,,,,,【例】い し。 んだんか゚ んどぅに,〈そうだ。おまえの言うとおり〉,いしー。 はなし や うんにどぅ ない=ぶたるな?,〈そうか。話はこんなになっていたのか〉 ,いしない。 まぬない?,〈そうか。ほんとうか〉,,,,,,,,,,,,,,,,
171,1,,いしゃんさい,,[isyaNsai],,(感動詞),54,,やったぞ。,,,,,,,【例】いしゃんさい。 だいばん カジキ ぱしゃんさい,〈やったぞ。大きいカジキ釣り上げたよ〉,,,,,,,,,,,,,,,,,,,,
172,1,,いすｎく゚ん,,[isuŋ-],B,(動詞),54,,(1)急ぐ。,,,,,,,【例】あみてぃ いすでぃ,〈道を急ぐ〉,,,,,,,,,,,,,,,,,,,,
172,2,,いすｎく゚ん,,[isuŋ-],B,(動詞),54,,早くとりかかる。,,,,,,,【例】い すでぃ きらぬとぅ まにあぬん,〈急いでしないと間に合わない〉,,,,,,,,,,,,,,,,,,,,
172,3,例文なし,いすｎく゚ん,,[isuŋ-],B,(動詞),54,,早く移動する。,,,,,,,,,,,,,,,,,,,,,,,,,,,,
173,1,,いすんとぅ,,[isuNTu],A,(名詞),54,,漁師。海などで魚介類を捕って暮らしている人。,,,,,,,【例】かぬとぅや いすん とぅどぅ あたるゆんがら んに むてぃ=わたる=はでぃど,〈あの人は漁師だったから船を持っていらっしゃっただろうよ〉,,,,,,,,,,,,,,,,,,,,
174,1,,いた,1,[iTa],B,(名詞),54,,板。,,,(語源)日本語イタ〈板〉に対応。,,,,【例】くびいたどぅ ありゃ かたっつぁ ひでぃ=うとぅぎ,〈壁板だから片側を削っておきなさい〉,,,,,,,,,,,,,,,,,,,,
175,1,,いた,2,[iTa], ,(接続詞),54,,では。それでは。じゃあ。,,,,,,,【例】いた みくき、いてぃてぃわり,〈では用心して、いってらっしゃい〉,「どぅふるや はい=わたかや? ばーり ぬるん ど」「いた あみるかや」,〈「お風呂はお入りになりましたか? 疲れが取れま すよ」「では、入るかな」〉,,,,,,,,,,,,,,,,,,
176,1,,いたぎるん,,[iTagir-],,(動詞),54,,(水を)かける。,,,(語源)イカケル〈い掛ける〉に対応。,[ikake->icyage(r)>iTagir-],,,【例】みん いたぎるんがら くまがら とぅんなれ,〈水をぶっかけるから、そこからどきなさい〉,,,,,,,,,,,,,,,,,,,,
177,1,,いたてぃるん,,[iTaTir-],,(動詞),54,,(液体を)捨てる。こぼす。,,,,,,,【例】みん いたてぃり,〈水をこぼしなさい〉,う まぬ はでぃち ひらんき さー いたてぃ=うとぅぎ,〈この端の柱のあた りにお茶をこぼしておきなさい〉,,,,,,,,,,,,,,,,,,
178,1,,いたでぃるん,,[iTadir-],,(動詞),55,,交わる。交差する。,,,,,,,【例】 む す   ん む=ば す や   う い   ‘ た ら   い た で ぃ て ぃ どぅ んみ=ひるど,〈ござを編むときは上、下、と交差して編んでいくんだよ〉,,,,,,,,,,,,,,,,,,,,
179,1,,いたどぅが,,[iTaduga],,(名詞),55,,板床。板廊下。板敷の廊下のこと。に対応。,,,,,,,【例】いたどぅがに なーさ んとぅしみ らり,〈廊下に長いこと座らされた〉(語源,〈)板床〉または,〈板廊下〉,,,,,,,,,,,,,,,,,,
180,1,,いたんに,,[iTa'Nni],,(名詞),55,,サバニ〈板舟〉。(板を接いで造った舟)の意。,,,(語源)〈板舟〉に対応。,[itabune>itaNne>iTaNni],,,【例】 い た ん に し   ぐ る く ん  とぅる ‘とぅん わたん,〈板舟でグルクン(タカサゴ)を捕る人もいらっしゃった〉,,,,,,,,,,,,,,,,,,,,
181,1,,いち,,[iCi],A,(疑問詞),55,,いつ。「いっち」とも。,,,,,,,【例】くとぅち んかる するや しん-とぅちぬ  いっちんき あたるんか゚,〈今年迎えるお盆は、新暦のいつにあたるの〉,んま ながぬ ちむばたいや いちや?,〈嶋仲集落の役員交代はいつですか?〉,,,,,,,,,,,,,,,,,,
182,1,,いち-くだら,,[iCikudara],A,(名詞),55,,砂利。細かい石。小石。,,,,,,,【例】 て ぃ ば が ぬ   す ば ぬ   い ち-く だ ら=あ み て ぃ   あいてぃ にんばらんきばぎん いててぃ んに うぐいぶたんえ,〈与座家の側の砂利道を歩いて浦野まで行き、船を見送っていたね〉,,,,,,,,,,,,,,,,,,,,
183,1,,いちだいぐ,,[iCidaigu],,(名詞),55,,石大工。石材を加工して家を建てたり道具を作ったりする職人。石工(いしく)。,,,,,,,【例】いちだいぐや ぶらぬんき なんか゚えー,〈石大工はいなくなったね〉,,,,,,,,,,,,,,,,,,,,
184,1,,いちたいんとぅ,,[iCiTaiNTu],,(数詞),55,,五人。,,,,,,,【例】さがるばん いちたいんとぅや ぶらぬとぅ うぬ しかまや  ならぬん,〈少なくとも五人はいないと、この仕事はできない〉,,,,,,,,,,,,,,,,,,,,
185,1,,いち-たらい,,[iCitarai], ,(名詞),55,,石盥(いしたらい)。石でできた盥。,,,,,,,【例】いちーたらいんき みん たみてぃ どぅ ‘かい=ぶたる,〈石たらいに水をためて使っていた〉(関連用語)うぶいち-たらい,〈防火用水用の大きな石たらい〉,はんあらい-たらい,〈農作業な どで汚れた手足を洗うための石たらい〉,わーぬむぬはみる いちーたらい,〈豚の餌入れの石たらい〉,,,,,,,,,,,,,,,
186,1,,いちち,,[iCiCi],B,(数詞),56,,(1)五。五つ。五個。,,,,,,,【例】むてぃ いちち あんど,〈餅は五つあるよ〉,,,,,,,,,,,,,,,,,,,,
186,2,,いちち,,[iCiCi],B,(数詞),56,,五歳。五つ。,,,(語源)日本語イツツ〈五つ〉 に対応。,[itutu>icici>iCiCi],,,【例】あがみや ない いちち ない=ぶん,〈子供は今五つになっている〉,あんか゚ いちちぬ ばすどぅ あったる。 びんがうや まいたんす や,〈私が五歳の時だった。父親が亡くなったのは〉,,,,,,,,,,,,,,,,,,
187,1,,いちばぎん,,[iCibagiN],,(副詞),56,,いつまでも。,,,,,,,【例】いちばぎん あんか゚=くとぅ ばちんなよ,〈いつまでも私のこと忘れないでね〉,,,,,,,,,,,,,,,,,,,,
188,1,,いちぶぐ,,[iCibugu],A,(名詞),56,,石。,,,,,,,【例】いちぶぐ はんし きっとぅし だまし=みぬんすや,〈石を足で蹴って痛めてしまったよ〉, ティ ンダバナぬ いりばたに ある ふーてぃ んきぬ いちぶぐどぅ ウッティイチんでぃ んどぅぬ ‘たらにど,〈ティン ダバナの西側の下にある大きな石をウッ ティ イチ(落石)というんだよ〉,,,,,,,,,,,,,,,,,,
189,1,,いちむち,,[iCimuCi],B,(名詞),56,,(1)動物の総称。,,,,,,,【例】‘くばはとぅ すみはとぅ あやみ=はびる うんから  うち んまんた ひびだんた ちまや ぐまんか゚ どぅなんにや いちむ ち うぶさん,〈キジバト、ヒヨドリ、ヨナグニサン、それから牛、馬に山羊など、島は小さいけれど与那国は動物が多い〉,いちむちんにぬ むぬ,〈動物 みたいなやつ。(言っても聞かない)〉,,,,,,,,,,,,,,,,,,
189,2,,いちむち,,[iCimuCi],B,(名詞),56,,畜生。,,,(語源)沖縄方言イチムシ /(0)'icimusi/ に対応。,[ikimusi>icimusi>iCimuCi],,,【例】いちむち あたんてぃ ん あがみぬ くとぅ うむんか゚,〈畜生でさえ子供のことを考えるのに〉,,,,,,,,,,,,,,,,,,,,
190,1,,いっちん,,[iCiN],A,(副詞),56,,いつも。「いっち」〈いつ〉に助詞「~ん」〈も〉が付いた形。,,,(語源)日本語イツモ〈何時も〉に対応。,[itumo >icimo>iCiN],,,【例】 き ゃ-と ぅ ない あたば いっちん ばやにどぅ あんび=ぶたる,〈隣近所だったので、いつも私の家で遊んでいたよ〉,,,,,,,,,,,,,,,,,,,,
191,1,,いってぃんうとぅとぅあがみてぃ,,[iTiN'uTuTu'agamiTi],,(名詞),56,,末っ子。,,,,,,,【例】うぬ あがみてぃや ばやぬ いってぃんうとぅとぅあがみ てぃ ない=ぶる,〈この子はわが家の末っ子だ〉,,,,,,,,,,,,,,,,,,,,
192,1,,いてぃ,,[iTi],C,(名詞),57,,息。,,,(語源)日本語イキ〈息〉に対応。,[iki>ici>iTi],,,【例】とぅち とぅいんか゚しや いてぃてぃ あいがにぬん,〈年を取ると、息切れして歩けない〉,,,,,,,,,,,,,,,,,,,,
193,1,,いでぃ,,[idi],,(名詞),57,,意地。肝っ玉。精神力。,,,(語源)日本語イジ〈意地〉に対応。,,,,【例】 は る し か ま   い で ぃ   ん で ぃ り ゃ ど ぅ   ば ー   いやんか゚ ま-たにんでぃ んでぃ=わる,〈畑仕事で精出し頑張れば、私の父が真の我が子とおっしゃる〉,,,,,,,,,,,,,,,,,,,,
194,1,,いてぃぐ,,[iTigu],C,(名詞),57,,従兄弟。従姉妹。,,,(語源)日本語イトコ〈従兄弟〉に対応。,[itoko>icyogo>iTego>iTigu],,,【例】うぬ だぬ いてぃぐ うとぅだなぬ うぶさんすゆ,〈この家の従兄弟、兄弟の多いことよ〉,,,,,,,,,,,,,,,,,,,,
195,1,,いでぃる,,[idiru],,(名詞),57,,弁当入れ。,,,,,,,【例】 ん か ち や   い で ぃ る ん た   ど ぅ ぬ=ど ぅ し   ‘ く い=ぶ た んど,〈昔は弁当入れなどは自分で作っていたよ〉,,,,,,,,,,,,,,,,,,,,
196,1,,いとぅ,1,[iTu],C,(名詞),57,,糸(いと)。,〔同〕ぬいみ,,(語源)日本語イト〈糸〉に対応。,,(関連用語)あさいとぅ〈麻糸〉,,【例】むみんいとぅ あいどぅみ きるんでぃ いし=ぶる,〈木綿糸を藍染めしようとしている〉,,,,,,,,,,,,,,,,,,,,
197,1,,いとぅ,2,[iTu],C,(名詞),57,,鱗(うろこ)。,,,(語源)九州方言イリコ〈鱗〉に対応。,[iriko>iricyo>iTo >iTu],,,【例】いとぅ どぅっとぅに はでぃ=うとぅぎよ,〈鱗をよく落としておきなさいよ〉,,,,,,,,,,,,,,,,,,,,
198,1,,いとぅる,,[iTuru],,(連体詞),57,〔古語〕,行(い)った。,,,(語源)〈行きおる〉に対応。,[*ikiworo>icyoro>iTuru],,,【例】はるやんき いとぅるた ぱんか゚い とぅい=こー ,〈畑小屋に行ったとき、鍬を取ってきなさい〉,,,,,,,,,,,,,,,,,,,,
199,1,,いぬ,,[inu],B,(名詞),58,〔動物〕,犬。「いん」とも。,,,(語源)日本語イヌ〈犬〉に対応。,,,,【例】いぬや だーぬ ばん きみ=うとぅぎ,〈犬は家の番をさせておきなさい〉,,,,,,,,,,,,,,,,,,,,
200,1,,いび,,[ibi],,(副詞),58,,少し。,,,,,,,【例】あぬんき いび ばぎ=とぅらし=わり,〈私に少し分けてください〉,,,,,,,,,,,,,,,,,,,,
201,1,,いび=うゆび,,[ibi'uyubi], ,(名詞),58,,小指。「いび」は〈少し〉の意。,,,,,,,【例】いび=うゆび ぷむ だな ふちんか゚ あ ん,〈小指をくわえる悪い癖がある〉,,,,,,,,,,,,,,,,,,,,
202,1,,いびたてぃ,,[ibiTaTi],,(副詞),58,,ちょっと。「いび」に動名詞化接辞「~たてぃ」が付いた形に由来するか。,,,,,,,【例】 くとぅちや うぶ-かでぃ ‘てぃー むぬくい いびたてぃどぅ とぅら りたる,〈今年は台風が吹いて作物は少ししか収穫できなかった〉,,,,,,,,,,,,,,,,,,,,
203,1,,いみ,,[imi],B,(名詞),58,,夢。,,,(語源)古語イメ〈夢〉に対応。,[*eme>imi],,,【例】うんに しゃなる くとぅんでぃ あんすや いみにどぅ ぶん すや,〈こんなにうれしいことがあるだろうか。夢のようだ〉,いみや ぬん にん んぬん,〈夢はどんなでも見る。(気にすることはない)〉,,,,,,,,,,,,,,,,,,
204,1,,いみ　かんどぅん,,[imi+kaNd-],,(連語),58,,喪に服する〈忌みを被る〉の意。,,,,,,,【例】 い み   か ん で ぃ ど ぅ=ぶ り ゃ   だ い やんきや ひらにぬん,〈喪中なのでお祝いの家には行けません〉,,,,,,,,,,,,,,,,,,,,
205,1,,いや,,[iya],C,(名詞),58,,父、お父さん。,〔同〕びんがぬうや,,,,,,【例】いやや さぎどぅ うやしゃるてぃ ら,〈お父さんはお酒をお飲みになったようだ〉,いやや ぬん はぬんき  さぎ ぬみ=ぶたるてぃら,〈お父さんは何も食べないで酒を飲んでいただろ う〉,いやがらぬ ならい,〈父親の教え〉,うんか゚ いやや はやぐ まい= し,〈これの父親は早く亡くなった〉,,,,,,,,,,,,,,
206,1,,いやてぃ,,[iyaTi],C,(名詞),59,,叔父。父母の弟。,,,,,,,【例】うぬとぅや あぶた かたぬ いやてぃどぅ あい わる,〈この人は母方のおじであられる〉,ばやぬ いやてぃんたや がっく  でぃぎたんでぃ んどぅんさい,〈うちのおじさんたちは学校の勉強がよくで きたらしい〉,,,,,,,,,,,,,,,,,,
207,1,,いゆ,,[iyu],A,(名詞),59,,魚。,,,(語源)古語イヲ〈魚〉に対応。,[iwo>iy o>iyu],,,【例】でぃ、いゆぱしんでぃ ひろ,〈さあ、魚釣りに行こう〉,いゆにどぅ  ぶたる,〈魚のように泳ぎが上手だった〉,,,,,,,,,,,,,,,,,,
208,1,,いゆん,,[iy-],A,(動詞),59,〔古語〕,怒る。叱る。,,,(語源)日本語イウ〈言う〉に対応。,[iw->iy-],,,【例】あがみ あらーぐ いゆんな,〈子供をあんまり叱るな〉,んかち あぶとぅ あさに いやりどぅ=ぶたる,〈昔、おじいさんとおばあさんに怒られたものだよ〉,,,,,,,,,,,,,,,,,,
209,1,,いら,,[ira],C,(名詞),59,〔動物〕,クラゲ。,,,(語源)日本語イラ〈棘〉に対応。,,,,【例】いらに いらり なんぬ いらぐ いらりゃる どぅ ぐるんき びき,〈クラゲに刺されたのでナスの液をさされた部分に付けた(ナスの汁が効くとされた)〉,,,,,,,,,,,,,,,,,,,,
210,1,,いらぶん,,[irab-],B,(動詞),59,,選ぶ。,,,(語源)日本語エラブ〈選ぶ〉に対応。,[erab->irab-],,,【例】どぅっとぅぬ むぬがら いらび とぅい=ひれ,〈上等のものから選んで取っていきなさい〉,,,,,,,,,,,,,,,,,,,,
211,1,,いらみるん,,[iramir-],A,(動詞),59,,貸す。「いるん」〈借りる〉の使役形。,,,(語源)イラシメル〈借りさせる〉に対応。,[irasime->iraNme(r)- >iramir-],,,【例】んだ でぃながんき くるま う とぅぐんでぃどぅ ありゃ いらみ=とぅらし=ひり,〈あなたの土地に車を置きたいので貸してください〉,でぃん いらみ=とぅらい,〈お金を貸 してください〉,,,,,,,,,,,,,,,,,,
212,1,,いらら,,[irara],C,(名詞),59,,鎌。「いらな」とも。草などを刈るのに使う道具。,,,(語源)沖縄方言イラナ /(0)'irana/ に対応。,,,,【例】 う ぬ   い ら ら   と ぅでぃ=こ-,〈この鎌を研いでこい〉,うちぬつぁ んに むん かい、たぬ  あぶち はるんすん いららしどぅ いし=ぶたる,〈牛の草、稲、麦を刈っ たり、田の畦を払うのも、鎌でやっていたよ〉,,,,,,,,,,,,,,,,,,
213,1,,いり,,[iri],B,(名詞),60,,錐(きり)。穴を開ける道具。,,,(語源)九州方言イリ〈錐〉に対応。,,,,【例】いりし あなんぷ あぎり,〈錐で穴を開けなさい〉,,,,,,,,,,,,,,,,,,,,
214,1,例文なし,いり-かでぃ,,[irikadi],A,(名詞),60,,西風。,,,,,,,,,,,,,,,,,,,,,,,,,,,,
215,1,,いりばた,,[iribaTa],A,(名詞),60,,西。西側。西の方。,,,,,,,【例】いりばたぬ だーがら あんだなび いらい=しん に,〈西の家から油鍋を借りてきなさい〉,,,,,,,,,,,,,,,,,,,,
216,1,,いりび,,[iribi],A,(名詞),60,,西の方。久部良集落の古い言い方。,,,,,,,【例】んかち むらんとぅたや くぶらん とぅんき いりびぬ ‘とぅんでぃ んでぃ=ぶたん,〈昔、祖納の人たちは久部良集落の人たちを西方の人と言っていた〉,,,,,,,,,,,,,,,,,,,,
217,1,,いりるん,,[irir-],A,(動詞),60,,(1)(もの)を入れる。,,,,,,,【例】どぅんく゚ばぐんき あら ぬん いりるん,〈道具箱に新しい鑿(のみ)を入れる〉,,,,,,,,,,,,,,,,,,,,
217,2,,いりるん,,[irir-],A,(動詞),60,,加える。,,,,,,,【例】 か み ん き   む る ん   い り=うとぅぎ,〈瓶にもろみを入れておきなさい〉,んだどぅ ありゃ みん い りり,〈塩辛いから水を入れなさい〉,,,,,,,,,,,,,,,,,,
217,3,,いりるん,,[irir-],A,(動詞),60,,移す。,,,,,,,【例】まー だがてぃ あみ  ふるんど。  はやぐ あらいむぬ いりり。 んがるんど,〈もうやがて雨が降るよ。早く洗濯物入れろ。濡れるよ〉,,,,,,,,,,,,,,,,,,,,
217,4,,いりるん,,[irir-],A,(動詞),60,,仲間に加える。,,,(語源)日本語イレル〈入れる〉に対応。,[ire->ire(r)- >irir-],,,【例】しんかん き いりるん,〈仲間に入れる〉,んでぃ くみんき いり=とぅらい,〈あな たの組に入れてください〉,,,,,,,,,,,,,,,,,,
218,1,,いる,,[iru],B,(名詞),60,,色。,,,(語源)日本語イロ〈色〉に対応。,[*ero>iru],,,【例】んだ んなにや ぬんにぬ いる きー=ぶんか゚?,〈君の着物はどんな色をしているの?〉,くんどぅんでぃ ちらいる あがんたり ない =ぶんそ,〈怒って顔色が赤くなっているよ〉,,,,,,,,,,,,,,,,,,
219,1,,いるｎか゚,,[iruŋa],,(接続詞),61,,しかし。,,,,,,,【例】んだ かんがいや ばがん。 いるんか゚ うんにてぃや しかま  すび ならぬん,〈君の考えは分かった。しかしそれでは仕事が首尾よくいかないぞ〉,,,,,,,,,,,,,,,,,,,,
220,1,,いるぎさん,,[irugisaN],,(形容詞),61,,涼しい。,,,,,,,【例】すーや いるぎさん,〈今日は涼しい〉,あっつぁ いるぎさどぅ  なる,〈暑さも和らいできた〉,,,,,,,,,,,,,,,,,,
221,1,,いるん,1,[ir-],A,(動詞),61,,(1)入る。,,,,,,,【例】あんか゚まーてぃ ふさ きー=ぶたる んなに すー はいす る んにがら いるん,〈私がとても欲しがっていた着物が今日入港した船で手に入る〉,,,,,,,,,,,,,,,,,,,,
221,2,,いるん,1,[ir-],A,(動詞),61,,(日や月が)沈む。,,,(語源)日本語イル〈入る〉に対応。,,,,【例】てぃだん いりるんす はやんすや,〈太陽が沈むのが早くなったね〉,,,,,,,,,,,,,,,,,,,,
223,1,,いるん,3,[ir-],B,(動詞),62,,刺(さ)す。,,,(語源)日本語イル〈射る〉に対応。,[i(r)- >ir-],,,【例】むちに いらりるん,〈虫に刺される〉,はったんき いらりゃ ん,〈蜂に刺された〉,はったに ちら いらり どぅー ‘くり=みぬん,〈蜂 に顔を刺され体が腫れてしまった〉,,,,,,,,,,,,,,,,
224,1,,いるん,4,[ir-], ,(動詞),62,,煎(い)る。,,,(語源)日本語イル〈煎る〉に対応。,,,,【例】まみどぅ いてぃ うとぅてゃる,〈豆を煎って置いてある〉,,,,,,,,,,,,,,,,,,,,
225,1,,いるん,5,[ira-], ,(動詞),62,,借りる。,,,(語源)古語イラウ〈借りる〉に対応。,[iraw->ira'->ira-],,,【例】うぶでぃん いらん,〈大金を借りた〉,,,,,,,,,,,,,,,,,,,,
226,1,,いん,1,[iN],A,(名詞),62,,エビ。,,,(語源)日本語エビ〈海老〉に対応。,[ebi>iN],,,【例】いんや つまや がまぬ ながにどぅ ぶる、どぅる ないんか゚ しや とぅんでぃるん,〈エビは昼は横穴の中にいる。夜になると出てくる〉,んだい きてぃ いん とぅい=くたよ,〈いざりしてエビを捕ってくるね〉,,,,,,,,,,,,,,,,,,
227,1,,いん,2,[iN],B,(名詞),62,〔動物〕,犬。「いぬ」とも。,,,(語源)日本語イヌ〈犬〉に対応。 ,[*enu>iN],,,【例】いんとぅ まゆんに ぶんなよー,〈犬と猫のように(けんかばかり)しているんじゃないよ〉,,,,,,,,,,,,,,,,,,,,
228,1,,いん,3,[iN],B,(名詞),62,,海。内海。,〔同〕うんなが,,(語源)宮古方言イム /im/〈海〉 に対応。,[*omi>emi>eN>iN],,,【例】いんでぃんとぅんか゚ うんながぬ しかま きたや いん かりんか゚ あんでぃ んだり=ぶる,〈戌年生まれの人が海の仕事をすると海の嘉例があるといわれている〉,,,,,,,,,,,,,,,,,,,,
229,1,,うい,,[ui],B,(名詞),63,,(1)瓜(ウリ)。島瓜。,,,,,,,【例】 う ち う い や   ふ る さ た   ‘ き ゃ ー る=む ぬ   う い=ぶん,〈島瓜は黒糖で漬けたものを売っている〉,,,,,,,,,,,,,,,,,,,,
229,2,,うい,,[ui],B,(名詞),63,,胡瓜(キュウリ)。古くは「きーうい」と言った。,,,(語源)日本語ウリ〈瓜〉に対応。,[*ori>ui],,,【例】 う い や   ひ で ぃ=く る と ぅ   か た し て ぃ   は い んか゚しや まーんどー,〈キュウリはかつお節を混ぜて食べたらおいしいよ〉,,,,,,,,,,,,,,,,,,,,
230,1,,うい-かぎるん,,[uikagir-],A,(動詞),63,,追いかける。,,,,,,,【例】かりや さてぃ ない ひゅんど。 はやぐ うい-かぎり,〈彼は先に行ったよ。早く追いかけなさい〉,,,,,,,,,,,,,,,,,,,,
231,1,,ういがん,,[uigas-],B,(動詞),63,,動かす。,,,(語源)沖縄(今帰仁)方言ッエーカスン/'eeKa[su]N/に対応。,[o'ekas->o'egas->uigas-],,,【例】てぃー ういがしてぃ うんどー きー=わり,〈手を動かして運動しましょう〉,くぬ いちぶぐ ういがい,〈この石を動かせ〉,ぬんに  ういがたんてぃん ういてぃんだんぎ みぬん,〈どんなに動かそうとしても 動きそうにない〉,だーさぬ　ぬー　あるばん　はぬんきや　ういがにぬん,〈ひもじくて何か食べないと動けない〉,,,,,,,,,,,,,,
232,1,,,,,,,63,,,,,,,,,,,,,,,,,,,,,,,,,,,,,,
233,1,,ういぐん,,[uig-],B,(動詞),63,,動く。,,,,,,,【例】くぬ だまや だんでぃてぃ ういがぬん,〈この機械は壊れて動かない〉,うまがら ういぐんな,〈そこから動くな〉,,,,,,,,,,,,,,,,,,
234,1,,ういだらん,,[uidaras-],A,(動詞),63,,追い払う。〈追いやらす〉の意。,〔同〕ういつぁらん,,,,,,【例】まゆ ういだらいよ。 だぬ ながんき いりんなよ,〈猫を追い払えよ。家の中に入れるなよ〉,,,,,,,,,,,,,,,,,,,,
235,1,,ういつぁらん,,[uiCaras-],,(動詞),63,,追い払う。,〔同〕ういだらん,,,,,,【例】くぬ びするや ういつぁらい,〈この酔っ払いは追い払え〉,,,,,,,,,,,,,,,,,,,,
236,1,,ういとぅ,,[uiTu],,(名詞),63,,老人。年寄り。〈老い人〉の意。,,,(語源)オイヒト〈老い人〉に対応。,[oepito>oehito>oes(i) To>uiTu],,,【例】みー むどぅるてぃ みんたふ たーぐ  ない まー ういとぅ ない=みぬんすや,〈老眼になり耳も遠くなってもう年寄りになってしまったね〉,ばんたや ういとぅどぅ あんさい。 ばが でむぬとぅ まどぅんでぃや ならぬんさい,〈私たちは老人だろ。若者と一 緒にはできないだろ〉,,,,,,,,,,,,,,,,,,
237,1,（語源）を追加,ういぬｎく゚ん,,[uinuŋ-],A,(動詞),64,,追い抜く。,,,(語源)オイヌク〈追い抜く〉に対応。,[oinug->oinuŋ->uinuŋ-],,,【例】くんどぅぬ あいたらしや ういぬでぃどぅ きらりる,〈今度のかけっこで追い抜いてみせる〉,,,,,,,,,,,,,,,,,,,,
238,1,,うー,,[u],A,(指示詞),64,,(1)それ。,,,,,,,【例】うーがら いらび とぅり,〈その中から選んで取りなさい〉,,,,,,,,,,,,,,,,,,,,
238,2,,うー,,[u],A,(指示詞),64,,これ。,,,(語源)沖縄方言ウリ /(1)'uri/ に 対応。,[ore>uri>u],,,【例】んだんか゚ ふさんでぃ んたんすや うな? くな?,〈あなたが欲しいと言ったのは、それか?これか?〉,,,,,,,,,,,,,,,,,,,,
239,1,,うかっとぅ,,[uKaTu],,(名詞),64,,油断。,,,,,,,【例】かぬとぅんき むぬ=ばすや うかっとぅ きんなよ,〈あの人と話をするときは油断してはいけないよ〉,うかっとぅぬ=くとぅや あら ぬん,〈ただごとではない〉,,,,,,,,,,,,,,,,,,
240,1,,うｎか゚にん,,[uŋaniN],,(名詞),64,,釘〈打ち金〉の意か。,,,,,,,【例】うんか゚にん むてぃ=こー,〈釘を持ってこい〉,,,,,,,,,,,,,,,,,,,,
241,1,,うｎか゚むん,,[uŋam-],B,(動詞),64,,(1)拝む。,,,,,,,【例】きないぬ みぬんか゚どぅ あんす ‘てぃたてぃ どぅんく゚に てぃや さーどぅ きー ちぬ-かん うんか゚みよ,〈家庭を持った女なんだから(旧暦の)朔日、十五日はお茶湯を供えて、火の神を拝みなさいよ〉,,,,,,,,,,,,,,,,,,,,
241,2,,うｎか゚むん,,[uŋam-],B,(動詞),64,,あいさつ,,,(語源) 日本語オガム〈拝む〉に対応。,[wogam->oŋam->uŋam-],,,【例】すー うんか゚まり ふがらさ,〈今日(も)拝顔の栄に浴することができました。ありがとうございました〉,すー うんか゚もー,〈おはよう〉,,,,,,,,,,,,,,,,,,
242,1,,うがんふとぅてぃ,,[ugaNhuTuTi],,(名詞),64,,豊年祭。御願解き。その年の豊年に感謝し一年の願いを解き、来年の豊年を祈願する。旧暦六月以降の丙午の日に十山拝所で執り行われる。各集落の旗頭が集結し棒踊りや舞踊の披露のほか、東西に分かれて綱引きが行われる。農作物を中心にサイクルする与那国島の年中行事の締めくくりである。,,,,,,,【例】 すでぃ きてぃどぅ うんか゚んき はやりるんでぃ うがんふとぃていぬ  まいぬ=ちぬ どぅさびや なんたに みん あみ,〈身を浄めないと拝所に入れないと、豊年祭の前日の夕べは、ナンタ浜で水浴び(みそぎ)をした〉,,,,,,,,,,,,,,,,,,,,
243,1,,うぎ,,[ugi],C,(名詞),65,,桶(おけ)。,,,(語源)日本語オケ〈桶〉に対応。,[woke>oke>ugi],,,【例】すくんた どゎいんたに まいさぐ とぅぶんた むてぃん た ‘くる=ばすにや いちうちぬ すばんき うぎ うとぅてぃてぃ む てぃまい、とぅぶ=まみ ちゃる=むぬ いり=ぶたん,〈焼香やお祝いなどで大量に豆腐や餅を作るときには石臼の側に桶を置いて餅米や大豆をすったものを入れていた〉,,,,,,,,,,,,,,,,,,,,
244,1,,うぎるん,1,[ugir-], ,(動詞),65,,葺(ふ)く。,,,,,,,【例】んかちや だーや かやしどぅ うぎ=ぶたる,〈昔は家は茅で葺いていた〉,うぶ-かでぃんか゚ くぬた かや うぎるん,〈台風が来ない うちに茅を葺く〉,,,,,,,,,,,,,,,,,,
245,1,,うぎるん,2,[ugir-],B,(動詞),65,,起きる。,,,(語源)日本語オキル〈起きる〉に 対応。,[oke->oger->ugir-],,,【例】あったや ‘とぅむてぃ よじに うぎるん,〈明日は朝4時に起きる〉,たいぐ うぎり,〈早く起きなさい〉,,,,,,,,,,,,,,,,,,
246,1,,うぐ,,[ugu],,(名詞),65,,奥。,,,(語源)日本語オクに対応。,[oku>ogu>ugu],,,【例】だまぬ うぐ,〈山の奥〉,,,,,,,,,,,,,,,,,,,,
247,1,,うｎく゚ん,1,[uŋ-],B,(動詞),65,,扇ぐ。,,,,,,,【例】んくてぃ くばぬ うんし うんく゚ん,〈赤ん坊をビロウの団扇で扇ぐ〉,,,,,,,,,,,,,,,,,,,,
248,1,,うｎく゚ん,2,[uŋ-],B,(動詞),65,,泳ぐ。,,,,,,,【例】むさいんき きー ‘かい うんく゚ど,〈高波に気をつけて泳ぐよ〉,かりか はやぐ うでぃ=つん,〈彼より速く泳げる〉,なーまはまに うでぃ あんぶん,〈ナー マ浜で泳いで遊ぶ〉,,,,,,,,,,,,,,,,
249,1,,うさるん,,[usar-],,(動詞),66,,からかう。軽んじる。馬鹿にする。邪険にする。,,,,,,,【例】うとぅどぅ ありゃん でぃ あらーぐ うさんなよ,〈年下だからとあんまり軽んじるなよ〉, ‘とぅ や あたら=きり。 あらーぐ うさいんか゚しや ならぬんど,〈人は大事にし なさい。あんまり軽んじてはいけないよ〉,,,,,,,,,,,,,,,,,,
250,1,,うさんぎ,,[usaNgi],,(名詞),66,〔動物〕,ウサギ。,,,,,,,【例】うさんぎや だまみんき あいたらし まぎるんでぃなー,〈ウサギは亀に駆けっこで負けるよねー〉,,,,,,,,,,,,,,,,,,,,
251,1,,うさｎき゚るん,,[usaŋir-],,(名詞),66,,髪に櫛を通す。,,,,,,,【例】からん うさんき゚り,〈髪に櫛を通しなさい〉,,,,,,,,,,,,,,,,,,,,
252,1,,うしきるん,,[usiKir-],A,(動詞),66,,押す。,,,,,,,【例】くるま だんでぃ=みぬん、うしき=とぅらしんに,〈車が壊れて(故障して)しまった。押してくれないか〉,つばらがら うしきんに,〈後ろから押してください〉,,,,,,,,,,,,,,,,,,
253,1,,うじむち,,[uzimuCi],,(名詞),66,〔虫〕,蛆(ウジ)。蛆虫(ウジムシ)。,,,,,,,【例】なちや どぅどぅまぬんき うじむち  ばんでぃ はいつぁらいどぅ きるどぅ、みゃぐんはぐぬながに うじむち んか゚ はいつぁり=ぶたん,〈夏はすぐに蛆がわくね。ゴミ箱の中にウヨウヨいたよ〉,,,,,,,,,,,,,,,,,,,,
254,1,,うす,,[usu],,(名詞),66,,潮。,,,(語源)日本語ウシオ〈潮〉に 対応。,[usio>usyo>usu],,,【例】でぃん-かに ありゃんでぃ いばんな。 でぃん-かに みぬりゃ んでぃ どぅむ=きんなよ。 うんながぬ うすんか゚とぅん んてぃうす  ちーうすんでぃ あいどぅきする,〈お金があると威張るな。お金がないと残念がるな。海の潮も満ち潮、引き潮とあるんだ〉,,,,,,,,,,,,,,,,,,,,
255,1,,うすぶん,,[usub-],,(動詞),66,,俯(うつむ)く。,,,,,,,【例】ばた だむうんがら うすぶん,〈おなかが痛くて俯く〉,,,,,,,,,,,,,,,,,,,,
256,1,,うた,,[uTa],C,(名詞),66,,歌。,,,,,,,【例】くちさぬ ながに あいてぃ うたや たのしみどぅ あたる,〈苦しさの中にあって歌は楽しみであった〉,でぃー、うた きんだぎ,〈さあ、 歌おう〉,運動会に がっくぬ うた きるん,〈運動会で校歌を歌う〉,,,,,,,,,,,,,,,,
257,1,,うだ,,[uda],C,(名詞),67,,モッコ。網籠。馬に乗せる。,,,(語源)沖縄方言オー ダー /'oodaa/ に対応。,,,,【例】うだや ばらんなし ‘くい ‘かいてぃ  ‘かってぃ=ぶたんか゚、あんく゚い、さんにん、くばぬ でぃーしん ‘くる  ‘とぅー ぶたん,〈モッコは普通、藁縄で作り、使い捨てにしていたが、コミノクロツグや月桃の縄、クバの葉柄の繊維で丈夫なものを作る人もいた〉,,,,,,,,,,,,,,,,,,,,
258,1,,うたｎか゚い,,[uTaŋai],,(名詞),67,,疑うこと。,,,,,,,【例】かんだいゆ はんすや とぅないぬ まゆかやんでぃ うた んか゚い きるん,〈干し魚を食べたのは隣の猫かと疑う〉,,,,,,,,,,,,,,,,,,,,
259,1,,うち,1,[uCi],A,(名詞),67,,牛。かつては農耕用に利用されたが、最近では食肉用の黒毛和種と呼ばれる品種の飼育が盛んである。行事の際、牛汁を食べる習慣がある。,,,(語源)日本語ウ シ〈牛〉に対応。,[usi>uCi],(関連用語)あがまるうち〈赤牛〉,,【例】うちや  んまか しから ちるん すーさん,〈牛は馬より力、筋力が強い〉,うち  うまんき みんはんぬ ちるち きるんでぃや しんく゚んでぃんどぅ ぐま かたな ‘かい=ぶたる,〈牛馬に耳判の家の印を施すときは、シングという小 刀を使っていた〉,うちぬ かーぬ んぬん うってぃ ぶー ‘かい=ぶる,〈牛の皮で出来た太鼓を打ち鳴らし棒踊りを披露している〉,,,,,,,,,,,,,,,,
260,1,,うち,2,[uCi],C,(名詞),67,,臼(うす)の総称。,,,,,,,【例】んに つぁんき゚る うち いらみ=とぅらし=わい に,〈米を精(しら)げる臼を貸してください〉(関連用語)きうち,〈木臼〉,つぁ んき゚-かば,〈柄がついている型の杵。餅を搗くときに使う〉,つぁんき゚うち,〈精 げ臼。精米用の臼〉,とぅぶうち,〈豆腐を作る臼〉,いちうち,〈石臼〉, ‘てぃー うち,〈碾き臼。穀物などを粉にするための臼〉,,,,,,,,,
261,1,,うちあやみ,,[uCi'ayami],,(名詞),67,,闘牛。,,,,,,,【例】うちあやみんでぃや かみんぬん=うちんか゚どぅ いってぃん まち。 ‘たい ひってぃ つぁんたい んとぅし ぬび むてぃてぃ ぬ てぃ ‘かってぃどぅ きる,〈闘牛では角が前に出ている牛が一番有利だ。(相手の牛の)額を突き刺してぺったり座り込ませ、首を持って強く押し込んでしまう〉,,,,,,,,,,,,,,,,,,,,
262,1,,うちぬだ,,[uCinuda],A,(名詞),68,,牛小屋。,,,,,,,【例】うちぬだや だーぬ つばらにどぅ あたる,〈牛小屋は家の後方にあった〉,,,,,,,,,,,,,,,,,,,,
263,1,,うちるん,1,[uCir-], ,(動詞),68,,(1)映る。写る。,,,(語源)日本語ウツル〈映る〉に対応。,[utur->ucir->uCir-],,,【例】かんか゚んき んだ うち=ぶんそ んにんに,〈鏡に君が映っているよ、見てごらん〉,,,,,,,,,,,,,,,,,,,,
263,2,,うちるん,1,[uCir-], ,(動詞),68,,映える。似合う。,,,,,,,【例】うぬ んなにや ん だんき あらーぐ うち あびゃんさい,〈この着物は君によく似合ってきれいだよ〉,はなうい んなに まーてぃ うちるんさい,〈花織り着物がよく 似合っているよ〉,,,,,,,,,,,,,,,,,,
264,1,,うちるん,2,[uCir-], ,(動詞),68,,感染する。病気がうつる。,,,,,,,【例】 ふ だ ー ふ だ   か で ぃ ん き   う ち る=ど ぅ ぐ る どぅ あたる,〈すんでのところで風邪に感染するところだった〉,,,,,,,,,,,,,,,,,,,,
265,1,,うってぃるん,1,[uTir-],B,(動詞),68,,落ちる。,〔類〕あいちるん,,(語源)日本語オチル〈落ちる〉に対応。 ,[*ote->uTir-],,,【例】んまがら うってぃるん,〈馬から落ちる〉,だ いがくぬ しきんに うっとぅん,〈大学の試験に落ちた〉,みどぅんき うっ てぃ=みぬん,〈溝に落ちてしまった〉,,,,,,,,,,,,,,,,
266,1,,うってぃるん,2,[uTir-], ,(動詞),68,,(~を)移動する。移す。,,,,,,,【例】なび うてぃれ,〈鍋を下ろしなさい〉,,,,,,,,,,,,,,,,,,,,
267,1,,うっとぅん,,[uT-],B,(動詞),68,,「うとぅん」とも。(1)殴る。叩く。ぶつ。,,,,,,,【例】ばらさる=くとぅ きんか゚しや てぃー うっとぅんど,〈悪いことをしたら手を叩くぞ〉,うってぃ まるば し=‘かってぃるんど,〈殴り倒すぞ〉,,【例】ぶぐとぅし うってぃ びだぎ り,〈鞭で強く打ちなさい(叩きのめせ)〉,,,,,,,,,,,,,,,
267,2,,うっとぅん,,[uT-],B,(動詞),68,,撃つ。,,,(語源)日本語ウツ〈打つ・撃つ〉に対応。,[ut->uT-],,,【例】鉄砲し ‘くばはとぅ  うっとぅん,〈鉄砲でキジバトを撃つ〉,,,,,,,,,,,,,,,,,,,,
268,1,,うてぃ,,[uTi],A,(名詞),69,,内。内側。,,,(語源)日本語ウチ〈内〉に対応。 ,[uti>uci>uTi],,,【例】だーうてぃ。 うてぃふが,〈家の中。内外〉,どぅるぬ うてぃ に んぐやんたん だまみんたん とぅいんでぃ ひー=ぶたん,〈夜のうち にヤシガニや山亀を捕りに行ったものだよ〉,,,,,,,,,,,,,,,,,,
269,1,,うてぃあん,,[uTi'aN],,(名詞),69,,魚を捕る網(あみ)。投げ網。投網。,,,(語源)ウチアミ〈打ち網〉に対応。,[uti- ami>uci-ami>uTi'aN],,,【例】ナンタ、カタブル、ナー マはまんた に うてぃあんし いゆ とぅい=ぶたんどー,〈ナンタ、カタブル、ナーマ浜などで投網して魚を捕っていたよ〉,,,,,,,,,,,,,,,,,,,,
270,1,,ウティ=イチ,,[uTi+iCi], C+X,(名詞),69,〔地名〕,ウティイチ。〈落ち石〉の意。,,,,,,,【例】ティンダバナんでぃ あんさい。  うまぬ いりばたにどぅ ウティ イチんでぃ んどぅんすや あん,〈ティンダバナってあるだろ。そこの西にウティイチというのはある〉,,,,,,,,,,,,,,,,,,,,
271,1,,うてぃばる,,[uTibaru],,(名詞),69,,内原。潮の上がらない地域。「ふがばる」〈外原〉に対していう。,,,,,,,【例】うす あ んか゚る はたぎんたや ふがばるんでぃ んでぃ、んまなが、くんま、つい だ、まんたぶる、んでぃ、たるまいんた うす あんか゚らぬ どぅぐるぬ  はたぎんたや うてぃばるんでぃ んでぃ=ぶたる,〈潮の上がる畑地を外原といい、嶋仲、貢馬、ツイダ、満田原、比川田原、樽舞など、潮の上がらない地域の畑地を内原といった〉,,,,,,,,,,,,,,,,,,,,
272,1,,うでぃまい,,[udimai],,(名詞),69,,腕力。技量〈腕前〉の意。,,,,,,,【例】うぬ あがみや ぬー きみるばん うでぃま い あんどー,〈この子は何をさせても腕っぷし技量ともにすぐれているよ〉,,,,,,,,,,,,,,,,,,,,
273,1,,うとぅ,,[uTu],,(名詞),69,,(1)音。,,,(語源)日本語オトに対応。,[oto>oTo>uTu],,,【例】うとぅんか゚ ぐまびてぃ ‘かにぬん,〈音が小さくて聞こえない〉,うとぅん さたん みぬん,〈何の音沙汰もない〉,,,,,,,,,,,,,,,,,,
273,2,,うとぅ,,[uTu],,(名詞),69,,評判。うわさ。良い評判。悪い評判ともにいう。,,,,,,,【例】うとぅんでぃ まいふな,〈評判のお利口さん〉,,,,,,,,,,,,,,,,,,,,
274,1,,うどぅ,,[udu],C,(名詞),70,,布団。,,,(語源)沖縄方言ウー ドゥ /(0)'uudu/ に対応。,[odo>udu],,,【例】ひさるゆんがら うどぅ んだし ちーよー,〈寒いから布団を出してかけなさいよ〉,,,,,,,,,,,,,,,,,,,,
275,1,,うとぅｎか゚い,,[uTuŋai],C,(名詞),70,,顎(あご)。,〔同〕かぐでぃ,,(語源)日本語オトガイ〈頤〉に対応。,,,,【例】 う と ぅ ん か゚ い に   あ る   あ だ や   は い だ ま   あだんでぃどぅ んだり=ぶたる,〈あごにあるほくろは食いしん坊の印といわれていた〉,,,,,,,,,,,,,,,,,,,,
276,1,,うどぅぐみるん,,[udugumir-],,(動詞),70,,埋める。,,,,,,,【例】ちっくゎ はまんき うどぅぐみゃん,〈スイカを浜に埋めた〉,,,,,,,,,,,,,,,,,,,,
277,1,,〜うとぅぐん,,[uTug-],,(助動詞),70,,~(て)おく。動詞の連用形に接続して〈準備・継続・放置〉を表す。,,,,,,,【例】あ さてぃぬ どぅるばぎんし いし=うとぅぎ,〈明後日の晩までにやっておけよ〉,うー うまんき びー=うとぅぎ,〈これをここに植えておけ〉,,,,,,,,,,,,,,,,,,
279,1,例文なし,うとぅだ,,[uTuda],,(名詞),71,,兄弟姉妹。,〔同〕うとぅだな、びぎぶない,,,,,,,,,,,,,,,,,,,,,,,,,,,
280,1,,うとぅだな,,[uTudana],,(名詞),71,,兄弟姉妹。,〔同〕うとぅだな、びぎぶない,,,,,,【例】うとぅだな なが んさ うら みさぬ,〈兄弟仲が良くてうらやましい〉,,,,,,,,,,,,,,,,,,,,
281,1,,うとぅとぅ,1,[uTuTu],B,(名詞),71,,(1)弟。妹。,,,,,,,【例】くや あんか゚ うとぅとぅどー,〈これは私の弟だ〉,,,,,,,,,,,,,,,,,,,,
281,2,,うとぅとぅ,1,[uTuTu],B,(名詞),71,,年下。目下。,,,,,,,【例】かりや んだかん うとぅとぅな?,〈彼は君より年下か?〉,,,,,,,,,,,,,,,,,,,,
282,1,例文なし,うとぅとぅ,2,[uTuTu],C,(名詞),71,,陰(かげ)。,〔同〕かんき゚,,,,,,,,,,,,,,,,,,,,,,,,,,,
283,1,,うどぅぶさん,,[udubusaN],A,(形容詞),71,,危ない。危険だ。,,,,,,,【例】うぶどぅまいはまや うどぅぶさどぅ ありゃ うん か゚ぬ=くとぅど,〈ウブドゥマイ(大泊)浜は危ないから泳がないことだよ〉, うんながや うどぅぶさどぅ あんす ‘とぅいしや ひんなよ,〈海は危険だ から一人では行くなよ〉,,,,,,,,,,,,,,,,,,
284,1,,うどぅる,1,[uduru],C,(名詞),71,〔鳥〕,鶉(ウズラ)。,,,(語源)日本語ウズラ〈鶉〉に対応。,[uzura>udura>uduru]※uduraの異分析(uduru-a)からの逆成か。,,,【例】うどぅるぬ　うやや　あがみうむい,〈ウズラの親は子思い〉,,,,,,,,,,,,,,,,,,,,
285,1,,,,,,,71,,,,,,,,,,,,,,,,,,,,,,,,,,,,,,
286,1,例文なし,うどぅる,2,[uduru], ,(名詞),71,,便所。古語。,,,,,,,,,,,,,,,,,,,,,,,,,,,,
287,1,,うどぅるぐん,,[udurug-],B,(動詞),71,,驚(おどろ)く。,,,(語源)日本語オドロク〈驚く〉に対応。,[odorok- >odorog->udurug-],(関連用語)あぶたゆー〈驚いた〉/あった うどぅる がし〈急に驚かす〉,,【例】 ち む   ふ り ん が る た   う ど ぅ る て ぃ   み ぬ た る ば ん や,〈肝が震えるほど驚いた〉,,,,,,,,,,,,,,,,,,,,
288,1,,うとぅん,1,[uT-],B,(動詞),71,,「うっとぅん」とも。打つ。殴る。叩く。,,,(語源)日本語ウツ〈打つ・撃つ〉に対応。,[ut->uT-],,,【例】さな ばちてぃ あみんき うったり=ぶんすや,〈傘を忘れて雨に打たれていたよ〉,ぎー きらぬんか゚しや みんぶる うったりるんど,〈言うことを聞かないと頭をぶたれるよ〉,あに さんに うたりてぃどぅ なてぃ=ぶたるてぃら,〈お兄さんに殴られて泣い ていたのだろう〉,,,,,,,,,,,,,,,,
289,1,,うとぅん,2,[uTus-],B,(動詞),72,,〔他〕(~を)落とす。,,,(語源)日本語オトス〈落とす〉に対応。,[otos->oTos->uTus-],,,【例】てぃし うとぅし,〈手で落とす〉,,,,,,,,,,,,,,,,,,,,
290,1,,うぬ,,[unu],B,(指示詞),72,,(1)その。連体詞。,,,,,,,【例】うぬ みゃらんや までぃ きゃんき゚んな,〈そのボールはまだ蹴るな〉,,,,,,,,,,,,,,,,,,,,
290,2,,うぬ,,[unu],B,(指示詞),72,,この。連体詞。,,,,,,,【例】 う ぬ   い ら ら   と ぅ で ぃ=こ-,〈この鎌を研いでこい〉(関連用語)うんにぬてぃーくんにぬてぃー,〈あの 手この手〉,,,,,,,,,,,,,,,,,,,
291,1,,うばいてぃ,,[ubaiTi],,(名詞),72,,年下の叔母(おば)。,,,,,,,【例】うばいてぃんか゚ いし=とぅらんでぃど,〈末のおばさんがやってくださるそうだよ〉,,,,,,,,,,,,,,,,,,,,
292,1,,うばに,,[ubani],C,(名詞),72,,長女。「うぶ」〈大〉と「あに」〈姉〉の合成語。,,,(語源)日本語オオ アネ〈長女〉に対応。,[owo'ane>obo'ane>obane>ubani],(関連用語)ふりうば に〈長女が兄弟姉妹の世話を焼く様子〉,,【例】うばに まりどぅ あんが ら うとぅとぅんたぬ=くとぅ かーばい きー=とぅらたん,〈長女に生まれているから年下の者のことをよくやってくれましたよ〉,,,,,,,,,,,,,,,,,,,,
293,1,,うぶあみ,,[ubu'ami],,(名詞),72,,父母の従兄弟の姉妹。伯母は「あみ」。,,,,,,,【例】うぶあみ だんき ひるん,〈叔母の家へ行く〉,うぶあみ わい=すんでぃさ,〈叔母さん、よくおいでになり ましたね〉(関連用語)うぶあみてぃ,〈父母の従姉妹の二女〉,あみてぃ,〈父 母の従姉妹の三女〉,,,,,,,,,,,,,,,
294,1,例文なし,うぶいや,,[ubu'iya],,(名詞),72,,伯父。父母の兄。,,,,,,,,,,,,,,,,,,,,,,,,,,,,
295,1,,うぶいるん,,[ubuir-],B,(動詞),72,,覚える。,,,(語源)日本語オボエル〈覚える〉に対応。,[oboye->ubuir-],,,【例】がっくぬ しんしんか゚ ならむぬや ばちらぬんき うぶい うとぅぎ,〈学校の先生が教えるものは忘れないで覚えておきなさい〉,,,,,,,,,,,,,,,,,,,,
296,1,,うぶ=うゆび,,[ubu'uyubi], ,(名詞),73,,親指〈大指〉の意。,,,,,,,【例】うぶ=うゆび してぃん だい だまし,〈親指を強く痛めてしまった〉,,,,,,,,,,,,,,,,,,,,
297,1,,うぶ-かでぃ,,[ubukadi],B,(名詞),73,,台風。,,,(語源)日本語オオ カゼ〈大風〉に対応。,[*opokaze>obokaze>ubukadi],,,【例】てぃん あがみがらや うぶ-かでぃ くんでぃどぅ ある,〈空が赤くなってくると、台風がやってくるといわれている〉,,,,,,,,,,,,,,,,,,,,
298,1,,うぶぎ,,[ubugi],,(副詞),73,,大きく。,,,,,,,【例】うぶぎ ふどぅい,〈こんなに大きくなって〉,,,,,,,,,,,,,,,,,,,,
299,1,,うぶ-くい,,[ubukui], ,(名詞),73,,大声。,,,,,,,【例】‘とぅぬ まいばらんき とぅんでぃんか゚しや うぶ-くいし む ぬ くとぅど,〈人前に出たら大きな声で話すことだよ〉,,,,,,,,,,,,,,,,,,,,
300,1,,うぶさん,,[ubusaN],,(形容詞),73,,多い。,,,(語源)日本語オオイ(オホシ)〈多い〉に対応。 ,[owosaN>obosaN>ubusaN],,,【例】んかちや くち がんまい ‘とぅ うぶさったんえー,〈昔は腰が曲がった人が多かったね〉,,,,,,,,,,,,,,,,,,,,
301,1,,うぶすりうさい,,[ubusuriusai],,(名詞),73,,,,,,,,,【例】うぶすりんき まる うさいんき うぶすりうさい んでぃ かぐびちに んどぅん,〈大皿に盛ったごちそうを「うぶすりうさい」と格別に呼ぶ〉,,,,,,,,,,,,,,,,,,,,
302,1,,うぶだ,,[ubuda],B,(名詞),73,,長男。「うぶ」〈大〉と「すだ」〈兄・年上〉の合成語に由来か。,,,(語源)〈大兄〉に対応。,[owoseda>owosoda >obohoda>ubuda],,,【例】うぶだや  ちま とぅるんす どうでぃどぅ あったんでぃ んどぅんさい,〈長男は相撲を取るのが上手だったらしいよ〉,,,,,,,,,,,,,,,,,,,,
303,1,,うぶに,,[ubuni],C,(名詞),73,,大根。,,,(語源)日本語オオネ(オホネ)〈大根〉に対応。,[*owone>obone>ubuni],,,【例】くぬ うぶにや んぶしてぃ まーんど,〈この大根は煮物にするとおいしいよ〉,,,,,,,,,,,,,,,,,,,,
304,1,例文なし,うぶぶでぃてぃ,,[ububudiTi],,(名詞),74,,四男の伯父。,,,,,,,,,,,,,,,,,,,,,,,,,,,,
305,1,例文なし,うぶぶんてぃ,,[ububuNTi],,(名詞),74,,三男の伯父。,,,,,,,,,,,,,,,,,,,,,,,,,,,,
306,1,例文なし,うぶや,,[ubuya],,(名詞),74,,母屋。「うぶだ」とも。,,,,,,,,,,,,,,,,,,,,,,,,,,,,
307,1,,うぶる,,[uburu],,(名詞),74,,釣瓶(つるべ)。クバ(和名ビロウ)の葉で作られる。、「てぃうぶる(」柄杓)、茅葺き家屋の屋根や雨戸、また、神事の場面では手を加えず、葉片の先端を結び合わせ香炉とし、さらに近年では酒瓶の包装用にも使われている。,,,,,,(文化的・民俗学的背景)クバは島内の全域に見られる。乾燥させた葉は軽くて丈夫、耐水性があり、釣瓶のほか「くばうん」〈クバ扇〉、「くばがさ」〈笠〉、「んぬ」〈蓑〉,【例】うぶるや かーがら  みん んむ=ばすん うち んまんき みん あんしみる=ばすん なす んき みん いりる=ばすん ‘かい=ぶたん,〈クバの釣瓶は井戸から水を汲む、牛馬に水浴びさせるとき苗代に水を入れるときにも使っていたよ〉,,,,,,,,,,,,,,,,,,,,
308,1,,ウブンギタ,,[ubuNgiTa],,(名詞),74,〔地名〕,字満田原の田の名。与那国最大級だった。,,,,,,,【例】ウブンギタ たぬ んびがら  たにはたらてぃ=ぶる ‘とぅんた んにんか゚しや ぐまたてぃ どぅ んなりたる,〈うぶんぎた田の後方から田で働いている人たちを見ると、とても小さく見えたもんだよ〉,,,,,,,,,,,,,,,,,,,,
309,1,,うま,,[uma],C,(指示詞),74,,(1)そこ。聞き手に近い場所、また、聞き手と話し手の双方が承知している場所・事柄を指す。,,,,,,,【例】うまや うんか゚にぬんどー,〈そこは泳げないよ〉,すー ぬ はたぎ きしや うまばぎん,〈今日の畑の耕作はそこまで〉,,,,,,,,,,,,,,,,,,
309,2,,うま,,[uma],C,(指示詞),74,,ここ。,〔同〕くま,,(語源)沖縄方言ッ ンマ /'Nma/ に対応。,[oma>uma],,,【例】うまんき むてぃ=こー,〈ここに持ってこい〉,うまんき  く まいに まーしく まるむぬ はいてぃどぅ、うまんき してぃや、ふ んでぃいらぬてぃら,〈ここに来る前においしいものを食べたから、ここに来て食べようとしないのだろう〉,,,,,,,,,,,,,,,,,,
310,1,,うみ,,[umi],C,(指示詞),75,,(1)そこに。そこへ。そこで。,,,,,,,【例】 う み   あ る   ふ っ た   と ぅ い=と ぅ ら し=んに,〈そこにある包丁を取ってくれ〉,,,,,,,,,,,,,,,,,,,,
310,2,,うみ,,[umi],C,(指示詞),75,,ここに。ここへ。ここで。,,,(語源)〈其処に〉の意。 ,[omani>omee>umi],,,【例】う み とぅんでぃ=ぶる まるむぬや ぬぐしてぃば しくん=きゃんか゚,〈ここに出ているご馳走はどのようにして支度をしたのか〉,,,,,,,,,,,,,,,,,,,,
311,1,,うみあさ,,[umi'asa],,(名詞),75,,曾祖父。ひいじいさん。祖父母の父にあたる人。(文化的・民俗学的背景)どぅむてぃ(世持ち)よもち。百姓役目の一つ。百姓を耕地に出して耕作に従事させ、その結果を村役人に報告するなど、村中のすべてのことにかかわった。,,,,,,,【例】 さ り   き て ぃ   ‘ た -とぅち くた どぅな うさみらにぬたば とぅい-たてぃ きるんでぃ  どぅなんちまんき だくにんか゚ わい=すたる=ばす いぶん きたんす や どぅむてぃ あたる ばやぬ うみあさんどぅ あたんでぃ んどぅん ど,〈(人頭税時代)干ばつがあって二年間税金が納められなかったので、取り立てのために与那国に役人がいらっしゃったとき、理由を説明したのは,〈世 持ち〉だった私の曾祖父だったというよ〉(関連用語)うみあぶ,〈曾祖母〉,,,,,,,,,,,,,,,,,,
312,1,,うむい,,[umui],,(名詞),75,,ある物事について考えをもつこと。,,,,,,,【例】みとぅだぬ ながや、とぅち とぅ るんにどぅ うむい ‘かなる,〈夫婦の仲は、年を取るほどに思いが深まる。(『与那国島人とくらし』新村政二より)〉,,,,,,,,,,,,,,,,,,,,
313,1,,うむい=くがりるん,,[umui+kugarir-], C+B,(動詞),75,,思い焦がれる。,,,,,,,【例】うむい=くがりるんすん くちさんど,〈思い焦がれるのも苦しいぞ〉,うむい=くがりでぃ ‘かてぃらりんな,〈思い焦がれて捨てら れるな。(無駄な片思いはよせ)〉,うむいくがりてぃ どぅーやぐ どぅみ  きゃんさい,〈思い焦がれてやっとで嫁にしたわい〉,うむいくがりでぃん  かりや ‘とぅぬむぬんでぃや,〈思い焦がれてもあれは他人のものなのに〉,,,,,,,,,,,,,,
314,1,,うむい=つん,,[umui+C-], C+A,(動詞),76,,諦(あきら)める。,,,,,,,【例】かぬ あがみ うむい=ちり,〈あの子をあきらめなさい〉,,,,,,,,,,,,,,,,,,,,
315,1,,うむい=んだん,,[umui+'Ndas-], C+B,(動詞),76,,思い出す。,,,,,,,【例】なんたはま うむい=んだし,〈ナンタ浜を思い出す〉,,,,,,,,,,,,,,,,,,,,
316,1,,うむぐとぅ,,[umuguTu],B,(名詞),76,,知恵。常識。,,,,,,,【例】でぃんぶん あいてぃん、うむぐとぅ みぬん,〈知識はあっても、知恵や常識はない〉,,,,,,,,,,,,,,,,,,,,
317,1,,うむっつぁん,,[umuCaN],C,(形容詞),76,,面白い。,,,(語源)日本語オモシ ロイに対応。,[omosirosaN>omoCohaN>umuCaN],,,【例】ぬー すむてぃば どぅむかや? うんか゚どぅ うむっつぁん ぎさる,〈どの本を読もうかな?こっちが面白そうだ〉,,,,,,,,,,,,,,,,,,,,
318,1,,うむてぃ,,[umuTi],B,(名詞),76,,(1)表。,,,,,,,【例】うらうむてぃ ある ‘とぅ,〈裏表がある人〉,,,,,,,,,,,,,,,,,,,,
318,2,,うむてぃ,,[umuTi],B,(名詞),76,,顔。,〔同〕ちら,,(語源)日本語オモテ〈面〉に対応。,[omote>umuTi],,,【例】 うむてぃ かみてぃ=くー,〈顔を洗ってきなさい〉,あった うむてぃ ばっ ち=きー たかやんでぃどぅ うむたる,〈ふと顔を忘れて誰かと思った〉,,,,,,,,,,,,,,,,,,
319,1,,うむん,1,[um-],B,(動詞),76,,(1)膿む。化膿する。,,,,,,,【例】 き で ぃ   う み ど ぅ=ぶ る ,〈傷が膿んでいる〉,,,,,,,,,,,,,,,,,,,,
319,2,,うむん,1,[um-],B,(動詞),76,,熟れる。熟する。,,,(語源)日本語ウム〈膿む・熟む〉に対応。,[om->um-],,,【例】 は た ぎ ぬ   ま ん ど ぅ い や   う み ど ぅ=ぶ る ,〈畑のパパイヤが熟れている〉,,,,,,,,,,,,,,,,,,,,
320,1,,うむん,2,[um-],B,(動詞),76,,紡ぐ。,,,,,,,【例】いとぅ うむん,〈糸を紡ぐ〉,,,,,,,,,,,,,,,,,,,,
321,1,,うむん,3,[umu-],B,(動詞),76,,「うむるん」とも。(1)思う。考える。,〔同〕かんがるん,,,,,,【例】んだや いやんか゚ んたる=くとぅ ぬんに うむい=ぶんか゚?,〈お前はお父さんが言ったことをどのように思っているの?〉,うむい うまぬた ある=くとぅ,〈考え てもみなかったこと〉,むぬ くとぅん うまにぬん,〈物事を考えられない〉,,,,,,,,,,,,,,,,
321,2,例文なし,うむん,3,[umu-],B,(動詞),76,,愛する。,,,(語源)日本語オモウ〈思う〉に対応。,[omow->omo'->umu-],,,,,,,,,,,,,,,,,,,,,,,,
322,1,,うや,,[uya],B,(名詞),77,,親(おや)。,,,(語源)日本語オヤ〈親〉に対応。,,,,【例】‘かないうやどぅ あんか゚ なしうやんに=きー あがみ あ たら=きー,〈養い親だが、実の親のようにして子を可愛がる〉,うや ぶら ぬ あがみ,〈親がいない子〉,,,,,,,,,,,,,,,,,,
323,1,,うやぎ,,[uyagi],,(名詞),77,,金持ち。,,,(語源)日本 語オオヤケ〈公〉に対応。,[owoyake>o'oyage>uyagi],,,【例】みんたふぬ すばに あだ あるとぅや うやぎ=きるんでぃ どぅ=ある,〈耳の近くにほくろがある人は富貴になるというよ〉,,,,,,,,,,,,,,,,,,,,
324,1,,うやぎ=うぶだら,,[uyagi'ubudara], ,(名詞),77,,富貴を示す大皿。(文化的・民俗学的背景)比川集落の祭り「んでぃまちり」の「うぶだら、ながだら、むぐだら、どぅみだら」の儀式で歌われる。,,,,,,,【例】うやぎ=うぶだら みゆやしょーり,〈富貴を示す大皿をお召し上がりくださいませ〉,,,,,,,,,,,,,,,,,,,,
325,1,例文なし,うやだい,,[uyadai],,(名詞),77,,奉仕作業(ほうしさぎょう)。,,,,,,,,,,,,,,,,,,,,,,,,,,,,
326,1,,うやは,,[uyaha],C,(名詞),77,,親子(おやこ)。,,,(語源)日本語オヤコに対応。,[*oyakura>oya hura>oyaha>uyaha],,,【例】うやは まどぅん くばむてぃ ‘くるん,〈親子が一緒にクバ餅を作る〉,うやはんでぃ んどぅばん うんにたる んにるんすや,〈親 子といってもこうまで似るとは〉,,,,,,,,,,,,,,,,,,
327,1,,うやび,,[uyabi],A,(名詞),77,,上。,,,(語源)日本語ウワベ〈上辺〉に対応。,,,,【例】どぅがぬ うやびんき たたみ ‘きー,〈床の上に畳を敷きなさい〉,,,,,,,,,,,,,,,,,,,,
328,1,,うやまい,,[uyamai],,(名詞),77,,敬(うやま)うこと。,,,,,,,【例】ういとぅや うやまい きらぬとぅ ならぬんど ,〈お年寄りを敬わないといけないよ〉,,,,,,,,,,,,,,,,,,,,
329,1,,うやん,,[uyas-],A,(動詞),77,,召し上がる。,,,,,,,【例】「ぬば うやし=わるな? さー うやし=わるな?」 「さーどぅ ぬみぶさる」,〈「何を召し上がりますか?お茶を召し上がりますか?」「お茶が飲みたいです」〉,,,,,,,,,,,,,,,,,,,,
330,1,,うやんとぅ,,[uyaNTu],C,(名詞),78,〔動物〕,ネズミ。,,,(語源)沖縄方言ッ ウェ ンチュ /(0)'weNcyu/ に対 応。,[oyabito>oyaNcyo>uyaNTu],,,【例】うやんとぅんき んなに ぷいつぁり,〈ネズミに着物をかじられた〉,うやんとぅや すとぅ=うやんでぃどぅ んだり=ぶる,〈ネ ズミは姑親といわれている〉,,,,,,,,,,,,,,,,,,
331,1,,うゆび,,[uyubi],C,(名詞),78,,指(ゆび)。手足の指の総称。,,,(語源)古語オヨビ〈指〉に対応。,[*oyobe>uyubi],(関連用語)うぶゆび〈親指〉/ んながぬ うゆび〈中指〉,,【例】うゆびや うてぃんきどぅ ぶらりる,〈指は内にぞ折れる。(指は内側にしか折ることができないように人間は親、兄弟姉妹など身内でまとまる。(与那国島のことわざ)〉, ‘とぅに うゆび さ さりだぎぬ ‘とぅや まりんな,〈他人に指をさされるような人になるな〉,,,,,,,,,,,,,,,,,,
332,1,,うゆび　なん,,[uyubi+nas-],C+B,(動詞),78,,指さす。,,,,,,,【例】ぬーまてぃんき うゆび=なんなよー,〈竜巻の時に指さすなよ〉,,,,,,,,,,,,,,,,,,,,
333,1,,うら,,[ura],B,(名詞),78,,裏。表の反対側。,,,(語源)日本語ウ ラ〈裏〉に対応。,[*ora>ura],,,【例】うら=うむてぃ みぬん,〈裏表がない〉,,,,,,,,,,,,,,,,,,,,
334,1,,うり,,[uri],,(感動詞),78,,ほれ。年下の者に物を渡す時の言葉。,,,,,,,【例】うり,〈ほれ〉,,,,,,,,,,,,,,,,,,,,
335,1,,うりるん,,[urir-],B,(動詞),78,,降りる。,,,(語源)日本語オリル〈降り る〉に対応。,[*ore->orir-],,,【例】んまがら うりるん,〈馬から降りる〉,,,,,,,,,,,,,,,,,,,,
336,1,,うるぎさん,,[urugisaN],,(形容詞),78,,涼しい。「うるぎゃん」とも。,〔同〕しださん,,,,,,【例】きぬ ‘たらや はい-かでぃ  うい うるぎさんすや,〈木の下は南風が吹いて涼しいよ〉,,,,,,,,,,,,,,,,,,,,
337,1,,うるぎゃん,,[urugyaN],,(形容詞),78,,涼しい。「うるぎさん」とも。,〔同〕しださん,,,,,,【例】すーや うるぎゃんすやー,〈今日は涼しいね〉,うるぎゃぐ ない=ぶんすや,〈涼しくなっているね〉,,,,,,,,,,,,,,,,,,
338,1,,うるむ,,[urumu],B,(名詞),79,〔季節〕,春。,,,(語源)沖縄方言ウリジン /(0)'uriziN/、ウルジン /(0)'uruziN/ に対応。,[*oruzome>o rozimo>oroNmo>urumu],(関連用語)うるむあみ〈春に多く降る雨〉,,【例】うるむ ないんでぃ きぬ はん つぁぬ はん ばぶりどぅ=ぶる,〈春になったとばかりに、木の葉も草の葉も目立って茂ってきたね〉,,,,,,,,,,,,,,,,,,,,
339,1,,うるむさんさんてぃ,,[urumusaNsaNTi],,(名詞),79,〔虫〕,イワサキクサゼミ。,,,,,,,【例】いびさるた　つぁぬ　ながに　じーっ　じーっんでぃ　うるむさんさんてぃんか　なぐんす　‘かりんか゚しや　あー　ばが=うるむ　なんすやんでぃ　あやひんでぃ　うまりたん〈幼い頃、草むらにジーッ、ジーッとイワサキクサゼミが鳴くのが聞こえると、ああ、春になったなあと、ホッとしたのを覚えているよ〉,,,,,,,,,,,,,,,,,,,,,
340,1,,うるん,1,[ur-],A,(動詞),79,,売る。,,,,,,,【例】たー わんでぃ んどぅんさい,〈田を売ったというね〉,みのが さ ‘くいてぃ うい=ぶたん,〈笠を編んで売っていた〉,うぶに むてぃ  いてぃてぃ ういてぃ こ -,〈大根を持って行って売って来なさい〉,,,,,,,,,,,,,,,,
341,1,,うるん,2,[ur-], ,(動詞),79,,織(お)る。,,,,,,,【例】まんく゚ぬ みんでぃ すんか゚てぃ んなに うい=ぶる,〈孫の分にと振り袖を織っている〉,んだ んなに うるんでぃ あぶたや ‘とぅ むてぃがら はただまに んとぅい=わるんさい,〈あなたの着物を織るため、 お母さんは朝から機織り機に座ったままだよ〉,,,,,,,,,,,,,,,,,,
342,1,,うるん,3,[urus-],B,(動詞),79,,〔他〕(1)(~を)降ろす。/うらぬん、うるばす、うるんな、うるしゃん,,,,,,,【例】くるまがら にー うるし=とぅらしんに,〈車から荷物を降ろしてくれ〉,ないうるし,〈苗おろし。発芽した種籾を苗代に蒔 くこと〉,,,,,,,,,,,,,,,,,,
342,2,,うるん,3,[urus-],B,(動詞),79,,蒔く。,,,(語源)日本語オロス〈降ろす〉に対応。,[oros->urus-],,,【例】きん だぐにぬ たに うるば みん かぎりよ,〈ニンジンの種を蒔くので水をかけなさいよ〉,,,,,,,,,,,,,,,,,,,,
343,1,,うん,1,[uN],B,(名詞),79,,鬼(おに)。「うに」とも。,,,,,,,【例】ほー、うんぬ ちら きてぃ,〈ほー、鬼の(ような)顔をして〉,,,,,,,,,,,,,,,,,,,,
344,1,,うん,2,[uN], ,(名詞),80,,襟(えり)。,,,,,,,【例】んなにぬ うん,〈着物の襟〉,うん ちまたり=ぶる ぬい,〈襟がしわになっている、直しなさい〉,,,,,,,,,,,,,,,,,,
345,1,例文なし,うん,3,[uN],C,(名詞),80,,扇(おうぎ)。,,,(語源)日本語オウギ〈扇〉に対応。,[augi>oozi>ooN>uN],,,,,,,,,,,,,,,,,,,,,,,,
346,1,,うん,4,[u-],A,(動詞),80,,追う。,,,(語源)日本語オウ〈追う〉に対応。,[ow->o'->u-],,,【例】はい うい。 んま うい。 うち うい,〈ハエを追え。馬を追え。牛を追え〉,,,,,,,,,,,,,,,,,,,,
347,1,,〜うんがら,,[uNgara],,(接辞),80,,~(だ)から。~(な)ので。連体形に接続して順接の意味を表す接辞。「~うんがら」とも。「~ゆんがら」>「~うんがら」>「~んがら」でできた「~んがら」は異分析により終止形に接続する「~がら」となっている。,,,(語源)石垣方言ユンカラ〈ゆえに〉に対応。,,,,【例】つ いまいどぅ あるうんがら ‘たんか゚んきどぅ んなりる,〈一つ違いの子だから双子のようにみえる〉,,,,,,,,,,,,,,,,,,,,
348,1,,うん-くでぃら,,[uNkudira], ,(名詞),80,,大きなクジラ。〈鬼鯨〉の意。,,,,,,,【例】うんくでぃらにぬ ‘とぅー,〈ものすごく大きな人〉,,,,,,,,,,,,,,,,,,,,
349,1,,うんてぃ,,[uNTi],C,(名詞),80,,芋(いも)。,,,(語源)古語ウモ〈芋〉に指小辞「~てぃ」が付いた形か。 ,[*umu-Ti>uNTi],,,【例】 ん か ち や   う ん て ぃ ぬ=い ど ぅ   は い=ぶ た る ,〈昔は芋飯を食べていた〉,むいうんてぃ ‘とぅぐ あまいどぅ=ぶる,〈イモのにぎ りが一個余っている〉,,,,,,,,,,,,,,,,,,
350,1,,うんてぃ-きし,,[uNTikisi], ,(名詞),80,,芋掘り。,,,,,,,【例】うんてぃきし する。 うんてぃ むてぃ くろ,〈芋掘りから帰って来たばかりだよ。芋餅を作ろう〉,,,,,,,,,,,,,,,,,,,,
351,1,,うんとぅ,,[uNTu],C,(名詞),80,,膿(うみ)。,,,(語源)沖縄方言ウンチュ /(0)'uN cyu/ に対応。,[omiko>omicyo>oNTo>uNTu],,,【例】きでぃがら ひぐい はい うんとぅ きー=ならぬん,〈傷から菌が入って膿が出てどうにもならない〉,,,,,,,,,,,,,,,,,,,,
352,1,,うんなが,,[uNnaga],C,(名詞),81,,海。「うん」〈海〉と「なが」〈中〉の合成語。,,,(語源)ウミナカ〈海中〉に 対応。,[*ominaka>oNnaga>uNnaga],,,【例】うんながんきどぅひるんでぃいし=ぶるてぃら〈海に行こうとしているのだろう〉/うぶなんぬあとぅやうんながぬはたんきひんな。しきゃなんか゚うぐり=くんど〈大地震の後は海の近くに行くな。津波がやってくるよ〉,,,,,,,,,,,,,,,,,,,,,
353,1,,うんなる,,[uNnaru],,(名詞),81,〔植物〕,タイミンチク。,〔同〕うんなるだぎ。常緑低木。海岸近くに生え、高さ1~3m。タケノコ(筍)は食用になる。,,,,,,【例】 う ん な る ぬ   う や=か ぐ し ん でぃ んどぅんすや うやだぎんき  うす あたいてぃ すらんぱ かり てぃ どぅだ むてぃてぃ ‘くゎーぐ なるたみ ない=ぶる,〈「タイミンチク(の若竹)が親竹を隠す」というのは、親竹に潮があたり、梢が枯れ、枝持ちが低くなるためである〉,うんなるや たばい ‘くいてぃ ふてぃん き ‘かい=ぶたる,〈タイミンチクは束を作り箒に使っていた〉,,,,,,,,,,,,,,,,,,
354,1,,うんぬ=あった,,[uNnu+aTa], ,(名詞),81,,翌日(よくじつ)。次の日。「うなった」とも。,,,(語源)〈その明日〉の意。,[ono-asita>ono'as(i)Ta>unu' aTa>uNnu'aTa],,,【例】あぬや いてぃてぃ=ぶん がら んだや うんぬ=あった こー,〈私は行っているから君は翌日来なさい〉,んだんか゚ かいし=ひたる うんぬ=あったどぅ あたる,〈君が帰っ ていった翌日であった〉,,,,,,,,,,,,,,,,,,
355,1,,〜え,,[e],,(助詞),81,,~だね。文末詞。,,,(語源)沖縄方言イー /ii/ に対応するか。,,,,【例】すーや いー わしき ないてぃ んさたんがえ,〈今日はいい天気になってよかったね〉,,,,,,,,,,,,,,,,,,,,
356,1,,えい,,[ei],,(感動詞),81,,「えーい」とも。年下に応答するときの言葉。おう。,,,,,,,【例】「あさ くまどぅ あんか゚いさてぃど あさ」「えーい」,〈「おじいさん、ここが東崎ですよ。おじいさん」「おう(そうか)」〉,「ちむすり=わりよ あさ」「えーい」,〈「お心穏やか にしてくださいね、おじいさん「」おう」〉,,,,,,,,,,,,,,,,,,
357,1,例文なし,おう,,[ou],,(感動詞),81,,はい。目上に応答するときの言葉。言葉と同時に頭を下げる。〈承知した〉というときも「おう」と返事する。(関連用語)おん(目上に用いる),,,,,,,,,,,,,,,,,,,,,,,,,,,,
358,1,,〜か,,[Ka],,(助詞),82,,~より。比較の基準を表す。,,,(語源)日本語ヨリカに対応するか ,[yorika>yoKa>iKa>Ka],,,【例】だまかや うんながんか゚どぅ まち,〈山よりは海がよい〉,んだや あぬか だーち ばがんすや,〈君は私より八つ若い ねえ〉,,,,,,,,,,,,,,,,,,
359,1,,〜がら,,[gara],,(助詞),82,,~から。格助詞。(1)起点を表す。,,,,,,,【例】‘とぅむてぃがら あみ ふい=ぶんす や,〈朝から雨が降っているよ〉,うぬ なががら いらび とぅり,〈この中か ら選び取りなさい(選んで取っていきなさい)〉,,,,,,,,,,,,,,,,,,
359,2,,〜がら,,[gara],,(助詞),82,,経路を表す。,,,,,,,【例】だんぬ み あみてぃがら あいぐんな,〈暗い道を歩くな〉,,,,,,,,,,,,,,,,,,,,
359,3,,〜がら,,[gara],,(助詞),82,,手段を表す。,,,,,,,【例】ん にがら ひるん,〈船で行く〉,,,,,,,,,,,,,,,,,,,,
359,4,,〜がら,,[gara],,(助詞),82,,受身分の動作主を表す。,,,,,,,【例】いんがら う い-かぎらり,〈犬に追いかけられた〉,,,,,,,,,,,,,,,,,,,,
360,1,,かー,1,[ka],A,(名詞),82,,(1)川。,,,,,,,【例】たぶる-かーんき んなに あらいんでぃ でぃ,〈田原川に着物を洗いに行こう〉,,,,,,,,,,,,,,,,,,,,
360,2,,かー,1,[ka],A,(名詞),82,,井戸。,,,(語源)日本語カワ「川」に対応。,[kawa>ka'a>ka],,,【例】むらぬ にしいち にしにぬ かーや あ まみん-かーどぅ あたんか゚ ふがや ぶる んだみん-かーどぅ あたる,〈祖納の西一、西二の井戸は淡水の出る井戸であったが、他は全部塩水の出る井戸だったよ〉,,,,,,,,,,,,,,,,,,,,
361,1,,かー,2,[ka],B,(名詞),82,,皮(かわ)。人や動物、植物の外側。,,,(語源)日本語カワ〈皮〉に対応。,[kawa>ka'a>ka],,,【例】てぃぬ かー はんき゚るた しかま  きー=ぶたんどー,〈手の皮がむけるほど、仕事をしていたよ〉,うちぬ かー ぬ んぬん うってぃ ぶー ‘かい=ぶる,〈牛の皮で出来た太鼓を打ち鳴ら し棒踊りを披露している〉,,,,,,,,,,,,,,,,,,
362,1,,‘かー,,[Ka],C,(名詞),82,,司(つかさ)。,,,(語源)日本語ツカサ〈司〉に対 応。,[tukasa>cikasa>s(i)Ka(h)a>Ka],(関連用語)うぶか〈大司。与那国の祭祀 組織の最高位。トゥ ヤマウガンの祭祀を司祭する〉/すばか〈側司。トゥ ヤマウガン以外の祭祀を司祭する〉/ ‘かあぶ〈司ばあさん。司に対する親しみを持った呼称〉/てぃでぃび〈司の世話役をする男性の神役〉,,【例】かぬとぅんか゚どぅ くぶら=うんか゚んぬ ‘かー あい=わ る,〈あの方が久部良拝所の司でいらっしゃる〉,,,,,,,,,,,,,,,,,,,,
363,1,,〜かーでぃ,,[kadi],C,(形式名詞),83,,「~かでぃ」とも。~ごとに。~たびに。,,,(語源)日本語カズ〈数〉に対応。,[kazu>kadi],,,【例】 ち ぬ-か ー で ぃ   う ん て ぃ ぬ   いーば はい びんでぃどぅ=ぶる,〈毎日お芋のご飯ばっかり食べて飽きている〉,しかま きる かーでぃ うやかたに むたかり,〈仕事をするたび に親方に叱られている〉,がっくんき ひる かでぃ とぅばるんすや,〈学 校に行くたびに会いますね〉,,,,,,,,,,,,,,,,
364,1,,〜ｎか゚,,[ŋa],,(助詞),83,,~が。格助詞の一つ。(1)動作を行う主体や主語を表す。,,,,,,,【例】まゆんか゚ うや んとぅ かちみゃん,〈猫がネズミを捕まえた〉,あんか゚どぅ さてぃど,〈私が 先だよ〉,,,,,,,,,,,,,,,,,,
364,2,,〜ｎか゚,,[ŋa],,(助詞),83,,所有など属格を表す。日本語の「の」に当たる。,,,(語源)日本語ガ(助詞)に対応。,[ga>ŋa],,,【例】うや か りんか゚ むぬど,〈これは彼のものだよ〉,,,,,,,,,,,,,,,,,,,,
365,1,,かーばい,,[kabai],A,(名詞),83,,よく。,,,,,,,【例】あてぃんか゚どぅ あぬ かーばい すいだてぃ=とぅらたんでぃ  んどぅんさい,〈姉がよく私をお守りしてくれたそうだ〉,,,,,,,,,,,,,,,,,,,,
366,1,,‘かーん,,[KaN],C,(形容詞),83,,深い。,〔対〕あさん〈浅い〉,,(語源) 日本語フカイ〈深い〉に対応。,[pukasaN>hukasaN>h(u)KahaN>KaN],,,【例】くぬ かーんか゚どぅ どぅなんに いってぃん  ‘かーんでぃ んどぅんさい,〈この井戸が与那国で最も深いというよ〉,,,,,,,,,,,,,,,,,,,,
367,1,,かいく,,[kaiKu],C,(名詞),83,〔虫〕,蚕(カイコ)。,,,,,,,【例】かいく ‘かない=ぶる だーんき はゆんなよー,〈蚕を飼っている家に無断で入らないことだよ〉,,,,,,,,,,,,,,,,,,,,
368,1,,かいｎく゚,,[kaiŋu],C,(名詞),83,,卵。,,,(語源)古語カヒゴ〈卵〉に対応。,[kawigo>ka'iŋo>kaiŋu],,,【例】かいんく゚ うやしてぃ くんてぃ きーわれ,〈卵を食べて気力をつけてください〉,,,,,,,,,,,,,,,,,,,,
369,1,,かいし,1,[kaisi],C,(名詞),83,,「かし」とも。手伝い。加勢。応援。,,,(語源)日本語 kasei〈加勢〉に対応。,[kasei >kasi>kaisi],(関連用語)かいしにん〈手伝い人〉,,【例】 あ た や   は だ ぎ   い す ん か゚ さ ど ぅ   ありゃ かいし=きりよ,〈明日は畑仕事が忙しいから加勢しなさいよ〉,てぃぬ かいしや なるんか゚ ちむぬ かいしや ならぬん,〈手での応援はでき るが、人の心の手伝いはできない〉,,,,,,,,,,,,,,,,,,
370,1,例文なし,かいし,2,[kaisi],C,(名詞),84,,お返し。,,,(語源)日本語カエシに対応。,[kaesi>kaesi>kaisi],,,,,,,,,,,,,,,,,,,,,,,,
371,1,,かいし=くん,,[kaisi+ku-], C+B,(動詞),84,,帰って来る。,,,,,,,【例】 い や ん か゚   し か ま が ら   か い し=く ん ,〈お父さんが仕事から帰って来る〉,あぶたんか゚ はたぎがら かいし=すん,〈お母さんが畑か ら帰って来た〉,,,,,,,,,,,,,,,,,,
372,1,,かいだでぃ,,[kaidadi],B,(名詞),84,,カイダー字。与那国島に古くから伝わる象形文字。貢ぎ物やその他日用品の授受貸借、あるいは収穫、納付、交換、売買などに際し、備忘のために用いられた一種の共通表記。,,,,,,,【例】あんか゚ あさぬ どぅにどぅ かいだでぃがら  かびんき でぃー かぐんに なったんでぃ んどぅんさい,〈私のおじいさんの時代にカイダー字から紙に文字を書くようになったというよ〉,,,,,,,,,,,,,,,,,,,,
373,1,,かいむぬ,,[kaimunu],A,(名詞),84,,買い物。,,,,,,,【例】「みしやんき かいむぬ きーんでぃ ひー=とぅらぬな?」「お う。 ぬーば かい=くーかや?」「たまなとぅ んに かい=しー=とぅら しんに」,〈「お店に買い物しに行ってくれるかな?」「はい。何を買ってきますか?」「キャベツと米を買ってきてちょうだい」〉,,,,,,,,,,,,,,,,,,,,
374,1,,かがたるん,,[kagaTar-],A,(動詞),84,,怒鳴る。叫ぶ。,,,,,,,【例】 く い   か ー り る た   か が た い=み ぬ ば ん ,〈声がかれるまで怒鳴ってしまった〉,,,,,,,,,,,,,,,,,,,,
375,1,,かがるん,,[kagar-],,(動詞),84,,触る。,〔同〕さばるん,,,,,,【例】うちんき かがい,〈牛に触る〉,,,,,,,,,,,,,,,,,,,,
376,1,,かｎか゚ん,1,[kaŋaN],B,(名詞),84,,鏡(かがみ)。,,,(語源)日本語カガミに対応。,[kagami >kaŋaN],,,【例】ぬーんか゚ びっかい=ぶんか゚ かんか゚ん んに=んにんに,〈何が付いているのか鏡を見てごらん〉,,,,,,,,,,,,,,,,,,,,
377,1,,かｎか゚ん,2,[kaŋaN],B,(名詞),85,,鶏冠(とさか)。,,,,,,,【例】んだ みったぬ かんか゚んや あびゃんすや,〈あなたのニワトリの鶏冠はきれいだね〉,,,,,,,,,,,,,,,,,,,,
378,1,,かｎき゚,,[kaŋi],C,(名詞),85,,陰(かげ)。,,,(語源)日本語カゲに対応。,[kage>kaŋi],,,【例】あっつぁりゃ きぬ かんき゚に あんび,〈暑いから木の陰で遊びなさい〉,かんき゚ ない てぃだんぬみ ない,〈蔭になり 日向になり〉,,,,,,,,,,,,,,,,,,
379,1,,かぎらん,,[kagiras-],B,(動詞),85,,駆ける。急ぐ。駆け足で行く。,,,,,,,【例】あまてぃ んだ かぎらし いてぃてぃ  くー,〈ちょっとお前、駆け足で行ってこい〉,かぎらし くーよー,〈急いで おいでよ〉,かぎらし ひりよー,〈早く行けよ-〉,かぎらい,〈急いで〉,,,,,,,,,,,,,,
380,1,,かぐ,,[kagu],A,(名詞),85,,屋敷内の野菜畑。,〔同〕あたくい,,,,,,【例】かぐがら うぶに とぅん ぬでぃ  こー,〈(屋敷内の)菜園から大根を一本抜いてきなさい〉,,,,,,,,,,,,,,,,,,,,
381,1,,かぐでぃ,,[kagudi],C,(名詞),85,,顎(あご)。,〔同〕うとぅんか゚い,,(語源)沖縄方言 カクジ /(0)kakuzi/ に対応。,[kakozi>kagozi>kagudi],,,【例】あらーぐ ばらい かぐでぃ はんでぃん だぎどぅ ある,〈あんまり笑って顎が外れてしまいそうだ〉,,,,,,,,,,,,,,,,,,,,
382,1,,かぐん,1,[kag-],B,(動詞),85,,書く。「かぐん(2)〈」掻く〉と同源。,,,(語源)日本語カク〈書く〉に対応。,[kak->kag-],,,【例】どぅぬ なー かぐん,〈自分の名を書く〉,いやか あぶたんか゚どぅ でぃや どぅでぃ あるゆんがら あぶたんか゚ どぅ いじゃい かてゃる,〈お父さんよりお母さんが字は上手だから、お母 さんが手紙を書いた〉,,,,,,,,,,,,,,,,,,
383,1,,かぐん,2,[kag-],B,(動詞),85,,掻(か)く。,,,(語源)日 本語カク〈掻く〉に対応。,[kak->kag-],,,【例】きゃーる どぅぐる かぐん,〈かゆいところを掻く〉,く ちぶに きゃぬ かてぃ=とぅらしんに,〈背中がかゆい、掻いてくれ〉,だ まんき いてぃてぃ びんく゚い さばいてぃどぅ、はだ かてぃ ぶたる  てぃら,〈山に行ってクワズイモに触って、肌を掻いていたのだろう〉,,,,,,,,,,,,,,,,
384,1,,かぐん,3,[kagus-],B,(動詞),86,,隠(かく)す。(文化的・民俗学的背景)今は少なくなったが、一昔前はお金は位牌の下や仏壇の後ろに隠していた。,,,,,,,【例】とぅぐぬ ‘たらんき すくむぬ かみ うとぅぎ,〈仏壇の下に焼香の品を大事に取って,〈隠す〉置きなさい〉,,,,,,,,,,,,,,,,,,,
385,1,,かさ,,[kasa],B,(名詞),86,,笠(かさ)。,,,(語源)日本語カサ〈笠・傘〉に対応。,,,,【例】あみ ふいんだぎどぅ=あんす かさ むてぃ=ひり,〈雨が降りそうだよ。笠を持って行きなさい〉,,,,,,,,,,,,,,,,,,,,
386,1,,かさんた,,[kasaNTa],C,(名詞),86,〔虫〕,バッタ。,,,,,,,【例】あまだ=はたぎや かさんた んがい むぬ ならぬん ,〈サトウキビ畑はバッタにたかられどうにもならない(バッタに全部食われてしまった)〉,,,,,,,,,,,,,,,,,,,,
387,1,,‘かしむぬ,,[Kasimunu],B,(名詞),86,,嘘(うそ)。,,,(語源)スカシモノ〈賺しもの〉に対応。,[*sukasyemono>sikasyemono>s(i)Kasemono>Kasimunu],,,【例】‘かしむぬ きんな,〈嘘をつくな〉,,,,,,,,,,,,,,,,,,,,
388,1,,〜ｎか゚しや,,[ŋasiya],,(接辞),86,,~すると。~するやいなや。動詞の連用形に接続して〈条件〉を表す。,,,,,,,【例】 しっぱい いりんか゚しや あんでぃるんど,〈たくさん入れるとあふれるよ〉,うみ いちぶぐ なんき゚ あんびんか゚しゃ みんかみ ばるんどー,〈ここ で石を投げて遊んだら水瓶を割るぞ〉,,,,,,,,,,,,,,,,,,
389,1,,かだい,,[kadai],A,(名詞),86,,臭い(匂い)。「かだ」とも。,,,(語源)古語カ ザ〈匂〉に対応。,[kaza>kada],(関連用語)つぁり-かだい〈腐った臭い〉/す む-かだい〈染みついたいやな臭い〉,,【例】まぶたる かだい きるんすや,〈おいしそうな匂いがするね〉,いゆぬ かだい つぁーぬ ならぬん,〈魚の臭いがきつ い〉,ちる ちー かだい きるん,〈汁がすえた臭いがする〉,,,,,,,,,,,,,,,,
390,1,,かたが,,[kaTaga],C,(名詞),86,,日陰(ひかげ)。,〔同〕かんき゚,,(語源)沖縄方言カタカ /(0)kataka/ に対応。,[kataka>kaTaga],,,【例】なちぬ うぶきー-かんき゚ ばー いやとぅ  たぎんかい。 ふゆぬ どぅしきぬ かたがや あぶたぬ くるながんに,〈夏の大木陰は自分のおやじみたい。冬のススキの陰は母親の懐の中のようだ〉,,,,,,,,,,,,,,,,,,,,
391,1,,かたｎき゚るん,,[kaTaŋir-],,(動詞),87,,掛ける。,,,,,,,【例】んなに くびんき かたんき゚ うとぅぎ,〈着物を壁に掛けておきなさい〉,,,,,,,,,,,,,,,,,,,,
392,1,,かたぐち,,[kaTaguCi],B,(名詞),87,,梳(す)き櫛(ぐし)。,,,(語源)宮古方言 カタグス /katagusï/〈梳き櫛〉に対応。,[katagusi>kaTaguCi],,,【例】んかちや つぁん はいつぁりるば とぅるんでぃ  みぬんか゚んた かたぐちし からん きんでぃ=ぶたる,〈昔はシラミが群らがったのを取るため女性たちは梳き櫛で髪を梳いていたよ〉,,,,,,,,,,,,,,,,,,,,
393,1,,かたぐてぃ,,[kaTaguTi],B,(名詞),87,,片側。片方。,,,(語源)カタグチ〈方口〉に対応。,[kataguti>kataguci>kaTaguTi],,,【例】かたぐてぃがら ぶる ちでぃみり,〈片っ端から全部片付けなさい〉,,,,,,,,,,,,,,,,,,,,
394,1,,かたち,,[kaTaCi],A,(名詞),87,,(1)形。,,,,,,,【例】くぬ=むぬ かたち どぅがみどぅ=ぶんすや,〈このものの形ゆがんでいるね〉,んだ ちら-かたち とぅりどぅ=ぶんか゚ しばる=くとぅ  あいびな?,〈あなたの顔形がくずれているけど心配事があるの?〉,,,,,,,,,,,,,,,,,,
394,2,,かたち,,[kaTaCi],A,(名詞),87,,容姿。,,,(語源)日本語 カタチに対応。,,,,【例】かりや かたち すらさんすや,〈彼は姿がきれいですね〉,,,,,,,,,,,,,,,,,,,,
395,1,,かたな,,[kaTana],C,(名詞),87,,刀。,,,(語源)日本語カタナ〈刀〉に対応。,[katana>kaTana],,,【例】ばんか゚ ぐまるたや だまんき てぃむぬ さいんでぃ かたな  くんきてぃ ひー=ぶたる,〈僕らが幼い頃は山に薪取りに行くのに、刀を腰につけて行っていたよ〉,,,,,,,,,,,,,,,,,,,,
396,1,,かたぶるち,,[kaTaburuCi],B,(名詞),87,,肩。,,,(語源)宮古方言カタムルス /katamurusï/〈肩〉に対応。,[katamorosi>k ataborosi>kaTaburuCi],,,【例】かたぶるち ぶい,〈肩の骨を折った〉,かたぶるちんき ぬし,〈肩に 乗せる〉,,,,,,,,,,,,,,,,,,
397,1,例文なし,かたまるん,,[kaTamar-],A,(動詞),87,,固まる。,,,,,,,,,,,,,,,,,,,,,,,,,,,,
398,1,例文なし,かたむん,,[kaTam-],B,(動詞),87,,(荷を)担ぐ。,,,(語源)九州方言カタメル〈担ぐ〉に対応。,[katame->katame(r)- >kaTamir-...>kaTam-],,,,,,,,,,,,,,,,,,,,,,,,
399,1,例文なし,かだるん,,[kadar-],A,(動詞),88,,匂う。,,,(語源)本土方言カザル〈匂う〉に対応。,,,,,,,,,,,,,,,,,,,,,,,,,
400,1,,かたん,,[kaTas-],B,(動詞),88,,混ぜる。〈掻き合わせる〉の意。,,,(語源)カキアワス〈掻き合わす〉に対応。,[kaki-awas->kacya'as->kaTas-],,,【例】みんとぅ ‘くー かたしゃん,〈水と粉を混ぜた〉,ういや ひでぃくるとぅ かたしてぃ はいんか゚しや まーん どー,〈キュ ウリはかつお節と混ぜて食べたらおいしいよ〉,,,,,,,,,,,,,,,,,,
401,1,,かだんく,,[kadaNKu],C,(名詞),88,〔虫〕,蚊(か)。,,,(語源)沖縄方言 ガジャ ン /(0)gazaN/ に対応。,[kazyamuko>kadaNKo>kadaNKu],,,【例】どぅび どぅとぅ かだんくに いらり にんだにぬた んすや,〈昨晩一晩中、蚊にたかられ(刺され)眠れなかったよ〉,,,,,,,,,,,,,,,,,,,,
402,1,,かち,,[kaCi],B,(名詞),88,,粕(かす)。,,,(語源)日本語カス〈粕〉に対応。,[kasu>kasi>kaCi],,,【例】すゆぬ かち。 とぅぶぬ かち,〈醤油の粕。豆腐の粕(=おから)〉,,,,,,,,,,,,,,,,,,,,
403,1,例文なし,かちだい,,[kaCidai],C,(名詞),88,,酒粕(さけかす)。,,,,,,,,,,,,,,,,,,,,,,,,,,,,
404,1,,かちまさん,,[kaCimasaN],,(形容詞),88,,うるさい。しつこい。じれったい。煩わしい。,,,(語源)日本語カシマシイ〈姦しい〉に対応。,[kasimasisaN>kaCimas aN],,,【例】あがみんたんか゚ だぬなが  ふいつぁらし かちまさどぅ あんすや,〈子供たちが家の中を散らかしてうるさいね〉,,,,,,,,,,,,,,,,,,,,
405,1,,かちみるん,,[kaCimir-],A,(動詞),88,,(1)掴(つか)む。,,,,,,,【例】んな かちみり,〈縄を掴め〉,,,,,,,,,,,,,,,,,,,,
405,2,,かちみるん,,[kaCimir-],A,(動詞),88,,捕まえる。,,,(語源)沖縄方言カチミユン /(1)kacimiyuN/ に対応。,,,,【例】うちぬ あがみ かちみるん,〈子牛を捕まえる〉,まゆんか゚ うやんとぅ かちみゃ ん,〈猫がネズミを捕まえた〉,,,,,,,,,,,,,,,,,,
406,1,,かつー,,[kaCu],A,(名詞),88,〔魚〕,カツオ。,,,,,,,【例】はつだぬ かつぬ なやや いくっつぁ まいにや 東洋一んでぃ んだり=ぶたる,〈発田の鰹工場は戦前は東洋一といわれていたよ〉,,,,,,,,,,,,,,,,,,,,
407,1,,かつしん,,[kaCusiN],A,(名詞),89,,鰹船。,,,,,,,【例】ちまに かつしん んなにぬんき なーがえー,〈島の鰹船が見られなくなったね〉,,,,,,,,,,,,,,,,,,,,
408,1,,〜‘かってぃるん,,[KaTir-],B,(動詞),89,,~(て)しまう。動詞の連用形に接続し〈完了〉を表す。,,,(語源)与 那国固有語か。,,,,【例】でぃん ぶる  ‘かい=‘かってぃ=みぬんすや,〈お金を全部使い切ってしまった〉,,,,,,,,,,,,,,,,,,,,
409,2,,‘かってぃるん,,[KaTir-],B,(動詞),89,,放置する。,,,,,,,【例】 いちばぎん ながぬりゃ ‘かってぃ=うとぅぎ。 ひっとぅいぬ ひーどぅ  ふる あみや みぬん,〈(赤ん坊が泣き止まないときに)ずっと泣いているわけではないので放っておきなさい。一日中降る雨はない(いつか泣き止む)。(与那国のことわざ)〉,,,,,,,,,,,,,,,,,,,,
409,3,,‘かってぃるん,,[KaTir-],B,(動詞),89,,なくす。,,,(語源)与那国固有語か。,,,,【例】 で ぃ ん   ‘ か っ て ぃ=み ぬ ん 、 ん ま んき うとぅてぃたんでぃ ばがらぬんすや,〈お金をなくしてしまった、どこに置いたのか分からないな〉,,,,,,,,,,,,,,,,,,,,
410,1,,かてぃ,,[kaTi],A,(名詞),90,,垣。,,,(語源)日本語カキ〈垣〉に対応。,[kaki>ka ci>kaTi],,,【例】かてぃや んかち つぁーだぎんた うんなるんた いちぶぐんた しどぅ ‘くい=ぶたんか゚、ないや ぐしくんたん ブロッ ク んき かば い=ぶんがえー,〈垣は、昔、つぁだぎやタイミンチクや石でつくっていたよ。今は石垣もブロックに変わったね〉,,,,,,,,,,,,,,,,,,,,
411,1,,かでぃ,1,[kadi],A,(名詞),90,,(1)風。,,,,,,,【例】かでぃ すさん,〈風が強い〉,うぶ-きー むとぅに つまどぅ ぐい きりゃ かでぃ びるびる ‘てぃ あやひーんでぃ うまりたん,〈大 木のもとで昼の休憩をしたらそよ風が吹いてやれやれと思った〉,かでぃぬ  むちんどぅり にちなるくとぅ あたや うぶはいむとぅに さんにぬだい てぃんき,〈風が凪ぎ、風向きが変わって北風になることがあったら、ウブハイ ムトゥ、サンニヌ台で行楽しましょう 「 与那国民謡『どぅなんスンカニ』よ り 」〉,,,,,,,,,,,,,,,,
411,2,,かでぃ,1,[kadi],A,(名詞),90,,風邪。,,,(語源)日本語カゼ〈風〉 に対応。,[kaze>kadi],(関連用語)にち-かでぃ〈北風〉/はい-かでぃ〈南風〉 /あんか゚い-かでぃ〈東風〉/いり-かでぃ〈西風〉/かでぃがまい〈台風対 策〉/かでぃにんか゚い〈順風=航海安全の神事〉/かでぃぬたーでぃん〈風下。 対語「かでぃぬわら(」風上)〉/かでぃぶんたい かでぃてぃばらい〈風が吹 き荒れる〉/かでぃぬむちんどぅり〈無風状態。海のべた凪〉,,【例】 く ぬ   あ が み や   か で ぃ ん で ぃ   う む い=ぶ り ゃ 、 か でぃや あらぬ,〈この子供は風邪だと思っていたら、風邪ではない〉,ひさ んど。 かでぃ ‘くんなよ,〈寒いぞ。風邪をひくなよ〉,,,,,,,,,,,,,,,,,,
412,1,,かでぃ,2,[kadi],C,(名詞),90,,数。,,,(語源)日本語カズ〈数〉に 対応。,[kazu>kadi],,,【例】かでぃ あいよー,〈数を合わせなさいよ〉,,,,,,,,,,,,,,,,,,,,
413,1,,かでぃぬなち,,[kadinunaCi],A,(名詞),90,,〈風の夏〉の意。台風襲来の時期をいう。,,,,,,,【例】かでぃぬなちんでぃ んだり=ぶんか゚ まーむに くとぅちぬ なちや うぶ-かでぃんか゚ うぶさたんか゚  えー,〈風の夏といわれているが、本当に今年の夏は台風が多かったね〉,,,,,,,,,,,,,,,,,,,,
414,1,,かてぃむぬ,,[kaTimunu],A,(名詞),91,,おかず。副食。,,,(語源)カテモノ〈添え物〉に対応。,,,,【例】つまどぅぎぬ かてぃむぬ まーたんすや ぬんにてぃ  ‘くたんか゚?,〈昼食のおかずとてもおいしかったね、どうやって作ったの?〉,,,,,,,,,,,,,,,,,,,,
415,1,,かどぅ,1,[kadu],B,(名詞),91,,易(えき)。日より。(易で)方角。(易で)年回り。,,,,,,,【例】かどぅ あてぃ,〈家の建築などにあたって日和を選ぶ〉(関連用語)かどぅあたい,〈易で方角や年回り がいいこと〉,かどぅなとぅ,〈(易で)その年縁起がよいとされる人〉,かどぅ むぬん,〈年中行事の一つ。最初に行われる物忌み祭。田植えが終わった旧暦 2 月、稲が無事に育つよう祈願する〉,,,,,,,,,,,,,,,
416,1,,かどぅ,2,[kadu],B,(名詞),91,,気難しい性格。,,,,,,,【例】かどぅ=すさる=とぅ,〈気むずかしい人〉,,,,,,,,,,,,,,,,,,,,
417,1,,かとぅん,,[kaT-],B,(動詞),91,,勝つ。,,,(語源)日本語カツ〈勝つ〉に対応。,,,,【例】くんどぅぬ いくつぁや かっとぅん,〈今度のたたかいは勝つ〉,ばやぬ うちや うちあやみ すぶんく゚とぅ くどぅぬ いてぃばん う ちんき かてぃ,〈我が家の牛は闘牛大会で、去年のチャ ンピオンに勝った〉 ,まいさる ‘とぅんか゚どぅ かとぅ=はでぃや,〈大きい人が勝つだろうね〉,,,,,,,,,,,,,,,,
418,1,例文なし,かなん,,[kanaN],A,(名詞),91,,髪の毛。「からん」とも。,,,,,,,,,,,,,,,,,,,,,,,,,,,,
419,1,,かに,,[kani],A,(名詞),91,,社会的な規範。常識。理性。,,,(語源)日本語カネ〈矩〉に対応。,[kane>kani],,,【例】 わ ば ん ぐ と ぅ=ば が い   ん ど ぅ ん す や   か に はんでぃどぅ=ぶる,〈余計なことばかり言うね、常識にはずれている〉,,,,,,,,,,,,,,,,,,,,
420,1,,かにうちんま,,[kani'uCi'Nma],,(名詞),91,,田を踏ませるときの馬。「かにうち」とは、「たーんみ」〈牛に田を踏ませること〉の際、横並びの列の一番外側に配置した若い牛のこと。,,,,,,,【例】たー んむ んでぃん どぅなんんま かにうちんまんでぃ ‘くー=ばすん あたん,〈牛に田を踏ませる際、(スピードを上げるために)与那国馬を一番外側の牛の代わりに使うこともあった〉,,,,,,,,,,,,,,,,,,,,
421,1,,かにん,,[kaniN],A,(名詞),92,,(1)金。金属。,,,,,,,【例】ちゃるむぬや かにん-たらいんき ‘きー=うとぅぎ,〈着たものは金だらいに浸けておけ〉,,,,,,,,,,,,,,,,,,,,
421,2,,かにん,,[kaniN],A,(名詞),92,,(棒踊りや舞踊で使用される)銅鑼。,,,(語源)日本語カネ〈金・鐘〉に対応。,,(関連用語)かにでぃん〈金属製の貨幣。硬貨〉/かにんなび〈金属製の鍋〉/ かにんひら〈鉄製のへら〉/かにんぱんか゚い〈長い木製の板、「さき」という金 具からなる鍬〉/どぅらがにん〈銅鑼鉦〉,,【例】 んぬん かにん うてぃ だーならし きるんすどぅ まちりぬ すぶんく゚ とぅ はでぃまいぬ あいでぃ,〈太鼓、鉦を打って座ならしをするのが祭りの勝負事(行事)の始まりの合図である〉,,,,,,,,,,,,,,,,,,,,
422,1,,かぬ,,[kanu],B,(指示詞),92,,あの。,,,,,,,【例】うみ うとぅてぃ ある むぬや かぬとぅぬ むぬど,〈ここに置いてあるものはあの人のものだよ〉,,,,,,,,,,,,,,,,,,,,
423,1,,‘かぬん,,[Kana-],B,(動詞),92,,(1)飼う。,,,,,,,【例】いぬてぃ ‘かぬん,〈子犬を飼う〉,,,,,,,,,,,,,,,,,,,,
423,2,,‘かぬん,,[Kana-],B,(動詞),92,,育てる。,,,(語源) 沖 縄 方 言 ツ ィ カ ナ ユ ン /cikanayuN/ に 対 応。,[tukanaw->cikana'->s(i)Kana- >Kana-],,,【例】あはり き どぅ ‘かない ふどぅらし=すんす,〈苦労して大きく育ててきた〉,,,,,,,,,,,,,,,,,,,,
424,1,,がば,,[gaba],C,(名詞),92,,(1)垢(あか)。,,,,,,,【例】んだ うちや がば むいどぅ=ぶんす。 みん あんし みりよ,〈あなたの牛は垢が生えているようだよ。水を浴びせなさい〉,,,,,,,,,,,,,,,,,,,,
424,2,,がば,,[gaba],C,(名詞),92,,雲脂(ふけ)。,,,,,,,【例】みんぶるに がば はい=つぁり きゃーどぅ ある,〈頭にふけが多く出てかゆい〉,,,,,,,,,,,,,,,,,,,,
425,1,,かばるん,,[kabar-],A,(動詞),92,,(1)変わる。,,,,,,,【例】どぅぬなが かばるん,〈世の中が変わる〉,しんごーんか゚  あががら みでぃるんき かばい,〈信号が赤色から青色に変わった〉,,,,,,,,,,,,,,,,,,
425,2,,かばるん,,[kabar-],A,(動詞),92,,代わる。,,,,,,,【例】いや かばい あぶたんか゚ とぅんでぃるん,〈父の代わり、母が出席する〉,,,,,,,,,,,,,,,,,,,,
425,3,,かばるん,,[kabar-],A,(動詞),92,,違う。,,,(語源)日本語カワルに対応。,[kawar->kabar-],,,【例】 ば や ぬ   ば ぶ り=ぶ る   ん が な と ぅ や   か ば い=ぶん,〈私の家の生い茂っているニガナとは違っている〉,,,,,,,,,,,,,,,,,,,,
426,1,,かび,,[kabi],A,(名詞),93,,紙。,,,(語源)沖縄方言カビ /(1)kabi/ に対応。,,(関連用語)かびでぃん〈紙銭〉/かびはぐ〈紙箱〉,,【例】あんか゚ あさぬ どぅにどぅ かいだでぃがら かびんき でぃー  かぐんに なったんでぃ んどぅんさい,〈私のおじいさんの時代にカイダー字から紙に文字を書くようになったというよ〉,,,,,,,,,,,,,,,,,,,,
427,1,,かぶだぐん,,[kabudag-],,(動詞),93,,抱く。抱える。,,,,,,,【例】あがみ しーみ かぶだぐん,〈子供をしっかりと抱く〉,,,,,,,,,,,,,,,,,,,,
428,1,,かぶち,,[kabuCi],B,(名詞),93,,頭当て。頭上運搬のときに荷物の下に敷く輪。,,,(語源)沖縄(伊江島)方言カブシリ /kabusi]ri/ に対応。,[kabusiri>kabusii>kabu Ci],,,【例】かぶちや んばぬは ば ら かやどぅ くばぬはし まてぃてぃ ‘くい=ぶたる,〈頭当てはカニクサ、藁、カヤ、クバ(ビロウ)の葉で巻いて作っていた〉,ばぎ しっぱいな い りゃる うんてぃ かぶち うとぅてゃる みんぶるんき ぬし くやし=ぶたる,〈ザルいっぱいに入れた芋を、頭当てを置いた頭に載せ運んでいた〉,,,,,,,,,,,,,,,,,,
429,1,例文なし,かぶん,,[kab-],A,(動詞),93,,嗅(か)ぐ。匂いを嗅ぐ。,,,(語源)奄美(与論)方言ハビュ ン /habyuN/ に対応。,,,,,,,,,,,,,,,,,,,,,,,,,
430,1,,かま,1,[kama], ,(名詞),93,,相性。性格,,,,,,,【例】んだとぅや かま あたるんすや,〈あなたとは相性がいいね〉,,,,,,,,,,,,,,,,,,,,
431,1,,かま,2,[kama],A,(指示詞),93,,あそこ。あちら。向こう。あの場所。,,,,,,,【例】かまや とゎーるゆんがら ひら ぬん,〈あそこは遠いので行かない〉,,,,,,,,,,,,,,,,,,,,
432,1,,がま,,[gama],A,(名詞),93,,洞窟(どうくつ)。横洞。,〔同〕だや。縦洞は「あぶ」。,,,,,,【例】いくつぁぬ ばすや  がまんき ひなん きー=ぶたるど,〈戦争の時は洞穴に避難していたんだよ〉,,,,,,,,,,,,,,,,,,,,
433,1,,かま-くま,,[kamakuma], ,(副詞),93,,あちこち。,,,,,,,【例】あがみんたが かまくま んたびむぬ ふいつぁらし なら ぬんすや ,〈子供たちがあちこちにおもちゃを散らかしてどうにもならない〉,,,,,,,,,,,,,,,,,,,,
434,1,,かまどぅ,,[kamadu],A,(名詞),94,,竈(かまど)。,〔同〕かまどぅてぃ,,,,,,【例】うぶ-かまどぅ ‘くるん,〈大鍋用のかまどを造る〉,,,,,,,,,,,,,,,,,,,,
435,1,例文なし,かみ,1,[kami],B,(名詞),94,〔動物〕,海亀(ウミガメ)。,,,,,,,,,,,,,,,,,,,,,,,,,,,,
436,1,,かみ,2,[kami],C,(名詞),94,,瓶・甕(かめ)。,,,,,,,【例】さぎ-かみんた んす=かみんた すゆ-かみんた い るんな かみ うてぃんき うとぅてぃ ‘かい=ぶたる,〈酒瓶、味噌瓶、醤油瓶などいろいろな瓶を二番座の裏の部屋に(まとめて)置いて使っていた〉(関連用語)うんてぃくでぃかみ,〈芋くずを入れておく瓶〉,さぎ-かみ ,〈酒を入れておく瓶。酒甕。一石入り、四斗入り、五升入りなどの甕がある〉,さた=かみ,〈黒糖を入れておく瓶〉,すゆ-かみ,〈醤油を入れておく瓶〉, ます=かみ,〈塩を入れておく瓶〉,みん-かみ,〈水を入れておく瓶〉,んす=かみ,〈味噌を入れておく瓶〉,,,,,,,
437,1,,かみ,3,[kami],A,(指示詞),94,,あそこに。向こうに。,,,,,,,【例】かみ やさい あんすやー。 うみばぎん あん どー。 くみん あんさい,〈向こうに野菜があるね。そこにもあるね。ここにもあるよ〉,かみ とぅばいんだぎ,〈あの場所で会おう〉,,,,,,,,,,,,,,,,,,
438,1,,かみるん,,[kamir-],B,(動詞),94,,(頭の上に載せて)運ぶ。,,,,,,,【例】んかち みぬんか゚や うんてぃ みんぶるんき かみてぃどぅ くやし=ぶたる,〈昔、女は芋を頭に載せて運んでいた〉,,,,,,,,,,,,,,,,,,,,
439,1,,かむん,,[kam-],,(動詞),94,,噛む。,,,,,,,【例】いーや しかっとぅ かみ はいよ,〈ご飯はしっかりと噛んで食べなさいよ〉,,,,,,,,,,,,,,,,,,,,
440,1,例文なし,かや,1,[kaya],A,(名詞),94,,(1)腕の付け根。ぶーぬばすにぶーぬどぅゆかやんぎりんでぃんでぃ=わたん〈棒踊りのときに、棒の紐を腕の付け根にかけろとおっしゃっていた〉/かやだみ〈腕の付け根が痛い〉,,,,,,,,,,,,,,,,,,,,,,,,,,,,
440,2,例文なし,かや,1,[kaya],A,(名詞),94,,関節痛。,,,(語源)本土方言カ ヤ〈神経痛〉に対応。,,,,,,,,,,,,,,,,,,,,,,,,,
441,1,,かや,2,[kaya],B,(名詞),95,〔植物〕,カヤ。イネ科の多年草本。茅葺(かやぶ)きの屋根や壁の材料にするほか、「しら」〈稲叢〉、敷物、俵、鍋蓋など、様々な用途があった。草を束にして、トウヅルモドキで巻き上げて鍋の蓋、籠、蓋付きの小物入れなどを作る。この物入れは貴重品や績んだ糸を入れるなどして使っていた/,,,(語源)日本語カヤ〈茅〉に対応。,,,,【例】んかちや  かやしどぅ だー ‘てぃー=ぶたる。 なびぬ ちんたん ‘くい=ぶたん,〈昔はカヤで家(の屋根)を葺いていた。鍋の蓋なども作っていた〉,かや かっ てぃんでぃ ひろー,〈茅を刈りに行こう〉,,,,,,,,,,,,,,,,,,
442,1,,〜かや,,[Kaya],,(助詞),95,,~か。疑問や反語を表す終助詞。,,,,,,,【例】んみ あるかや?,〈どこにあるのか?〉,あったん すーんに あっつあぁどぅ あるかや,〈明日も今日のように暑 いんだろうか〉,くとぅちや どぅがぬ=ちや いち ないぶかや?,〈今 年は四日の日(海神祭)はいつになるかね?〉,あんか゚ んたる=くとぅ ば がるかや?,〈私が言ったことは分かりますかね?〉,,,,,,,,,,,,,,
443,1,,かやだ,,[kayada],B,(名詞),95,,茅葺きの家。,,,(語源)日本語カヤ〈茅〉に対応。,,,,【例】かやだに んまりたば いち からだに くらりるかやん でぃ=ばがい うむい=ぶたん,〈茅葺きの家に生まれたため、いつになったら瓦葺きの家に住めるか、そんなことばかり考えていた〉,,,,,,,,,,,,,,,,,,,,
444,1,,かゆてぃ,,[kayuTi],C,(名詞),95,,小皿(古語)。小皿の最も小さいもの。,,,(語源)宮古方言カイスツ /kaisïcï/〈貝敷〉に対 応するか。,,,,【例】かゆてぃや あらーぐ ぐまび てぃ たー ちむぬやとぅ かゆいどぅ ないびどぅ うんにぬ なー  ‘かったるんでぃ んどぅんさい,〈かゆてぃはあまり小さくて、何回も台所に通わなければいけなかったので、そんな名(「かゆてぃ」と「かゆん」,〈通う〉 を掛けて)がついたらしいよ〉,,,,,,,,,,,,,,,,,,,
445,1,,かゆん,,[kayu-],A,(動詞),95,,通う。,,,(語源)日本語カヨウ〈通う〉に対応。,[kayow->kayo'->kayu-],,,【例】んかちや かつぬ みんぶる いらいんでぃ なやんき かゆい=ぶたんか゚,〈昔は鰹の頭をもらいに納屋(鰹節製造工場)へ通ったものだが〉,,,,,,,,,,,,,,,,,,,,
446,1,例文なし,から,,[kara],C,(名詞),96,,瓦(かわら()関連用語)かーらや〈瓦を焼くところ〉/びぎ-から〈牡瓦〉/みー-から〈牝瓦〉,,,,,,,,,,,,,,,,,,,,,,,,,,,,
447,1,,〜がら,,[gara],,(接辞),96,,~(だ)から。~(な)ので。終止形に接続して順接の意味を表す接辞。「~ゆんがら」が弱化して生じたか。,,,,,,,【例】まんく゚んか゚ すたがら ちむ ぬし  しゃな=きー=ぶんさい,〈孫が来たから機嫌を直し喜んでいるよ〉,,,,,,,,,,,,,,,,,,,,
448,1,,がら,,[gara],A,(名詞),96,,模様。,〔同〕あや,,,,,,【例】くぬ んなにぬ がらや あびゃんすや,〈この着物の模様はきれいだね〉,,,,,,,,,,,,,,,,,,,,
449,1,,からがん,,[karagas-],A,(動詞),96,,乾かす。,,,(語源)沖縄(今帰仁)方言ハー ラカスン /N/ に対応。,[karaŋi],,,【例】 あ ら む ぬ   か ら が ん ,〈洗濯物を乾かす〉, ん が い=ぶ ん が ら  からがい,〈濡れているから乾かせ〉,,,,,,,,,,,,,,,,,,
450,1,,からｎき゚,,[karaŋi],C,(名詞),96,,馬の鬣(たてがみ)。,,,,,,,【例】くぬ んまぬ からんき゚ぬ あびゃんすゆ,〈この馬のたてがみの綺麗なことよ〉,,,,,,,,,,,,,,,,,,,,
451,1,,からぐん,,[karag-],A,(動詞),96,,【完了形「からとぅん」】乾く。,,,,,,,【例】んなに からとぅん,〈着物が乾いた〉, しだり からぐん,〈タオルが乾く〉,,,,,,,,,,,,,,,,,,
452,1,,からだぎ,,[karadagi],B,(名詞),96,〔植物〕,マダケ。幹に弾力があり、ねばり強い。鰹船の釣り竿や筏をつくるのに使われた。タケノコ(筍)は食用になる。〈唐竹〉の意。,〔同〕んぶぐだぎ,,,,,,【例】 からだぎや うてぃ-たぶるに ある くんだぬ だまに んにたる=く とぅ あたんか゚ まいさる むぬや かつ ぱー んぶぐんき ‘かい=ぶ たん,〈マダケは内田原にあった古見家の森林で見たことがあったが、大きいものは鰹の釣り竿に使われていた〉,,,,,,,,,,,,,,,,,,,,
453,1,,がらち,,[garaCi],C,(名詞),96,〔鳥〕,カラス。,,,(語源)日本語カラス〈烏〉に対応。,[garasu >garasi>garaCi],,,【例】どぅなんちまにや はぶとぅ がらちや ぶらぬん,〈与那国島には、ハブとカラスはいない〉,,,,,,,,,,,,,,,,,,,,
454,1,,からはん,,[karahaN],C,(名詞),97,,裸足。,,,,,,,【例】ばんか゚ いびさるたや んなに ちてぃ からはんしどぅ がっ く かゆい=ぶたる,〈私たちが幼い頃は、着物を着て裸足で学校(尋常小学校)に通っていたものだ〉,,,,,,,,,,,,,,,,,,,,
455,1,,からん,,[karaN],C,(名詞),97,,髪。髪の毛。「かなん」とも。,,,(語源)沖縄方言カラジ /(0)karazi/ に対応。,,,,【例】からん うさんき゚り,〈髪に櫛を通しなさい〉,からん ちみてぃ=くたよ,〈散髪してくるよ〉,からん ぱし=とぅらし=われ,〈髪を切ってください〉,,,,,,,,,,,,,,,,
456,1,,からん　きんどぅん,,[karaN+kiNd-],C+A,(連語),97,,髪を梳(す)く。「からん」〈髪〉と「きんどぅん」〈梳る〉の連語。,,,,,,,【例】くちし  からん きんでぃ はい,〈櫛で髪を梳いたら〉,,,,,,,,,,,,,,,,,,,,
457,1,例文なし,からんはや,,[karaNhaya],B,(名詞),97,〔虫〕,カミキリムシ。,,,,,,,,,,,,,,,,,,,,,,,,,,,,
458,1,,かり,,[kari],A,(指示詞),97,,(1)あれ。,,,,,,,【例】かりや ぬかや?,〈あれは何だ?〉,,,,,,,,,,,,,,,,,,,,
458,2,,かり,,[kari],A,(指示詞),97,,彼。,,,,,,,【例】かりや あてぃ  なるんど,〈彼は当てにしていいよ〉,かりんか゚ むぬどー,〈彼のものだよ〉,,,,,,,,,,,,,,,,,,
459,1,,‘かりるん,,[Karir-],A,(動詞),97,,聞こえる。「‘くん」〈聞く〉の可能形。,,,(語源)日本語キカレル〈聞かれる〉に対応。,[kikare->cikare(r)->s(i)Karer->Karir-],,,【例】 ば ん か゚   い び さ る た や   だ ー=か でぃがら ぬぬ うい=きー=ぶる うとぅんか゚ ‘かりたん,〈僕らが幼い頃は、家々から布を織っている音が聞こえたものだよ〉,,,,,,,,,,,,,,,,,,,,
460,1,,かるん,,[kar-],,(動詞),97,,刈る。,,,,,,,【例】あみてぃぬ つぁー かたん,〈道路の草を刈った〉,,,,,,,,,,,,,,,,,,,,
461,1,例文なし,かん,1,[kaN],B,(名詞),97,,神(かみ)。神様。,,,(語源)日本語カミ〈神〉に対応。,[kami>kaN],,,,,,,,,,,,,,,,,,,,,,,,
462,1,,かん,2,[kaN],B,(名詞),97,,上。,,,(語源)日本語カミ〈上〉に対応。,[kami>kaN],,,【例】かんぬ たー,〈上の田〉,みんぬ かん,〈上流。水源地〉,,,,,,,,,,,,,,,,,,
463,1,,かんがい,,[kaNgai],,(名詞),98,,考え。,〔同〕うむい,,,,,,【例】んだ かんがいや ばがん,〈君の考えは分かった〉,,,,,,,,,,,,,,,,,,,,
464,1,,かんがるん,,[kaNgar-],,(動詞),98,,考える。「かんがいるん」とも。,,,(語源)日本語カンガエル〈考える〉に対応。,[kaNga'e->kaNgair-...>kaNgar-],,,【例】むぬ かんがい きり,〈よく考えなさい〉,,,,,,,,,,,,,,,,,,,,
465,1,,かんぎるん,,[kaNgir-],B,(動詞),98,,背負う。負ぶう。,,,(語源)〈腰上げる〉の意か。,[*ko'age- >kaNge(r)->kaNgir-],,,【例】あがみ かんぎるん,〈子供をおんぶする〉,あぶ か んぎり,〈ばあさんをおんぶしなさい〉,,,,,,,,,,,,,,,,,,
466,1,例文なし,かんだ,,[kaNda],C,(名詞),98,〔植物〕,カズラ。,,,(語源)日本語カズラ〈蔓〉に対応。,[kazura>kaNda],,,,,,,,,,,,,,,,,,,,,,,,
467,1,例文なし,かんだい,,[kaNdai],C,(名詞),98,,燻製。(くんせい)。,,,,,,,,,,,,,,,,,,,,,,,,,,,,
468,1,,かんだ=いゆ,,[kaNda+iyu], C+X,(名詞),98,,魚の干物。燻製にした魚。主にカジキの干物を指す。,,,,,,,【例】ぎょきょーに か んだいゆ ‘くい=ぶん,〈漁協で魚の干物を作っているよ〉,,,,,,,,,,,,,,,,,,,,
469,1,,かんどぅ,,[kaNdu],,(名詞),98,,勘定(かんじょう)。金銭などの計算。,〔同〕さんみん,,(語源)日本語カンジョ ウ〈勘定〉に対応。,[kaNzyau>kaNzyoo>kaNdu],(関連用語)かんどぅぬち〈給料日〉,,【例】いすんとぅんたぬ  かんどぅんでぃ んどぅんさい,〈漁師たちの(操業期間の)勘定だというよ〉,,,,,,,,,,,,,,,,,,,,
470,1,,がんどぅ,,[gaNdu],B,(名詞),98,,元気。壮健。,,,(語源)日本語ガンジョ ウ〈頑 丈〉に対応。,[*gaNzyou>gaNzyuu>gaNdu],,,【例】「がんどぅー きー=わるかや?」「ふがらさ、がんどぅ  きー=ぶんど,〈」お元気ですか。はい、元気です〉,,,,,,,,,,,,,,,,,,,,
471,1,,かんどぅん,,[kaNd-],B,(動詞),98,,被(かぶ)る。,,,(語源)日本語カブル〈被る〉に対応。,[kabur- >kaNd-],,,【例】くばがさ かんどぅん,〈クバ笠を被る〉,あつぁったば ぶーし かんでぃたん,〈暑かったので帽子を被った〉,うどぅ かんでぃ  にんどぅん,〈布団を被って寝る〉,,,,,,,,,,,,,,,,
472,1,,かんな,1,[kaNna],B,(名詞),99,,腕(うで)。人の体の肩から手首までの部位。,,,(語源)日本語カイナに対応。,,,,【例】あがみんか゚ むんどぅ  きー かんな ぶい=みぬんすや,〈子供がけんかをして腕を折ってしまったよ〉,,,,,,,,,,,,,,,,,,,,
473,1,,かんな,2,[kaNna],C,(名詞),99,,蟹(カニ)。,,,(語源)日本語カニ〈蟹〉に対 応。,[kani-a>kaNnya>kaNna],,,【例】かんなぬ あなんぷんき てぃー いりてぃ ぷいつぁりん なよー,〈カニの穴に手を入れてはさまれるなよ〉,,,,,,,,,,,,,,,,,,,,
474,1,,かんなくら,,[kaNnaKura],B,(名詞),99,,力持ち。,,,,,,,【例】ほー、うや かんなくらどぅ あんすや,〈ほう、これは力持ちじゃないか〉,,,,,,,,,,,,,,,,,,,,
475,1,,かんなり,,[kaNnari],B,(名詞),99,,雷。,,,(語源)日本語カミナリ〈雷〉に対応。,[kaminari>kaNnari],,,【例】かんなり ‘たらん‘たらん きー,〈雷がゴロゴロと鳴り響いている〉,,,,,,,,,,,,,,,,,,,,
476,1,,がんぬり,,[gaNnuri],B,(動名詞),99,,(大雨や台風で)海や川がとても濁っている様。「~=ぶん」で〈とても濁っている〉の意になる。,,,,,,,【例】たぶる がんぬり むぬ ならぬん,〈田原川が濁りきってどうにもならない〉,,,,,,,,,,,,,,,,,,,,
477,1,例文なし,かんぱ,,[kaNPa],C,(名詞),99,,小さな禿げ。,,,,,,,,,,,,,,,,,,,,,,,,,,,,
478,1,例文なし,かんぱ-き,,[kaNPaki],C,(名詞),99,〔植物〕,モクタチバナ。昔は火種に使っていた。現在はお盆の供物「きぬない」の一つ。ヨナグニサンの食樹。かんぱち[kaNPaCi]B(名詞)傷跡。禿げ。,,,,,,,,,,,,,,,,,,,,,,,,,,,,
479,1,,がんみるん,,[gaNmir-],,(動詞),99,,(身体を)曲げる。,,,,,,,【例】かんな がんみるん,〈腕を曲げる〉,はん がんみり,〈足を曲げろ〉,,,,,,,,,,,,,,,,,,
480,1,,きー,1,[ki],A,(名詞),100,,毛。体に生えている毛の総称。,,,(語源)日本語ケ〈毛〉に対応。,[ke> ki],,,【例】きー ぬんき゚どぅ=ぶる,〈毛が抜けている〉,はだぬ きー ぶんたい,〈鳥肌が立つ〉,,,,,,,,,,,,,,,,,,
481,1,,きー,2,[ki],B,(名詞),100,,木。樹木。,,,(語源)日本語キ〈木〉に対応。,[*ke>ki],(関連用語)きぬない〈木の実〉/き ぬ はー〈木の葉〉/きがら〈木片〉/ キダンキヤマ〈リュ ウキュ ウコクタ ンが多く生えている山の意。嶋仲の前の村があった場所。ナウンニ、アラガ の拝所があり、冬の嶋仲マチリには供物を供え、司の礼拝、祈願がある〉,,【例】するまい ないんか゚しや きぬない とぅいんでぃ ひー=ぶん,〈お盆前になると(お供えする)木の実を取りに行っている〉,うてぃ=ぶる きぬ はー はてぃ あちみゃん,〈落ちていた木の葉を掃き集めた〉,,,,,,,,,,,,,,,,,,
482,1,例文なし,きーうい,,[ki'ui],,(名詞),100,〔植物〕,キュウリの古語。現在では「うい」という。,〔同〕うい,,,,,,,,,,,,,,,,,,,,,,,,,,,
483,1,,ぎー=きらにぬ=むぬ,,[gikiraninumunu], ,(名詞),100,,ひねくれ者。,,,,,,,【例】 あ ら ー ぐ   ぎ ー=き ら に ぬ=む ぬ ん た や   ち に   ぶ ー し  あやしどぅ きたる,〈まったく言うことを聞かない連中は、脛を棒で叩くことがあったよ〉,,,,,,,,,,,,,,,,,,,,
484,1,,きたｎき゚,,[kiTaŋi],,(名詞),100,,怪我(けが)。,,,,,,,【例】あいぐぅたし はん きたんき゚ みぬばん,〈歩いていて足を怪我してしまった〉,てぃはん きたんき゚ きみ=とぅらし=ひんなよー ,〈手足を怪我しませんように〉,,,,,,,,,,,,,,,,,,
485,1,,きち,,[kiCi],B,(名詞),100,,崖。断崖。,,,(語源)日本語キシ〈岸〉に対応。,[*kesi>kiCi],(関連用語)きちなり、きちなく゚い〈絶壁にあたって跳ね返る強い反射音〉,,【例】はいんき とぅんかりゃよ はいぬ きち ‘たらん ‘たらん し にちんき とぅんかりゃよ うらむてぃ ふぎるんにぶい,〈南に向かうと南の断崖に風があたってタァランタァランと鳴響(とよ)もしている。(かといって)北を向いても怒濤逆巻き島の裏表をほがすようだ。「どぅなんとぅばるま」の歌詞より〉,,,,,,,,,,,,,,,,,,,,
486,1,例文なし,ぎち,,[giCi],C,(名詞),101,,「ぎっち」とも。大根や瓜を泡盛に漬けたもの。漬け物。,,,,,,,,,,,,,,,,,,,,,,,,,,,,
487,1,,きっとぅん,,[kiTus-],B,(動詞),101,,躓(つまず)く。足を引っかける。,,,,,,,【例】 い ち ぶ ぐ ん き   は ん   き っ と ぅ し   でぃどぅりてぃ ちでぃんか はでぃ=ぶんかし,〈石に足を引っかけ、つまづいて肘をはいでしまったよ〉,,,,,,,,,,,,,,,,,,,,
488,1,,きでぃ,,[kidi],A,(名詞),101,,傷。,,,(語源)日本語キズ〈傷〉に対応。,[*kezu>kezi>kedi>kidi],,,【例】つぁーあみてぃ あいぐたし てぃはん どぅしきぬ はーんき  きでぃ きらり,〈草の群がり生えた道を歩いたので手足をススキの葉に傷つけられた〉,,,,,,,,,,,,,,,,,,,,
489,1,,きでぃんつぁらん,,[kidiNCaras-],,(動詞),101,,騒ぎ回る。かき乱す。,,,,,,,【例】あがみんたんか゚ だー きでぃんつぁらし,〈子供たちが家で騒ぎ回っている〉,,,,,,,,,,,,,,,,,,,,
490,1,,きどぅｎき゚らん,,[kiduŋiras-],,(動詞),101,,蹴っ飛ばす。,,,,,,,【例】ボー ル きどぅんき゚らしゃん,〈ボールを蹴っ飛ばす〉,,,,,,,,,,,,,,,,,,,,
491,1,,きない,1,[kinai],A,(名詞),101,,家庭。所帯。,,,(語源)沖 縄方言チネー /(0)cinee/ に対応。,[kenai>kinai],,,【例】はやぐ きない むたみどぅ きらりる,〈早く家庭を持たせないといけない〉,かまや びんが-きない,〈向こうは男世帯だ〉,,,,,,,,,,,,,,,,,,
492,1,,きない,2,[kinai], ,(名詞),101,,キニーネ。マラリア治療薬。,,,,,,,【例】きない ぬみんか゚しや つりぬ いる な るんどー,〈キニーネを飲みすぎると、薬の色(黄色)になるよ〉,,,,,,,,,,,,,,,,,,,,
493,1,,きないどぅｎく゚,,[kinaiduŋu],,(名詞),101,,家財道具。,,,,,,,【例】んでぃや きないどぅんく゚ うぶさびてぃ いてぃたん,〈あなたの家は家財道具が多くて息苦しい〉,,,,,,,,,,,,,,,,,,,,
494,1,,きならぬむぬ,,[kinaranumunu],,(名詞),101,,怠(なま)け者。役立たず。,,,,,,,【例】うぬ きならぬむぬ こー,〈この役立たずめ〉,,,,,,,,,,,,,,,,,,,,
495,1,,きぬない,,[kinunai],B,(名詞),102,,果実。木の実〈木の生り〉の意。,,,(語源) キノナリ〈木の生り〉に対応。,[*kenonari>kenonai>kinunai],,,【例】 う ぶ-か で ぃ   て ぃ ば ら い   き ぬ な い   すーすどぅ あいち,〈台風が吹き荒れ木の実が呆れるほど落ちている〉,,,,,,,,,,,,,,,,,,,,
496,1,,きばな,,[kibana],,(名詞),102,,牛の鼻ぐり。牛の鼻に通す木製の手綱通し。,,,,,,,【例】うちや あだぬちんな きばなんき ぬたんき゚ なはなんな きてぃ あっかい=ぶたる,〈牛はアダンの気根の縄を牛の鼻ぐりに通し手綱にし扱っていたよ〉,,,,,,,,,,,,,,,,,,,,
497,1,,きびさん,,[kibisaN],A,(形容詞),102,,見事だ。合致して美しい様子などに。,,,,,,,【例】どぅいぬ はなんか゚ きびさん,〈ユリの花が見事だ〉,,,,,,,,,,,,,,,,,,,,
498,1,,きぶんち,,[kibuNCi],A,(名詞),102,,煙(けむり)。,,,(語源)沖縄方言 キブシ /(1)kibusi/ に対応。,[kebusi>kebuNsi>kibuNCi],(関連用語)きぶんち  まんぎらん〈騒ぎ立てる〉,,【例】たぶぐぬ きぶんちや どぅんき ばらさんでぃどー,〈たばこの煙は体に悪いらしいよ〉,わたかやんでぃ うむりゃ ぶらぬんき  ない きぶんちいやんでぃ んどぅ ‘とぅ わたん,〈いらっしゃったかと思 えばいなくなる「煙おじさん」という人がいらっしゃった〉,,,,,,,,,,,,,,,,,,
499,1,,きぶんつぁん,,[kibuNCaN],,(形容詞),102,,煙たい。煙のために息苦しい。また、目を開けていられない。,,,,,,,【例】てぃむぬ  からてぃ=ぶらぬゆんがら はがら むいらぬ きぶんつぁぬ,〈薪が乾いてないのでしっかりと燃えず煙たい〉,,,,,,,,,,,,,,,,,,,,
500,1,,きみるん,,[kimir-],A,(動詞),102,,決める。,,,(語源)日本語キメル〈決める〉に対応。 ,[kime->kime(r)->kimir-],,,【例】だい きみるん,〈値段を決める〉,どぅみすいぬ ひゅーり  きみるん,〈結婚式の日取りを決める〉,,,,,,,,,,,,,,,,,,
501,1,,きむや,,[kimuya],,(名詞),102,,霧雨(きりさめ)。こぬか雨。,,,,,,,【例】ちゆ ういてぃ きむや んでぃ=ぶんす や,〈露が下りてこぬか雨が出てきたよ〉,,,,,,,,,,,,,,,,,,,,
502,1,,きゃｎき゚,,[kyaŋi],A,(名詞),103,,イヌマキ。,,,(語源)沖縄方言チャー ギ /(1)cyaagi/ に対応。,[keyage>keyaŋ e>kyaŋe>kyaŋi],,,【例】だーぬ ひらんきや ひのき きゃんき゚んたんか゚どぅ うぶ さぐ ‘かり=ぶたる,〈家の柱にはヒノキ、イヌマキなどが多く使われていた〉,きゃんき゚ いぐらてぃ あんか゚ どぅみ=んにんに,〈イヌマキがいくらある か数えてごらん〉,,,,,,,,,,,,,,,,,,
503,1,,きゃｎき゚るん,,[kyaŋir-],B,(動詞),103,,蹴る。,,,(語源)ケアゲル〈蹴 上げる〉に対応するか。,[ke'age->ke'aŋe(r)->kyaŋer->kyaŋir-],,,【例】はんし ボー ル きゃんき゚,〈足でボールを蹴った〉,うぬ ボー ルや までぃ きゃんき゚んな,〈そのボー ルはまだ蹴るな〉,,,,,,,,,,,,,,,,,,
504,1,,きゃ-とぅない,,[kyatunai],C,(名詞),103,,隣近所。〈すぐ隣〉は「だー-とぅない」。,〔同〕とぅないさとぅ,,,,,,【例】きゃ-とぅ ない ‘とぅ かたん,〈隣近所の人と親しい〉,,,,,,,,,,,,,,,,,,,,
505,1,,きゃぶぐん,,[kyabug-],A,(動詞),103,,大胆に伐(か)る。,,,,,,,【例】うんにぬ むぬんた きゃぶてぃ= ‘かってぃり,〈こんな連中は伐り払ってしまえ〉,,,,,,,,,,,,,,,,,,,,
506,1,,きゃん,1,[kyas-],A,(動詞),103,,消す。,,,(語源)日本 語ケス〈消す〉に対応。,[*keyas->kyas-],,,【例】でぃー きゃし=うとぅぎ,〈字を消しておきなさい〉,,,,,,,,,,,,,,,,,,,,
507,1,,きゃん,2,[kyaN],C,(形容詞),103,,痒(かゆ)い。,,,(語源)日本語カユイ〈痒い〉に対応。,[kayusaN>ka isaN>kehaN>kyaN],,,【例】どぅび どぅっとぅ ぬんに ししらり きゃーぬ なら ぬん,〈昨晩は夜っぴて蚤にたかられかゆくてたまらない〉,くちぶに きゃー どぅ=ある,〈背中がかゆい〉,,,,,,,,,,,,,,,,,,
508,1,,ぎら,,[gira],C,(名詞),103,,シャコガイ。,,,,,,,【例】ぎら からすんき きろ,〈シャコガイ(の身)を塩辛に仕込もう〉,,,,,,,,,,,,,,,,,,,,
509,1,,きらん,,[kiras-],B,(動詞),103,,ひっくり返す。,,,(語源)日本語カエル〈返る〉を他動詞化したカエラスに対応。,[kaweras->ka'eras->keeras->kiras-],,,【例】てんぷら うてぃたや きらし だぎ,〈てんぷらが浮いたらひっくり返して揚げなさい〉,,,,,,,,,,,,,,,,,,,,
510,1,,〜きるん,,[kir-],A,(助動詞),104,,~する。名詞に接続して動詞化する。動詞「きるん」が助動詞化したもの。/,,,,,,,【例】しくん=きるん,〈準備する〉,しゃな=きるん,〈喜ぶ(<嬉しさする)〉,ばた だみどぅ=きる,〈腹が痛む〉,,,,,,,,,,,,,,,,
512,1,,きるん,2,[kis-],B,(動詞),104,,(鍬で)耕す。,,,(語源)日本語カエスに対応。,[kayes->ka'es->kees->kis-],,,【例】たー きしんでぃ ひゅんさい,〈田を耕しに行ったよ〉,はたぎ ぶる きしゃな?,〈畑は全部耕したか〉,,,,,,,,,,,,,,,,,,
513,1,,きるん,3,[kir-], ,(動詞),104,,蹴る。,,,,,,,【例】はんし ボー ル きり,〈足でボールを蹴れ〉,,,,,,,,,,,,,,,,,,,,
514,1,,‘きるん,1,[Kir-],A,(動詞),104,,漬ける。,,,(語源)日本語ツケル〈漬け る〉に対応。,[tuke(r)->cike(r)->siKer->Kir-],,,【例】ひる ふるさたんき ‘きるん,〈ニンニクを黒糖に漬ける〉,む んぬく さぎんき ‘きゃん,〈山桃を泡盛に漬けた〉,ひる かみ とぅち  ‘きー あん,〈ニンニクを甕にいっぱい漬けてある〉,,,,,,,,,,,,,,,,
515,1,,‘きるん,2,[Kir-],A,(動詞),105,,(底が)抜ける。,,,,,,,【例】んび ‘きー ならぬんすや,〈底が抜けてどうにもならない。物が抜けていく様子。たまらない様子〉,くぬ きないや んび ‘きー ならぬんすや,〈この家庭は底が抜けてどうにもならない(お金が貯まらない)〉,,,,,,,,,,,,,,,,,,
516,1,,きんぐい,,[kiNgui],,(名詞),105,,狂言(きょうげん)。芝居。、つまり、滑稽、諧謔的で大いに笑わせる。また移入狂言と島狂言の二つに大別でき、『移入狂言は「馴れない言葉」を使って演じるところに妙味があって面白い』と宮良保全は指摘する。比川を含む各集落が保持する狂言は(2)6点ある。,,,,,,(文化的・民俗学的背景)内容によって「じーぬ-きんぐい」と「ばらーし-きんぐい」に分けられる。「じー」は儀礼的なもの。「ばらし」は〈笑わせる〉,【例】 あ ん か゚   い や や   む ら ぬ   き ん ぐ い ぬ   ち すどぅ あたる,〈私の父は村の狂言の師匠だった〉,,,,,,,,,,,,,,,,,,,,
517,1,,きんだぐに,,[kiNdaguni],A,(名詞),105,,ニンジン〈黄大根〉の転じたもの。,,,,,,,【例】きんだぐにや ちま-きんだぐにんか゚ どぅ まーるんでゃー,〈ニンジンは島ニンジンがおいしいなあ(おいしいね)〉,,,,,,,,,,,,,,,,,,,,
518,1,,きんどぅん,,[kiNd-],A,(動詞),105,,(1)(木や石を)削(けず)る。,,,,,,,【例】いんぴつ きんでぃ=とぅらい,〈鉛筆を削ってあげなさい〉,てゅぬし きー きんどぅんでぃどぅ=ぶる,〈手斧で木材 を削ろうとしている〉,きぬ まんか゚い いちぬ まんか゚いや きんでぃてぃ ん なりるんか゚ ‘とぅぬ まんか゚いむぬや なにぬん,〈木の曲がり石の曲が りは削っても直せるが人間の曲がった者は直せない。(『与那国のことわざ』 より)〉,,,,,,,,,,,,,,,,
518,2,,きんどぅん,,[kiNd-],A,(動詞),105,,(髪を)梳く。,,,(語源)日本語 ケズルに対応。,[kezur->keNd->kiNd-],,,【例】からん きんどぅん,〈髪を梳く〉,,,,,,,,,,,,,,,,,,,,
519,1,,くい,,[kui],C,(名詞),105,,声。,,,(語源)日本語コエ〈声〉に 対応。,[kowe>ko'e>kui],,,【例】‘とぅぬ まいばらんき とぅんでぃんか゚しや うぶ-くいし むぬんどぅ=くとぅど,〈人の前に出たら大声で話すことだよ〉,くい ‘かみ=とぅらし=わいんに,〈声(歌)を聞かせてください〉,,,,,,,,,,,,,,,,,,
520,1,,ぐい,,[gui],C,(名詞),106,,歌の節回し。歌いかた。,,,,,,,【例】 ぐ い や   で ぃ ぎ ど ぅ=ぶ る ,〈節回しが上手だ〉,うたに ぐい みぬんすや,〈歌に味気がないね〉,,,,,,,,,,,,,,,,,,
521,1,,くいとぅ-たたし,,[kuiTutaTasi], ,(名詞),106,,結納の条件が整うと、男性側は仲人を立て、嫁の家と嫁の親戚の家にあいさつに行き、両家で小宴があった。これを「乞人立たし」と言い、結納の意。,,,,,,,【例】 んかちや ゆいのうんでぃ みぬたん くいとぅ-たたしんか゚ ちむば び んがや みぬんか゚ぬ だんき かゆい=ぶたる,〈昔は結納はなく「くいとぅたたし」,〈乞人立たし〉が済むと、男は(自由に)女の家に通っていた〉,(関連用語)なが-たてぃ,〈仲人〉,にだ-くやし,〈寝床運び。女の家で寝泊まり しているうちに子が出来て、男の家に移ること〉,にだむてぃなし,〈嫁入り。 内輪でする結婚式。寝床が移動することからの転義〉,,,,,,,,,,,,,
522,1,,くー,1,[ku], ,(名詞),106,,線香。,,,(語源)日本語コウ〈香〉に対応。,[kau>koo>ku],,,【例】くーぬ はな さてぃ あびゃんす にんか゚い とぅいどぅ=ぶ る=はでぃど,〈線香の花が咲いてきれいだね、願いごとが通っているはずだよ〉,,,,,,,,,,,,,,,,,,,,
523,1,,くー,2,[ku],A,(指示詞),106,,これ。「うー」よりも話し手に近いところを指す。,,,(語源)日本語コに対応。,,,,【例】 く ー ん か゚ ど ぅ   ま ち   あらぬかや,〈これがいいんじゃないの〉,くーがら いらび とぅり,〈この中 から選び取りなさい〉,,,,,,,,,,,,,,,,,,
524,1,,‘くー,,[Ku],,(名詞),106,,肺。,,,(語源)古語フクに対応。,,,,【例】うちぬ ‘くー わーぬ ‘くー ちゃんぷるー きてぃ まーんど,〈牛の肺、豚の肺は炒め物にするとおいしいよ〉,,,,,,,,,,,,,,,,,,,,
525,1,,くー　きるん,,[ku+kir-],,(連語),106,,繕(つくろ)う。接ぐ。,,,,,,,【例】んなに さぎどぅ=ぶりゃ くー きー=うとぅ ぎ,〈着物が破れているので繕っておきなさい〉,,,,,,,,,,,,,,,,,,,,
526,1,例文なし,くぐぬが,,[kugunuga],B,(数詞),107,,九日。,,,(語源)日本語ココノカに対応。,[kokonoka>kogonoga>kugunuga],,,,,,,,,,,,,,,,,,,,,,,,
527,1,例文なし,くぐぬたいんとぅ,,[kugunuTaiNTu],,(数詞),107,,九人。,,,(語源)ココノタリビトに対応。,[kokonotaribito>kogonoTaiNTo>kugunu TaiNTu],,,,,,,,,,,,,,,,,,,,,,,,
528,1,,くぐぬち,,[kugunuCi],B,(数詞),107,,(1)九。九つ。,,,,,,,【例】くぐぬち あん,〈九つある〉,あがみてぃんたんき はでぃ んだんき゚ まいに ある かち くぐぬち とぅらし=わり,〈子供たちに配 るので前にあるお菓子を九つください〉,,,,,,,,,,,,,,,,,,
528,2,,くぐぬち,,[kugunuCi],B,(数詞),107,,九歳。,,,(語源)日本語ココノ ツ〈九つ〉に対応。,[kokonotu>kogonoci>kugunuCi],,,【例】うぬ あがみや く とぅち くぐぬち なるん,〈この子は今年九歳になる〉,,,,,,,,,,,,,,,,,,,,
529,1,,ぐさん,,[gusaN],C,(名詞),107,,杖(つえ)。,,,(語源)沖縄方言グーシャン/(0)guusyaN/に対応。関 連用語)たぎぐさん〈竹の杖〉/きーぐさん〈木の杖〉,[gosyani>gusaN(],,,【例】ぐさん ‘てぃーてぃ あんびてぃ あいぐ,〈杖をついて遊んできた〉,,,,,,,,,,,,,,,,,,,,
530,1,,くさんだぎ,,[kusaNdagi],,(名詞),107,〔植物〕,ホテイチク。竹の一種。田畑の周囲などに見られる。幹は強くて粘りがあり釣り竿などに使う。,,,(語源)沖縄方言クサンダキ /(1)kusaNdaki/ に対応。,[kosaNdake>kosaNdage>kusa Ndagi],,,【例】くさんだぎぬ たぎぬんぱや あらーぐ  まーん,〈ホテイチクのタケノコ(筍)はとてもおいしいよ〉,くさんだぎや  つぁだぎとぅ んに=ぶんか゚ いびたてぃ まいさびてぃ ちん だばるゆ んがら んぶぐんき ‘かい=ぶたる,〈ホテイチクはリュ ウキュ ウチクと似 ているが、やや大きく幹は強くて粘りがあるので、釣り竿に使っていた〉,,,,,,,,,,,,,,,,,,
531,1,,くす,,[kusu],C,(名詞),107,〔植物〕,唐辛子(トウガラシ)。,,,(語源)日本語コショ ウ〈胡椒〉に対応。,[kosyoo>kusu],,,【例】なま-とぅぶとぅ かつぬ さしみや すゆ かぎ くす はんてぃてぃ はたや まーんどー,〈生豆腐と鰹の刺身は醤油をかけ唐辛子をはじいて食べるとおいしいよ〉,ほーっ、うんき ん どぅんすや なんたんき くす はんくにどぅ ぶる,〈ほーっ、こいつに忠告してもナンタ浜の海に唐辛子をはじくようなものだ。(愛想づかしの表現)〉,,,,,,,,,,,,,,,,,,
532,1,,〜くた,,[kuTa],,(助詞),108,,(~に)なるまで。「くた」〈来るまで〉が文法化した形式。,,,,,,,【例】にんさぐ くた あんびたん,〈遅くまで遊んだ〉, ‘とぅむてぃぬ いー はぬがらや つま=くた むたぬんど,〈朝ご飯を食べないと昼まで持たないよ〉,んだ くま たや うま=くたどぅ あんす。 したた ちまいよ,〈あなたの担当分はここ までだよ。さっさと終えてね〉,とぅないぬ どぅみや くんてぃ あんす や、‘とぅむてぃがら どぅる=くた はたぎ しかま きー,〈隣のお嫁さ んは根気があるね。朝から晩まで畑仕事をしているよ〉,,,,,,,,,,,,,,
533,1,,くたんでぃるん,,[kuTaNdir-],B,(動詞),108,,疲労困憊(ひろうこんぱい)している。体の具合が悪い。,,,(語源)日本語クタブレル〈草臥れる〉に対応。,[kutabure->kuTaNde(r)->kuTaNdir-],,,【例】くたんでぃ み ぬな? どぅる にんさぐた しかま きーぶたんか゚,〈疲れはないか?(引きずってないか)夜遅くまで仕事をしていたけど〉,,,,,,,,,,,,,,,,,,,,
534,1,,くち,1,[kuCi],A,(名詞),108,,腰(こし)。,,,(語源)日本語コシ〈腰〉に対応。,[kosi>koCi>kuCi],,,【例】くち たんか゚し ういてぃぐりさぬ,〈腰の筋をたがえて動きにくいよ〉,,,,,,,,,,,,,,,,,,,,
535,1,,くち,2,[kuCi], ,(名詞),108,,櫛(くし)。,,,(語源)日本語クシ〈櫛〉に対応。,,,,【例】くちぬ みー あらんすや,〈櫛の目が粗いね〉,,,,,,,,,,,,,,,,,,,,
536,1,,くちさ,,[kuCisa],,(名詞),108,,苦しみ。,,,,,,,【例】うんにぬ くちさや まー きぶさ=みぬん,〈こんな苦しさはもう味わいたくない〉,んだ ない くちさや あとぅや かなでぃ どぅ ふくんき ない=ひるん,〈あなたの今の苦しみは後に必ず幸福になっていく〉,,,,,,,,,,,,,,,,,,
537,1,,くちさん,,[KuCisaN],,(形容詞),108,,(1)苦しい。,,,,,,,【例】でぃん みぐらにぬ くぬてぃや くちさん,〈金繰りができなくて今月は苦しい〉,,,,,,,,,,,,,,,,,,,,
537,2,,くちさん,,[KuCisaN],,(形容詞),108,,悔しい。,,,,,,,【例】しきん あたらぬんでぃ くちさ  きんな。 いちか いー=くとぅ あんどー,〈試験に合格しないからと悔しがるな。いつかいいことあるよ〉,あらぐ くちさんすや,〈とても悔しいね〉,,,,,,,,,,,,,,,,,,
537,3,,くちさん,,[KuCisaN],,(形容詞),108,,残念だ。,,,(語源)クツイに対応。,,,,【例】あがみんか゚ んどぅ=くとぅ ‘てぃー=とぅらぬび く ちさん,〈子供が言うことを聞かないのでとても残念だ〉,,,,,,,,,,,,,,,,,,,,
538,1,,くちどぅぐい,,[kuCidugui],B,(名詞),109,,仕事や行事を終えたあとの慰労会(いろうかい)。,,,,,,,【例】ばぐ=むたかい たー  はたぎぬ しかまぬ くちどぅぐいにや ひびだどぅ くるし はい=ぶ たる,〈法事などを手伝う大勢の人の食事を作るときや田畑の仕事の慰労会では山羊を潰して食べていた〉,,,,,,,,,,,,,,,,,,,,
539,1,,くちぶに,,[kuCibuni],A,(名詞),109,,(1)腰。,,,,,,,【例】くちぶに たんか゚し=みぬんすやー,〈ぎっくり腰になってしまった〉,,,,,,,,,,,,,,,,,,,,
539,2,,くちぶに,,[kuCibuni],A,(名詞),109,,背中。,,,(語源)日本語コシボネ〈腰骨〉に対応。,[kosibone>koCibone>ku Cibuni],,,【例】くちぶに きゃぬ かてぃ=とぅらしんに,〈背中がかゆい、掻いてくれ〉,,,,,,,,,,,,,,,,,,,,
540,1,カテゴリの〔医〕削除。,くっつぁ,,[kuCa],B,(名詞),109,,フィラリア。線虫類のうち、糸のように細く白い種類。人体に寄生して血液・リンパ液中に増殖し、象皮病(フィラリア症)をおこすものがある。(「広辞苑」より)/,,,(語源)九州方言クサに対応。,[kusa>kuCa],,,【例】いやや だぎ んぐい ‘くりてぃ ふるんがい くっつぁ  うぐりどぅ わるんさい,〈お父さんは熱が出て、睾丸が腫れて体も震え、フィラリアと分かった〉,みぬんか゚ぬ くっつぁや ちー=くっつぁんでぃ ん でぃてぃ ちー あがんたり ‘くり だぎるんでぃ んどぅんさい,〈女の フィ ラリアは乳フィ ラリアといい、乳房が赤く腫れ、熱も出るそうだ〉,,,,,,,,,,,,,,,,,,
541,1,例文なし,くってゃ,1,[kuTya], ,(名詞),109,〔動物〕,牡牛(おうし)。雄の牛。,,,(語源)日本語コトイ〈特牛〉に対応。,[kotoi-a>kotoyaa>koToya>kuTya],,,,,,,,,,,,,,,,,,,,,,,,
542,1,例文なし,くってゃ,2,[kuTya], ,(名詞),109,〔鳥〕,鴨(カモ)。〈川鳥〉の意。,,,(語源)沖縄方言ガー トゥ イ /(0)gaatui/〈鴨〉に 対応。,[kawatori-a>kootoryaa>koToya>kuTya],,,,,,,,,,,,,,,,,,,,,,,,
543,1,,くでぃ,,[kudi],C,(名詞),109,,麹(こうじ)。「くん」「、‘くん」とも。,,,(語源)日本語コウジ〈麹〉に対応。,[kauzi>koozi>ku di],(関連用語)くでぃぬ はな〈麹の花。コウジカビが繁殖して淡黄色になっ たもの〉/さぎ-くでぃ〈酒麹。酒を造るときの主たる原料。「にーでぃんとぅ」 でも使用する〉/んす=くでぃ〈味噌麹。味噌を造るときの主たる原料〉,,【例】くでぃ にんしみる=ばすや どぅ ぬ あがみ あたら-きるんに あたら-きーどぅ くでぃぬ=はな むや し=ぶたる,〈麹を寝かせるときは我が子を可愛がるように大事にして、麹の花を生えさせていたよ〉,,,,,,,,,,,,,,,,,,,,
544,1,,くでぃら,,[kudira],C,(名詞),110,〔動物〕,クジラ。,,,,,(関連用語)うん-くでぃら〈鬼のようなクジラの意。ずいぶん大きい様子。醜悪で巨大な様〉東崎の海岸線から少し離れた岩石。南からの潮流と北からの潮流がぶつかって波柱が立つ光景がまるでクジラが潮を吹き上げる光景とよく似ていることから、このように名付けられた。,,【例】うん-くでぃらにぬ ‘とぅ,〈大クジラのような大男〉,くでぃらいち,〈クジラ石〉,,,,,,,,,,,,,,,,,,
545,1,,くでぃるん,,[kudir-],B,(動詞),110,,崩す。小銭に両替する。,,,,,,,【例】でぃん くでぃ=とぅらし=ひり,〈お金をくずしてください〉,くまでぃん みぬんりや でぃん くでぃるた まてぃ=とぅらい,〈小銭がないので、お金を崩すまで待ってください〉,,,,,,,,,,,,,,,,,,
546,1,,〜くとぅ,,[kuTu],,(形式名詞),110,,~(の)こと。,,,(語源)日本語コト〈事〉に対応。,[koto>koTo>kuTu],,,【例】あんか゚んたる=くとぅ ばがるかや?,〈私が言ったことは分かりますかね?〉,,,,,,,,,,,,,,,,,,,,
547,1,,くどぅ,,[kudu],C,(名詞),110,,去年。,,,(語源)古語コゾ〈去年〉に対応。,[kozo>kudu],,,【例】くどぅや だまとぅんきどぅ ひたる,〈去年は本土に行った〉,,,,,,,,,,,,,,,,,,,,
548,1,,くとぅち,,[kuTuCi],A,(名詞),110,,今年。,,,(語源)日本語コトシ〈今年〉に対応。,,,,【例】くとぅちや いー=すんか゚てぃ,〈今年はよい正月(を迎えた)〉,,,,,,,,,,,,,,,,,,,,
549,1,例文なし,くとぅば,,[kuTuba],,(名詞),110,,言葉。,,,(語源)日本語コトバ〈言葉〉に対応。,[kotoba>koToba>kuTuba],,,,,,,,,,,,,,,,,,,,,,,,
550,1,,くどぅ=んてぃなてぃ,,[kudu+NTinaTi], C+A,(名詞),110,,一昨年(おととし)。,,,,,,,【例】くどぅ=んてぃなてぃがら だみどぅ=ぶる,〈一昨年から病気をしている〉,,,,,,,,,,,,,,,,,,,,
551,1,例文なし,ぐにてぃ,,[guniTi],A,(名詞),111,,明明明後日。,,,,,,,,,,,,,,,,,,,,,,,,,,,,
552,1,,ぐにん,,[guniN],,(数詞),111,,五人。,,,,,,,【例】さがるばん ぐにんや ぶらぬとぅ くぬ しかまや ならぬん ,〈少なくとも五人はいないと、この仕事はできない〉,,,,,,,,,,,,,,,,,,,,
553,1,,くぬ,,[kunu],B,(指示詞),111,,この。連体詞。名詞を修飾する。「うぬ」より近いものを指す。,,,(語源)日本語コノ に対応。,[kono>kunu],,,【例】くぬ な がから いらび とぅり,〈この中から選んで取りなさい〉,,,,,,,,,,,,,,,,,,,,
554,1,,くぬま,,[kunuma],,(名詞),111,,この頃。最近。,,,,,,,【例】くぬま ‘とぅーん んなにぬたんすや,〈この頃、まったく見えなかったね〉,,,,,,,,,,,,,,,,,,,,
555,1,,くぬんさ,,[kunuNsa],,(代名詞),111,,こいつ。この野郎。,,,,,,,【例】‘かぶ=‘かぶ しってぃぶさんすやー。 くぬんさ  こー,〈ぼこぼこに打ちのめしたい、こいつめ〉,,,,,,,,,,,,,,,,,,,,
556,1,,くば,,[kuba],A,(名詞),111,〔植物〕,枇榔。蒲葵。クバ。ビロウ。ビンロウに似たヤシ科の植物で、与那国島では葉や幹などを衣食住全てにおいて利用されてきた。,,,(語源)九州方言コバ〈枇榔〉に対応。,[koba>kuba],,,【例】かさ うん か ぶちぬ ふが うぶる ‘くいてぃ かーがら みん んみんたり うちみ ん あんしみん ぶたん,〈笠、扇、頭上運搬用の頭当てのほか、水汲み桶を作って井戸から水を汲んだり、牛に水を浴びせるのに使うのにも、クバの柄杓があった〉,わーぬ=みー ますし むみてぃ くばぬはし ‘くみ か まどぅぬ うやびに かんだい きてぃ わーぬ だぶた ‘くる=ばすん  あたん,〈豚肉を塩でもみ、クバの葉で包んで、かまどの上で燻して，豚肉の燻 製を作ることもあった〉,,,,,,,,,,,,,,,,,,
557,1,,くばり,,[kubari],,(動名詞),111,,仲違いしていること。,,,,,,,【例】かりとぅ あぬや ない くばりどぅ=ぶる,〈彼と私は今仲違いしている〉,,,,,,,,,,,,,,,,,,,,
558,1,,くぶ,1,[kubu],C,(名詞),112,〔虫〕,クモ。頭胸部と腹部からなり、脚が八本ある。,,,(語源)九州方言コ ブ〈蜘蛛〉に対応。,[kobu>kubu],,,【例】くぶぬ ちー は いっつぁり=ぶんすや,〈クモの巣だらけだね〉,んまがら すんか゚ くぬ  まいさる くぶや,〈どこから来たのか、この大きなクモは〉,,,,,,,,,,,,,,,,,,
559,1,,くぶ,2,[kubu],C,(名詞),112,,昆布。,,,(語源)日本語コブ・コンブ〈昆布〉に対応。,,,,【例】だいぬ ばすや はな-くぶ むんぶん,〈お祝いのときは花昆布を結ぶ〉,,,,,,,,,,,,,,,,,,,,
560,1,例文なし,くぶ,3,[kubu],C,(名詞),112,,瘤(こぶ)。たん瘤。,,,(語源)日本語コブ〈瘤〉に対応。くぶんか゚し (名詞) クモの巣。〔同〕くぶぬ ちー【例】くぶんか゚し はいつぁり〈蜘蛛の巣がたく さんあるね〉(語源)「こぶがせ」〈蜘蛛綛〉に対応するか。,[kubuŋasi],,,,,,,,,,,,,,,,,,,,,,,,
561,1,例文なし,くぶや,,[kubuya],,(名詞),112,〔動物〕,コウモリ。,,,(語源)古 語 カ ワ ボ リ〈 蝙 蝠〉に 対 応。,[kawabori-a>kooboryaa>kooboyaa>kubuya],,,,,,,,,,,,,,,,,,,,,,,,
562,1,例文なし,くぶらぎ,,[kuburagi],B,(名詞),112,,胸焼け。しゃっくり。,〔同〕さぶらぎ,,,,,,,,,,,,,,,,,,,,,,,,,,,
563,1,例文なし,くま,,[kuma],,(指示詞),112,,ここ。「うま」よりも聞き手に近い場所を指す。,,,,,,,,,,,,,,,,,,,,,,,,,,,,
564,1,,ぐま,,[guma],C,(名詞),112,,胡麻(ゴマ)。,,,(語源)日本語ゴマに対応。,,,,【例】ぐまや はる はゆ さん、しがち まいとぅ まどぅん どぅ たに まてぃてぃ どぅく、しちんがち かい とぅい きてぃ だ ぬ くびんたんき てぃんでぃ たたしてぃ ぶーるんか゚ うみるばどぅ  にぬぶぐんき とぅんだし ふしてぃ かてぃ=かばし してぃんだい  あやし=ぶたる,〈ゴマは春に入る三、四月に米と同時期に種を播き、六、七月、刈り取って、家の壁に立て掛け、全部が熟すると、稲藁で編んだ敷物に取り出して杵で叩いて実を取った〉,,,,,,,,,,,,,,,,,,,,
565,1,,くまさん,,[kumasaN],C,(形容詞),113,,細かい。器用だ。,,,(語源)西日本方言コマイ〈小さい〉に対応。,[komasaN>kumasaN],,,【例】あんか゚ いやや てぃー くまさったん,〈私の父は手が器用だった〉,,,,,,,,,,,,,,,,,,,,
566,1,,くまた,,[kumaTa],C,(名詞),113,,(1)分け前。(2)配分された仕事。,,,,,,,【例】 ん だ   く ま た や   う ま=く た ど ぅ   あ ん す。 したた ちまいよ,〈あなたの分はここまでよ。さっさと終えてね〉,,,,,,,,,,,,,,,,,,,,
567,1,,ぐまたてぃ,,[gumaTaTi],,(動名詞),113,,とても小さいこと。「ぐまん」に動名詞化接辞「~たてぃ」が付いた語。,,,,,,,【例】 んだ=はたぎや ぐまたてぃどぅ=ぶんさい,〈お前の畑はとても小さいじゃないか〉,,,,,,,,,,,,,,,,,,,,
568,1,,ぐまん,,[gumaN],C,(形容詞),113,,小さい。,,,(語源)沖縄方言グマサン /(0) gumasaN/ に対応。,[gomasaN>gomahaN>gumaN],,,【例】うぬ あなんぷ ぐまどぅ ありゃ きんでぃ まいさぐ な い,〈この穴は小さいので削って大きくしなさい〉,,,,,,,,,,,,,,,,,,,,
569,1,,くみ,,[kumi],C,(指示詞),113,,ここに。ここへ。ここで。,,,,,,,【例】くみ あんすやー。 ぬや うや? くみばぎ  あんすや。 かみ あんすやー。 ぬや,〈ここにあるね。何、これは?ここにもあるね。あそこにあるね。何かね〉,,,,,,,,,,,,,,,,,,,,
570,1,例文なし,#NAME?,,[kumui],C,(名詞),113,,畑の畦の水たまり。,,,,,,,,,,,,,,,,,,,,,,,,,,,,
571,1,,くむてぃ,,[kumuTi],,(名詞),113,,お供え物。供物(くもつ)。,,,(語源)日本語クモツ〈供物〉に対応。,[kumotu> kumoci>kumoTi>kumuTi],,,【例】するぬ くむてぃぬ くがしや はたんた いどぅ=ぶんがら まー かむんな,〈お盆のお供え物の粉菓子はすごく固くなっているので、もう噛むな〉,,,,,,,,,,,,,,,,,,,,
572,1,,‘くむん,,[Kum-],,(動詞),113,,包む。,,,,,,,【例】うやしむぬ うとぅひんき ‘くみてぃどぅ むってぃ=ひる=くとぅど,〈贈答品は風呂敷で包んで持っていくことだよ〉,,,,,,,,,,,,,,,,,,,,
573,1,,ぐや,,[guya],C,(名詞),113,〔植物〕,苦瓜(ニガウリ)。ゴーヤ。,,,(語源)沖縄方言ゴー ヤー /(0)gooyaa/ に対応。,[gauri- a>gooryaa>guya],,,【例】ぐやや んだみてぃ チャ ンプルー  いたり ひちたてぃ んだみてぃ さしみとぅ まどぅん はいば まー んど,〈ニガウリは刻んでチャンプルーにしたり、薄くスライスして刺身と一緒に食べるとおいしい〉,,,,,,,,,,,,,,,,,,,,
574,1,,くやん,,[kuyas-],A,(動詞),114,,運ぶ。,,,(語源)カヨワス〈通わす〉 の転か。,[kayowas->kawoyas->kooyas->kuyas-],,,【例】かんだてぃぬ からてぃがら みん だんき くやん,〈カンダティのせせらぎから水を家に運ぶ〉,はたぎに うとぅてゃる てぃむぬ  くるまし くやし くー。 んでゃんき くやし うとぅぎー,〈畑に取って 置いた薪を車で運んでこい。君の家へ運んでおけ〉,,,,,,,,,,,,,,,,,,
575,1,,‘くゆ,,[Kuyu],C,(名詞),114,,(天体の)月。,,,(語源)日本語ツクヨ〈月夜〉に対応。,[tukuyo>cikuyo>siKuyo>Kuyu],,,【例】うぶたくゆ ないてぃ あがいつま ない,〈満月になって真昼のように明るくなった〉,,,,,,,,,,,,,,,,,,,,
576,1,,くゆみ,,[kuyumi],B,(名詞),114,,曆(こよみ)。,,,(語源)日本語コヨミ〈暦〉に対応。,[koy omi>kuyumi],,,【例】 す ー や   き ゅ ー ぬ   い ぐ が か や   く ゆ み   ん に=ん に ん に,〈今日は旧の何日か曆を見てごらん〉,,,,,,,,,,,,,,,,,,,,
577,1,,くらぶ,,[kurabu],C,(名詞),114,,犂(すき)。鋤。牛に引かすスキ。,,,,,,,【例】うちんき くらぶ すんかみ はたぎ  ‘かし=ぶる,〈牛に犂を引かせて畑を耕している〉,,,,,,,,,,,,,,,,,,,,
578,1,,くらん,,[kuras-],A,(動詞),114,,崩(くず)す。,,,(語源)古語コ ホル〈壊れる〉を使役形にしたコホラスに対応するか。,[koworas->ko'oras- >kuras-],,,【例】うぬ ぐしく くらん,〈この石垣を崩す〉,,,,,,,,,,,,,,,,,,,,
579,1,,‘くらん,,[Kuras-],A,(動詞),114,,ふくらませる。,,,(語源)日本語フクラス〈膨らす〉に対応。,[pukuras->hukuras->h(u)Kuras->Kuras-],,,【例】 ふ ー せ ん   ‘ く ら し=と ぅ ら し=わ り ,〈風船をふくらませてください〉,,,,,,,,,,,,,,,,,,,,
580,1,,くり,,[kuri],,(名詞),115,,氷。,,,,,,,【例】くりし みんぶる ひらい,〈氷で頭を冷やせ〉(関連用語)くりさた,〈氷砂糖〉,,,,,,,,,,,,,,,,,,,
581,1,例文なし,ぐり,,[guri],C,(名詞),115,,沈殿物。濁(にご)り。,,,(語源)九州方言ゴリに対応。,[gore>guri],,,,,,,,,,,,,,,,,,,,,,,,
582,1,,〜ｎく゚りさん,,[ŋurisaN],,(接辞),115,,~(し)にくい。,,,,,,,【例】くぬ うぶにや まいさびてぃ はいんく゚りさん,〈この大根は大きすぎて食べにくい〉,【例】てれび んにんく゚りさどぅ ありゃ は んだいぬ うやびに ある たがさぬむぬ とぅんならい,〈テレビが見えに くいから飯台の上にある高い物を退(ど)かせなさい〉(関連用語)ぬみんく゚り さん,〈飲みにくい〉、んにんく゚りさん,〈見にくい〉,,,,,,,,,,,,,,,,
583,1,,‘くりるん,,[Kurir-],A,(動詞),115,,(1)腫(は)れる。(2)膨(ふく)れる。,,,,,,,【例】みんぶる あやし すに ‘くるん,〈頭をぶつけてたんこぶが腫れた〉,,,,,,,,,,,,,,,,,,,,
584,1,,くる,,[kuru],C,(名詞),115,,(1)殻(から)。籾殻。抜け殻。,,,,,,,【例】さんさんぬ くる,〈蝉の抜け殻〉,,,,,,,,,,,,,,,,,,,,
584,2,,くる,,[kuru],C,(名詞),115,,(果物や野菜の)皮。,,,(語源)沖縄方言グル /(1)guru/ に対応。,,,,【例】うんてぃぬ くる,〈芋の皮〉,,,,,,,,,,,,,,,,,,,,
585,1,,‘くる,,[Kuru],B,(名詞),115,,袋。,,,(語源)日本語フクロ〈袋〉に対応。,[pukuro>hukuro>h(u)Kuro>Kuru],(関連用語)かしがくる〈樹木の粗い繊維で作った袋〉(文化的・民俗学的背景)戦 前の精米所は、前大舛、富村、米浜など。,,【例】‘くるんか゚ とぅんでぃる まいにや かやし ‘たー ‘かい=ぶる  まるんか かぐ ‘くいてぃ、うんき まい いり=ぶたん,〈袋が現れる前には、カヤで蓋が付いている丸い籠を作り、それに米を入れた〉,せいまいしょ んか゚ ‘くらりるたや しらがら んにぬ ふー とぅんだし せんばし ん ぐいてぃ ‘くるんき いり=ぶたん,〈精米所が出来る前は稲叢から稲の穂を 取り出し、脱穀用の千把でしごいて袋に入れるということが広く行われてい た〉,,,,,,,,,,,,,,,,,,
586,1,,くるぶん,,[kurub-],A,(動詞),116,,転(ころ)ぶ。,,,(語源)日本語コロブ〈転ぶ〉に対応。,[korob->kurub-],,,【例】 う ぶ-か で ぃ し   あ み て ぃ   あ い て ぃ=ぶ る   い や ん か゚ くるび,〈台風で道路を歩いているおじさんが転んだ〉,ういとぅ ない び たや みぬんき ない まらたてぃぬ つぁんき はん かぎ くるび,〈年を取ったので、体力がなくなって、とても短い草につまづいて転ぶように なってしまった〉,,,,,,,,,,,,,,,,,,
587,1,,くるん,,[kurus-],A,(動詞),116,,(1)殺す。,,,,,,,【例】まちりん ちましゃりゃ わー くるし はいんだぎ,〈マチリも済んだので豚を潰して食べよう〉,,,,,,,,,,,,,,,,,,,,
587,2,,くるん,,[kurus-],A,(動詞),116,,動物や魚を解体する。魚をさばく。,,,(語源)日本語コロスに対応。,[koros->kurus-],,,【例】いゆ ちー=すりゃ くるし=とぅらい,〈魚を釣ってきたのでさばいてくれ〉,,,,,,,,,,,,,,,,,,,,
588,1,,‘くるん,1,[Kuru-],B,(動詞),116,,(1)繕(つくろ)う。(2)調理の準備。(野菜などを)きれいにより分ける。,,,,,,,【例】う んてぃ ‘くるい=うとぅぎ,〈お芋を炊(た)く下準備をしておきなさい〉,,,,,,,,,,,,,,,,,,,,
588,2,例文なし,‘くるん,1,[Kuru-],B,(動詞),116,,身なりを整える。,,,(語源)日本語ツクロウ〈繕う〉に対応。,[tukurow->cikuro'- >s(i)Kuro->Kuru-],,,,,,,,,,,,,,,,,,,,,,,,
589,1,,‘くるん,2,[Kur-],B,(動詞),116,,(1)作る。,,,,,,,【例】すんか゚てぃぬ たがんとぅびゃ ‘くるん,〈お正月の凧を作る〉,あがみんたぬ んたびむぬ ‘くゎんど,〈子供たちのおもちゃを作ったよ〉 ,とぅぶ ‘くるん,〈豆腐を作る〉,うんに ‘くい=ぶたる かつぶし たー ん ‘くらぬんき なんか゚えー,〈あんなに作っていた鰹節を誰も作らなくなっ たね〉,,,,,,,,,,,,,,
589,2,,‘くるん,2,[Kur-],B,(動詞),116,,耕作する。,,,,,,,【例】はたぎ ‘くるん,〈畑を耕作する〉,,,,,,,,,,,,,,,,,,,,
589,3,,‘くるん,2,[Kur-],B,(動詞),116,,建てる。設立する。,,,(語源)日本語ツクル〈作る〉に対応。,[tukur->cikur- >s(i)Kur->Kur-],(関連用語)みーくんだてぃ〈新築〉,,【例】でぃんや だー ‘くるんでぃどぅ かんがい=ぶる,〈来年は家を建てたいと考えている〉,,,,,,,,,,,,,,,,,,,,
590,1,,くゎい,,[kwai],C,(名詞),116,,肥料(ひりょう)。「かい」とも。,,,,,,,【例】はたぎに くゎい たたくみ いりてぃ  なぬは ばぶらい,〈畑に肥料を入れて菜の葉を生い茂らせた〉,,,,,,,,,,,,,,,,,,,,
591,1,,くゎち,,[kwaCi],C,(名詞),116,,お菓子。「かち」とも。,,,(語源)古語クヮ シ 〈菓子〉に対応。,[kwasi>kwaCi],,,【例】かりんか゚ むてぃ=する くゎちんか゚どぅ まる=はでぃ,〈あいつが持ってきたお菓子がおいしいだろう〉,,,,,,,,,,,,,,,,,,,,
592,1,,‘くゎん,,[KwaN],C,(形容詞),117,,(1)低い。声や音が低い。,,,,,,,【例】 ん だ   く い や   ‘ く ゎ ー び て ぃ   ‘ て ぃ ん く゚ り さ どぅ ある,〈君の声は低くて聞きづらいよ〉,,,,,,,,,,,,,,,,,,,,
592,2,,‘くゎん,,[KwaN],C,(形容詞),117,,背丈や土地、垂直なものが低い。,,,(語源)日本 語ヒクイに対応。,[pikusaN>hikusaN>s(i)KuhaN>KwaN],,,【例】うぬ きだきや ばー だまぬ きーかや ‘くゎどぅ あんさ い,〈このリュウキュウコクタンは、私の森林の木よりは低いね〉,,,,,,,,,,,,,,,,,,,,
593,1,,〜くん,,[ku-],,(助動詞),117,,~(て)くる。,,,,,,,【例】うす んてぃ=くん,〈潮が満ちてくる〉,,,,,,,,,,,,,,,,,,,,
594,1,例文なし,くん,1,[kuN], ,(名詞),117,,黴(かび)。現在は「‘くん」と発音することが多い。,,,(語源)日本語コウジ〈麹〉 に対応。,[kauzi>koodi>kuN],,,,,,,,,,,,,,,,,,,,,,,,
595,1,,くん,2,[ka-],A,(動詞),117,,買う。,,,(語源)日本語カウ〈買う〉に対応。,[kaw->ka'->ka-],,,【例】みしやがら がっくぬ どぅんく゚ くん,〈店から学校の道具を買う〉,,,,,,,,,,,,,,,,,,,,
597,1,,‘くん,1,[KuN], ,(名詞),118,,(1)埃(ほこり)。,,,,,,,【例】かでぃ すさんがら ‘くん とぅび みー あぎらに ぬたん,〈風が強いので埃が飛んで目が開けられなかった〉,,,,,,,,,,,,,,,,,,,,
597,2,,‘くん,1,[KuN], ,(名詞),118,,粉。,,,,,,,【例】むてぃ ぬ ‘くん,〈餅の粉〉,,,,,,,,,,,,,,,,,,,,
597,3,,‘くん,1,[KuN], ,(名詞),118,,黴(かび)。,,,,,,,【例】‘くん むい,〈カビが生えた〉,,,,,,,,,,,,,,,,,,,,
599,1,例文なし,‘くん,3,[K-],A,(動詞),118,,質問する。尋ねる。,,,(語源)日本語キク〈聞く〉に対応。,[kik->cik->s(i)K->K-],,,,,,,,,,,,,,,,,,,,,,,,
600,1,,くん　くみるん,,[kuN+kumir-],,(連語),118,,根をつめる。よく考える。,,,,,,,【例】 く ん   く み=う と ぅ ぎ よ ,〈十分に考えておきなさいよ〉,,,,,,,,,,,,,,,,,,,,
601,1,,くんた,,[kuNTa],C,(名詞),119,,喉仏(のどぼとけ)。,,,,,,,【例】 く ん た   ち み=‘ か っ て ぃ る ん ,〈喉元を締め上げてやる〉,,,,,,,,,,,,,,,,,,,,
602,1,例文なし,くんだ,,[kuNda],C,(名詞),119,〔虫〕,ゴキブリ。,,,(語源)宮古方言コー ムヤー /koomuyaa/ に対応するか。,,,,,,,,,,,,,,,,,,,,,,,,,
603,1,,くんてぃ,,[kuNTi],A,(名詞),119,,気力・根気・精・栄養・体力。,,,(語源)日 本語コンキ〈根気〉に対応。,[koNki>koNci>kuNTi],,,【例】かいんく゚ うやしてぃ くんてぃ ‘きー=われ,〈卵を食べて気力をつけてください〉,とぅないぬ どぅみや くん てぃ あんすや。 ‘とぅむてぃがら どぅる=くた はたぎ しかま きー,〈隣のお嫁さんは根気があるね。朝から晩まで畑仕事をしているよ〉,,,,,,,,,,,,,,,,,,
604,1,,くんどぅんでぃるん,,[kuNduNdir-],B,(動詞),119,,怒る。「くんどぅ」〈根性〉と「んでぃるん」〈出る〉の複合語。,,,(語源)沖縄方言クンジョー ッ ンジユン /(0)kuNzoo (0)'NziyuN/ に対 応。,[koNzyau+ide->kuNdu+Ndir-],,,【例】あにさんか゚  きならぬ くとぅ きーびどぅ、くんどぅんでぃ=わるてぃら,〈お兄さんがしてはならないことをしたので、怒っていらっしゃるのだろう〉,あらぐ  あいんか゚しや あぬん くんどぅ=んでぃるんどー,〈あんまりだと私も怒り 出すぞ〉,,,,,,,,,,,,,,,,,,
605,1,,さー,1,[sa],B,(名詞),119,,茶。お茶。,,,(語源)日本語チャ〈茶〉に対応。,[tya>cya> sya>sa],(関連用語)さーすが〈急須。お茶を煎じるのに用いる道具〉/さー  ‘とぅさばん〈お茶一杯〉/ういっとぅぬ さぬみどぅち〈年寄りのお茶飲み 友達(年を取ると、見知らぬ人でも、茶飲み場ですぐ友達になれる)〉,,【例】さー ばがしてぃ むてぃ=こー,〈お茶を沸かして持ってきなさい〉,あんか゚ ひりゃ さー ‘とぅさばん んだぬたん,〈僕が訪ねて行っ たのにお茶一杯出さなかった〉,,,,,,,,,,,,,,,,,,
606,1,,さー,2,[sa], ,(代名詞),119,,自分。再帰代名詞。,,,,,,,【例】 さ ー=ば が い   う ん な ん き   ひ る ん す や ,〈自分だけ沖縄に行くんだな〉(関連用語)しー,〈自分たち。「さー」の複数形〉,,,,,,,,,,,,,,,,,,,
607,1,,〜さい,,[sai],,(助詞),119,,~とさ。~だよ。終助詞。,,,,,,,【例】あてぃんか゚どぅ あぬ かーばい すいだてぃ=とぅらたんでぃ んどぅんさい,〈姉がよく私をお守りしてくれたそうだよ〉,,,,,,,,,,,,,,,,,,,,
608,1,,さい,,[sai],,(名詞),120,,柄杓(ひしゃく)。空き缶にカンザンチクを差し込んでいるなど柄がついて、二つのものでできている。,,,,,,,【例】 ま い や   あ ま み ん=か み が ら   さ い し   み ん んみてぃ かーばい さー ばがし ぬみ=ぶたんか゚,〈以前は(樋を伝った)天水を溜める甕から柄杓で水を汲んで、よくお茶を沸かして飲んだものだが〉,,,,,,,,,,,,,,,,,,,,
609,1,,さがい,,[sagai],,(名詞),120,,境、境界。あの世とこの世の境界を明確に死者に伝える行事。9回続く法事の最初のもの。,,,(語源)日本語サカイ〈境〉に対応。,[saka i>sagai],,(文化的・民俗学的背景)死後、最初のみずのえ(壬)、みずのと(癸)、 かのえ(庚)、かのと(辛)の日にあの世とこの世の区別を死者に明確に伝えよ うとする習俗。生きている人に親からの財産分与があるように、死者にも「は たぎばぎ」〈畑分け〉の儀式を象徴的に行った。,【例】んかちや さがいぬ ちー はがぬ まいに はたぎばぎ  きー=ぶたんか゚ ないや みぬんき なんか゚えー,〈昔は最初の法事の日にお墓の前で財産分与の儀式が行われたけれど、今はなくなったね〉,あったや  さがいどー,〈明日は最初の法要だよ〉,,,,,,,,,,,,,,,,,,
610,1,,さｎか゚い,,[saŋai],C,(名詞),120,〔植物〕,ガジュマル。(文化的・民俗学的背景)サンカ゚イイソバ...(1)6世紀初頭、与那国島を治めていたといわれる女族長。,,,,,,,【例】さんか゚いや はーや うちんきん ひびだんきん はみ、どぅだや てぃむぬんきんき また みんぐるん でぃぎたん,〈ガジュマルは、葉っぱは牛にも山羊にも食べさせ、枝は薪に、またキクラゲも繁殖した〉,さんか゚いいそばあぶや さんか゚い=きーぬ うぶさる さんか゚ いむらに わたばどぅ うんにぬ なー ない=ぶんでぃ んどぅんさい,〈サンカ゚イイソバおばあさんは、ガジュ マルの繁茂するサンカ゚イ村にお住ま いになっていたので、そういうい呼び方になったそうだよ〉,,,,,,,,,,,,,,,,,,
611,1,,さがいはんどぅ,,[sagaihaNdu],,(名詞),120,,繁盛(はんじょう)。,,,,,,,【例】かぬ きないや どぅみ すいてぃがら、さがいはんどぅ きー=ぶんすや,〈あの家は嫁が来てから、繁盛しているね〉,,,,,,,,,,,,,,,,,,,,
612,1,,さがなばてぃ,,[saganabaTi],,(名詞),121,,鉢(はち)。「さがぬばてぃ」とも。〈肴鉢〉の意。お祝いや祭、大きな法事のときに御馳走の種類の全部を床の間の上手に飾って行事をする風習がある「。うぶすり」より一段と大きいもので、「ちんむり」(ご馳走の飾り)を盛る際に使われる。,,,,,,,【例】 あ た ら   き ー=ぶ た る   さ が な ば て ぃ   う と ぅ し   ば い=み ぬん,〈大事にしていた肴鉢を落として割ってしまった〉,くんでぃんた す くんた きる=ばすにや さがぬばてぃ むとぅや たいがい するい=ぶんか゚ら いらいてぃ ちんむり むい=ぶる,〈結婚式や焼香をするときな ど、肴鉢や大皿・中皿・小皿などを根所の家では揃えて所持しているので借 りて「ちんむり」を盛っている〉,,,,,,,,,,,,,,,,,,
613,1,,さぎ,,[sagi],A,(名詞),121,,酒。,,,(語源)日本語サケ〈酒〉に対応。,[sake>s age>sagi],(関連用語)さぎぬみゃ〈酒飲み。酒上戸〉/さぎ-たりなび〈酒醸 造用の鍋〉/さぎすんか゚〈酒用の急須〉/さぎ-くびん〈徳利(とっくり)。酒 を入れる瓶。神仏へのお供え用と日常用がある〉/さぎ-くたんでぃ〈二日 酔い〉/さぎ うったるん〈酒を(水で)薄める〉/かちだい〈酒粕〉/さぎ ぬ うさい〈酒の肴〉さぎふち [sagihuCi]A(名詞) 酒癖(さけぐせ)。酒に酔ったときに出る癖。【例】かぬとぅや さぎふち ばらさぬ〈あの人は酒癖が悪いなあ〉(語源)日本語サケグセ〈酒癖〉に対応。[sakekuse>sageh(u)Ce>sagihuCi],,【例】さぎ たりるん,〈酒を造る〉,,,,,,,,,,,,,,,,,,,,
614,1,,さｎき゚るん,,[saŋir-],B,(動詞),121,,吊(つ)り下げる。,,,,,,,【例】 み ー   ‘ か い=ぶ る   く す ぬ   ど ぅ だ   む ぬ ぬ ぎ む ぬ んでぃ だーぬ ながに さんき゚=ぶたん,〈実のついた唐辛子の枝を魔除けとして家の中に吊り下げていたよ〉,,,,,,,,,,,,,,,,,,,,
615,1,,さぐ,,[sagu],,(名詞),121,,程度。,,,(語源)日本語シャ ク〈尺〉に対応。,[syaku>syagu>sagu],,,【例】びんがんでぃ んでぃてぃ うぬ さぐどぅ しから あるな,〈男のくせにこの程度の力しかないのか〉,,,,,,,,,,,,,,,,,,,,
616,1,,さくち,,[saKuCi],,(名詞),122,,長男(ちょうなん)。,,,(語源)日 本語チャ クシ〈嫡子〉に対応。,[cyakusi>syaKuCi>saKuCi],,,【例】さくちどぅ あんか゚ しかまん みぬんき いっち ん あんび=ぶんさい,〈長男だが、仕事もなくていつも遊んでいる〉,,,,,,,,,,,,,,,,,,,,
617,1,例文なし,さぐまい,,[sagumai],,(名詞),122,,うるち米。,,,(語源)サクマイに対応。,,,,,,,,,,,,,,,,,,,,,,,,,
618,1,,ささらんくん,,[sasaraNK-],,(動詞),122,,落ち着かない。イライラする。,,,,,,,【例】 ひ こ ー き   ぬ い=う ぐ り=き ん だ ん ぎ  あいてぃ ちむ ささらんてぃ,〈飛行機に乗り遅れそうで気分が落ち着かない。イライラする〉,,,,,,,,,,,,,,,,,,,,
619,1,〔補〕の位置、要修正。,さしびら,,[sasibira],,(名詞),122,,杓文字(しゃもじ)。,,,,,,,【例】うぬ　さしびらし　いー　いりり〈この杓文字でご飯をよそいなさい。〔補〕ごはんをよそう「びら」は「へら」で本土各地にも「しゃもじ」を「へら」という方言は多い(東北六県、新潟、伊豆、八丈など)〉,,,,,,,,,,,,,,,,,,,,,
620,1,,さた,,[saTa],C,(名詞),122,,砂糖。,,,(語源)日本語サ トウ〈砂糖〉に対応。,[satau>sataa>saTa],(関連用語)ふるさた〈黒砂糖。黒糖〉 /さたどぅ〈砂糖水の飲み物〉/くりさた〈氷砂糖〉,,【例】うぬ にむぬや さた すさびてぃ、あまんくりつぁいどぅ ぶ んすや,〈この煮物は砂糖が強く(を入れすぎ)てとても甘い〉,,,,,,,,,,,,,,,,,,,,
621,1,,さてぃ,,[saTi],A,(名詞),122,,先。,,,(語源)日本語サキ〈先〉に対応。,[saki>saci >saTi],,,【例】さてぃ ならみ=とぅらし=わりよー,〈(退出などする際に諸先輩方に向かって)お先に失礼します〉,,,,,,,,,,,,,,,,,,,,
622,1,,さな,,[sana],C,(名詞),122,,傘。,,,(語源)宮古方言サナ /sana/〈傘〉に対応。※ 漢語〈傘〉に由来するか。,,,,【例】さな さん,〈傘をさす〉,,,,,,,,,,,,,,,,,,,,
623,1,,さにてぃ,,[saniTi],,(名詞),122,,浜下り。年間で最大干潮となる旧暦3月3日に、ご馳走を持って行って浜で飲食して過ごす行事。女の子の節句ともいわれる。,,,,,,,【例】さにてぃにや はま うり きてぃ どぅばたにんか゚い きる=くとぅど,〈(旧暦)三月三日は浜下りして健康願いをすることだよ〉,,,,,,,,,,,,,,,,,,,,
624,1,,さば,1,[saba],A,(名詞),123,〔魚〕,フカ。大型の鮫(サメ)。,,,(語源)沖縄方言サバ /saba/ に対応。,,,,【例】さばぬ ちるんき ふちぬ=はー うとぅしんか゚しや まーんどー,〈鮫の汁にヨモギを入れるとおいしいよ〉,,,,,,,,,,,,,,,,,,,,
625,1,例文なし,さば,2,[saba],A,(名詞),123,,草履。,,,(語源)沖縄方言サバ /saba/ に対応。,,(関連用語)あだぬ=はー=さば〈アダン葉草履〉,,,,,,,,,,,,,,,,,,,,,,,
626,1,例文なし,さばぐん,,[sabag-],,(動詞),123,,探し当てる。,,,,,,,,,,,,,,,,,,,,,,,,,,,,
627,1,,さばるん,,[sabar-],A,(動詞),123,,触る。手を触れる。,〔同〕かがるん,,(語源)日本語サワ ル〈触る〉に対応。,[sawar->sabar-],,,【例】うちに さばい,〈牛に触る〉,さばん な。 うぬまま うとぅぎ,〈触るな。そのまま置きなさい〉,,,,,,,,,,,,,,,,,,
628,1,,さばん,,[sabaN],,(名詞),123,,茶碗(ちゃわん)。,,,(語源)日本語チャ ワン〈茶碗〉に対応。 ,[cyawaN>syabaN>sabaN],,,【例】さばん むてぃ=し さー うやみり,〈茶碗を持ってきて(お客さんに)茶を差し上げなさい〉,,,,,,,,,,,,,,,,,,,,
629,1,,さび,,[sabi],,(名詞),123,,錆(さび)。,,,,,,,【例】さび ぷるんど。 だまんき あんだ さい,〈錆が出るよ。機械に油をさしなさい〉,,,,,,,,,,,,,,,,,,,,
630,1,,さびーさび,,[sabisabi],,(副詞),123,,(1)性格があっさりしている。(2)味がさっぱりしている。,,,,,,,【例】ぎらぬ さしみや さびーさび きてぃ まん,〈シャコガイの刺身はさっぱりしておいしいよ〉,,,,,,,,,,,,,,,,,,,,
631,1,,さり,,[sari],A,(名詞),123,,干ばつ。旱(ひでり)。,,,(語源)沖縄方言ヒャー イ /hyaai/ に対応。,[piyari>hiyari>syaari>sari],,,【例】くとぅちや うぶ-かでぃんか゚ くた あみや  みぬ、さりてぃりゃー,〈今年は台風が来るまで雨はないね、干ばつかもね〉,,,,,,,,,,,,,,,,,,,,
632,1,,さん,,[sas-],,(動詞),124,,指す。,,,,,,,【例】とぅんき うゆび さんな,〈ひとに指をさすな〉,,,,,,,,,,,,,,,,,,,,
633,1,,さんくん,,[saNK-],,(動詞),124,,引きずる。垂らす。,,,,,,,【例】はなだい さんてぃ,〈鼻水を垂らしている〉,どぅ だい さんてぃ,〈よだれを垂らしている〉,,,,,,,,,,,,,,,,,,
634,1,,さんさん,,[saNsaN],,(名詞),124,〔虫〕,セミ。,,,,,,,【例】さんさんか゚ かちまさるた なてぃ かさび あっつぁぬ ,〈セミの騒々しい鳴き声で、よけいに暑く感じる〉,,,,,,,,,,,,,,,,,,,,
635,1,,さんだい,,[saNdai],,(名詞),124,,仏前にお供えした料理のお下がり。マチリ、お盆などで、願う人がお供え物を下げる前に神に向かって伝える言葉。お供え物を下げるときの言葉。,,,,,,,【例】 すーみんや うぎとぅい=わい、さんだいや、たばらみ=とぅらし=わり,〈魂はお召し上がりになり、お供えした料理のお下がりは、賜わらせてください〉,,,,,,,,,,,,,,,,,,,,
636,1,,さんてぃ,,[saNTi],,(名詞),124,,三味線。,,,,,,,【例】さんてぃ ‘くん,〈三味線を弾く〉,,,,,,,,,,,,,,,,,,,,
637,1,,サンニヌダイ,,[saNninudai],,(名詞),124,〔地名〕,サンニヌ台。与那国の景勝地。(文化的・民俗学的背景)もともと陸続きだったが、長い間の雨や浸食で道は狭くなり、右側も崖、左側も崖と際立ち、草が双方から生えて崩れないよう守っていた。そのため遠足のときなど、こわがって渡らない人もいたが、渡るにも、這いつくばって渡るありさまだった。,,,,,,,【例】さんにぬだいんき ばたるんでぃや、まむに んまぬ ちんぷるんき たとぅにどぅ ぶたる,〈サンニヌ台に渡るにはほんとうに馬の背中に立つようだった(こわかった)〉,,,,,,,,,,,,,,,,,,,,
638,1,例文なし,さんにん,,[saNniN],C,(名詞),124,,月桃(ゲットウ)。サニン。,,,,,,,,,,,,,,,,,,,,,,,,,,,,
639,1,,さんみん,,[saNmiN],,(名詞),124,,計算。,〔同〕かんどぅ,,,,,,【例】でぃん さんみん きるん,〈お金を計算する〉,,,,,,,,,,,,,,,,,,,,
640,1,,〜し,1,[si], ,(助詞),125,,~で。手段を表す格助詞。,,,(語源)沖縄方言サー イ /saai/ に対応。,[si-ari>si-e>sye>si],,,【例】ぬんし あなんぷ あぎるん,〈鑿で穴を開ける〉,,,,,,,,,,,,,,,,,,,,
641,1,,〜し,2,[si], ,(助詞),125,,~こそ。~し。上にくる要素を強める副助詞。,,,,,,,【例】さぎ ぬむたし むんどぅ はでぃまい,〈酒を呑んでいるうちにけんかが始まった〉,,,,,,,,,,,,,,,,,,,,
642,1,,しーみ,,[simi],,(副詞),125,,しっかりと。「しみ」とも。,,,,,,,【例】んな しーみ かちみり,〈縄をしっかり掴みなさい〉,,,,,,,,,,,,,,,,,,,,
643,1,,しかーとぅ,,[siKaTu],,(副詞),125,,「しかっとぅ」とも。(1)大変。非常に。,,,,,,,【例】しかっとぅ ふがらさ,〈大変ありがとう〉,,,,,,,,,,,,,,,,,,,,
643,2,,しかーとぅ,,[siKaTu],,(副詞),125,,随分と。,,,,,,,【例】かぬ あぶや しかーとぅ なんぎ きーどぅ=わたるど。 あがみんた ちなさるたや ふどぅらんでぃ ぬん ‘くい  どぅ わたる,〈あのおばあさんは随分と苦労なされたよ。子供たちが小さい時、成長させるために、何でも作っていらしたよ〉,,,,,,,,,,,,,,,,,,,,
643,3,,しかーとぅ,,[siKaTu],,(副詞),125,,よくよく。しっかり。,,,,,,,【例】しかっとぅ かんがい=ぶん,〈じっくり考えている〉,しんしぬ む ぬいや しかっとぅ ‘てぃー うぶいらぬとぅ ならぬんど,〈先生のお話は しっかり聞いて覚えないといけないよ〉(関連用語)しかっとぅぬ くとぅ,〈大 変な出来事〉,,,,,,,,,,,,,,,,,
644,1,,しかま,,[siKama],A,(名詞),125,,仕事。,,,(語源)沖縄方言スィ カマ /(0)sikama/〈負債のための仕事〉と 同源か。,[sukama>sikama>s(i)Kama>siKama],,,【例】かぬとぅや まーまんかぬ ‘とぅどぅ あるゆんがら、はやぐ  しかまんき ひー=ぶるてぃら,〈あの人は真面目な人だから、早く仕事に行っているだろう〉,,,,,,,,,,,,,,,,,,,,
645,1,,しから,,[siKara],A,(名詞),125,,力。「ちから」「ちがら」とも。,,,(語源)日本語チカラ〈力〉に対応。,[ti kara>cikara>siKara],,,【例】しから すさん,〈力が強い〉,んだ しか らしや ならぬん,〈君の力ではできない〉,,,,,,,,,,,,,,,,,,
646,1,,しきん,,[siKiN],,(名詞),126,,世間(せけん)。,,,,,,,【例】うや まさいに しきん あいてぃ くーよ,〈親以上に世間を歩みなさいよ〉,,,,,,,,,,,,,,,,,,,,
647,1,,しｎく゚,1,[siŋu],C,(名詞),126,,小刀。柄を木で作った流線型の(1)5~(2)0cmの小刀。竹細工、凧作りなどの工作に重宝した。,,,(語源)沖縄方言スィーグ /siigu/ に対応。,[*sowego>so' eŋo>seeŋo>siŋu],,,【例】しんく゚し うぬ たぎ ひでぃ=とぅらい,〈小刀でその竹を削ってください〉,,,,,,,,,,,,,,,,,,,,
648,1,,しｎく゚,2,[siŋu],C,(名詞),126,,樽(たる)。,,,,,,,【例】しんく゚や うんてぃ だいんく゚るしし うるしゃる くでぃ  くしゃる=むぬ みん かい=なしだたな ‘とぅゆる にんしみるんでぃ  ‘かい=ぶたん,〈樽は摺器で摺り下ろした(芋)くずを濾したものを水を代えながら一晩寝かせるために使っていた〉〔補〕「ダインク゚ルシ」芋をすり下して、芋餅やでんぷんを作るのに使っていた道具。,,,,,,,,,,,,,,,,,,,,
649,1,,しくん,,[siKuN],A,(名詞),126,,準備。用意。,,,,,,,【例】つまどぅぎぬ はいむぬ しくん=きどぅ なる,〈昼食の準備をしないといけない〉,,,,,,,,,,,,,,,,,,,,
650,1,,ししるん,,[sisir-],,(動詞),126,,(蟻などが)集(たか)る。,,,,,,,【例】どぅびーどぅっとぅ ぬんに ししらり きゃーぬならぬん,〈昨夜一晩中、ノミにたかられ痒くてならない〉,,,,,,,,,,,,,,,,,,,,
651,1,,しださん,,[sidasaN],,(形容詞),126,,涼しい。「しらさん」とも。,〔同〕うるぎゃん,,,,,,【例】きぬ ‘たらや はい-かでぃ うい しださんすや,〈木の下は南風が吹いて涼しいよ〉,,,,,,,,,,,,,,,,,,,,
652,1,,したた,,[siTaTa],,(副詞),126,,さっさと。早く。,,,,,,,【例】 ん だ   く ま た や   う ま-く た ど ぅ   あ ん す 。 し た た   ちまいよ,〈あなたの配分された仕事はここまでよ。さっさと終えてね〉, んぬぬ くとぅや したた ばちてぃ あったからぬ くとぅ かんがり ,〈昨日のことはさっさと忘れて明日からのことを考えなさい〉,,,,,,,,,,,,,,,,,,
653,1,例文なし,しだでぃ,,[sidadi],,(名詞),126,,「しだり」に同じ。,,,,,,,,,,,,,,,,,,,,,,,,,,,,
654,1,,しだり,,[sidari],,(名詞),127,,手拭い。タオル。「しだでぃ」とも。,,,,,,,【例】しだり からぐん,〈タオルが乾く〉,,,,,,,,,,,,,,,,,,,,
655,1,,しっぱい,,[siPai],,(副詞),127,,いっぱい。たくさん。,,,,,,,【例】あらーぐ しっぱい いりんか゚しや あんでぃるんど,〈あんまりたくさん入れるとあふれるよ〉,,,,,,,,,,,,,,,,,,,,
656,1,,してぃ,,[siTi],,(名詞),127,,(1)季節。,,,,,,,【例】むぬくいや してぃ してぃに ‘くらぬとぅ ぬん ならぬ んど,〈作物(お米、芋、野菜)は、季節、季節に作らないと何もならないですよ〉,,,,,,,,,,,,,,,,,,,,
656,2,,してぃ,,[siTi],,(名詞),127,,節祭。夏と冬の間の時期。旧暦8、9月の己亥の日から三日間。往時は年の区切りとして、正月の意味を持ったとされる。,,,,,,,【例】してぃ ひだみた や、 ひかでぃ いり、うるぎさ なるん,〈節をへだてれば、日風入り、(太陽も風も弱くなって)涼しくなる〉(関連用語)あきぬなち,〈秋の夏。十月凪を含 む。最も長い季節〉,,,,,,,,,,,,,,,,,,,
657,1,,しば,,[siba],,(名詞),127,,心配。,,,(語源)日本語セワ〈世話〉に対応。,[sewa>seba>siba],,,【例】むぬや まーしく あるゆんがら しば きんな,〈物はたくさんあるから心配するな〉,,,,,,,,,,,,,,,,,,,,
658,1,,しみ,,[simi],,(副詞),127,,強く。しっかり。「しーみ」とも。,,,,,,,【例】んなし しみ んまんきり,〈縄で強く束ねなさい〉,,,,,,,,,,,,,,,,,,,,
659,1,,しみるた,,[simiruTa],,(副詞),127,,たくさん。,,,,,,,【例】だーにや しみるた あいどぅ=ぶんか゚ うみや みぬんす や,〈家にはたくさんあるがここにはないね〉,,,,,,,,,,,,,,,,,,,,
660,1,,しゃなん,,[syanaN],A,(形容詞),127,,嬉しい。,,,(語源)八重山方言サニサーン /sanisaaN/ に対応。,[sanisa N>sanihaN>sanyaN>syanaN],,,【例】 し ー   ち ら   ん し み=と ぅ ら し   し ゃ な ん ど ー ,〈来て顔を見せてくれて嬉しいよ〉,,,,,,,,,,,,,,,,,,,,
661,1,,しゅい,,[syui],,(感動詞),127,,よっしゃ。,,,,,,,【例】しゅい、まーだがあってどぅ あんそー、しゅい ぎはりよ,〈よっしゃ、もう少しだから、よっしゃ、がんばれよ〉,,,,,,,,,,,,,,,,,,,,
662,1,,しらりるん,,[sirarir-],A,(動詞),128,,やられる。,,,,,,,【例】ひーぬ うやびに どぅだん=きんか゚しや うぶすに しら りるんどー,〈珊瑚礁の上で油断すると大潮にやられるよ〉,かりんき しら り=みぬんすや-,〈彼にやられてしまった〉,,,,,,,,,,,,,,,,,,
663,1,,しん,,[siN],C,(名詞),128,,お祝いの招待客。,,,,,,,【例】かでぃんまやーぬ どゎいんでぃ だー しんし ん てぃどぅ=ぶる,〈九十七歳のお祝いだというので、座敷が招待客でいっぱいだ〉,,,,,,,,,,,,,,,,,,,,
664,1,,しんどぅ,,[siNdu],,(名詞),128,,船長,,,,,,,【例】あんか゚ でぃんでぃむぬ いやや かつしんぬ しんどぅどぅ あ たる,〈僕の同級生は鰹船の船長だったよ〉,,,,,,,,,,,,,,,,,,,,
665,1,,〜す,,[su],,(接辞),128,,~のもの。~こと。活用語の基本形や過去形について名詞化する。,,,,,,,【例】すだ んか゚ んどぅんす ‘てぃー=うとぅぎ,〈先輩の言うことを聞いておけ〉,,,,,,,,,,,,,,,,,,,,
666,1,,すー,1,[su], ,(名詞),128,,天秤棒。,,,(語源)日本語サオ〈竿〉に対応。,[sawo>sa'o>soo>su],,,【例】すー むてぃ=しんに。 ‘たいんとぅし かたみ=ひんだんぎ,〈天秤棒を持ってきて。二人で担いでいこう〉,,,,,,,,,,,,,,,,,,,,
667,1,,すー,2,[su],C,(名詞),128,,今日。,,,(語源)日本語キョ ウ〈今日〉に対応。,[kyoo>cyoo>syoo>su],(関連用語)すー ‘とぅむてぃ〈今日の朝〉,,【例】すー ‘つまがら ばやんき くーよ,〈今日(の)昼から私の家に来いよ〉,すーん ひっとぅい はでぃまるんどー,〈今日も一日が始まるよ〉,,,,,,,,,,,,,,,,,,
668,1,,すーぎら,,[sugira],,(名詞),128,,砂地にいるシャコガイ。,,,,,,,【例】すーぎらや まいさんか゚ なんどぅ まー みぬん,〈砂地にいるシャコガイは大きいがあんまりおいしくない〉,,,,,,,,,,,,,,,,,,,,
669,1,,すーすどぅ,,[susudu],,(副詞),128,,「すーする」とも。(1)呆れるほど。とても。何と。大変。ずいぶんと。,〔同〕あらーぐ,,,,,,【例】すーすどぅ あっつぁる,〈何て暑いんだ〉,うぶかでぃ ‘てぃー ばらい きぬない すーすどぅ あいち,〈台風が吹き荒れ木の実がたくさん 落ちている〉,すーすどぅ あがてぃ,〈たいへん焦っている〉,,,,,,,,,,,,,,,,
670,1,例文なし,すーち,,[suCi],,(名詞),129,,干潮。引き潮,,,(語源)古語シオヒ〈潮干〉に対応。,[siwopi>siyohi>syoosi>suCi],,,,,,,,,,,,,,,,,,,,,,,,
671,1,,すーち-からてぃ,,[suCikaraTi], ,(名詞),129,,最大干潮。,,,,,,,【例】すーや さにてぃんでぃ すーち-からてぃ ない=ぶんか゚ え,〈今日は浜下りの日なので最大干潮になっているね〉,,,,,,,,,,,,,,,,,,,,
672,1,,すーぬｎき゚るん,,[sunuŋir-],,(動詞),129,,慌てる。魂が抜ける。正気を失う状態をいう。,,,,,,,【例】すーぬんき゚ かぎらい すたん,〈あわてふためいて走ってきた〉,あがみんたんか゚ すーぬんき゚てぃ きでぃ=ぶたん,〈子供たちが慌てふためいている〉,,,,,,,,,,,,,,,,,,
673,1,例文なし,すーぶん,,[subuN],,(名詞),129,,性分(しょうぶん)。,,,,,,,,,,,,,,,,,,,,,,,,,,,,
674,1,,すいだぐん,,[suidag-],A,(動詞),129,,お守する。抱っこする。,,,,,,,【例】あてぃんか゚どぅ あぬ かーばい すいだてぃ とぅらたんでぃ んどぅんさい,〈姉がよく私をお守りしてくれたそうだ〉,,,,,,,,,,,,,,,,,,,,
675,1,,すが,,[suga],C,(名詞),129,,急須(きゅうす)。主にお酒を入れるのに用いる。,,,(語源)九州方言チョ カ〈急須〉に対応。,[tyauka(a)>cyooga>syooga>suga],,(文化的・民俗学的背景)お茶は高級品であり、お 茶よりはお酒が身近にあった。各家庭の仏壇にはお酒を入れた急須が置かれ ている。,【例】とぅぐがら すが む てぃ こー,〈仏壇から急須を持って来なさい〉,んかち=‘とぅんたや ‘とぅ  わるば すがんき さー しっぱい いりてぃ うやし=わりんでぃどぅ  あたる,〈昔の人は、人がいらっしゃると急須にお茶をいっぱい入れて「召し 上がれ」と言うのであった〉,,,,,,,,,,,,,,,,,,
676,1,,すｎか゚らん,,[suŋrar-],A,(動詞),129,,増やす。,,,,,,,【例】くでぃ にんしみ あんがら すんか゚らんなよ,〈麹を寝かせてあるから、(注意を怠って麹を)増やしてはいけないよ〉,,,,,,,,,,,,,,,,,,,,
677,1,,すｎか゚るん,,[suŋar-],A,(動詞),130,,増える。,,,(語源)日本語 ヒロガルに対応するか。,[pirogar->hiroŋar->siroŋar->suŋar-],(関連用語)すん か゚い=ぶん〈増えている〉,,【例】まゆぬ あがみ すんか゚い どぅだち きらにぬん,〈猫の子が増えて、どうにもならない〉,かまんきくまんき すんかい=ぶん,〈あちら こちらに広がる。増える〉,うんてぃ すんか゚い,〈芋が増えた〉,,,,,,,,,,,,,,,,
678,1,,すｎき゚るん,,[suŋir-],A,(動詞),130,,広げる。物や田畑の耕作面積を広げる。,,,,,,,【例】んなに すんき゚ ふい,〈着物を広げて干しなさい〉,でぃん たまたや たー はたぎ すんき゚り,〈お金が貯 まったら田、畑を広げなさい〉,,,,,,,,,,,,,,,,,,
679,1,「①法事。焼香。②証拠。」とする。,すく,,[suKu],,(名詞),130,,法事。焼香。証拠。,,,(語源) 日本語ショ ウコウ〈焼香〉に対応。,[syoukau>syuukoo>suKu],,,【例】あたやすくやんきかいしきんでぃひらぬとぅならぬん〈明日は法事のある家に手伝いをしに行かないとならない〉,,,,,,,,,,,,,,,,,,,,,
680,1,,すぐ,,[sugu],,(名詞),130,,底。,,,(語源)日本語ソコ〈底〉に対応。,[soko>sogo>sugu],,,【例】かみぬ すぐ。 でぃぬ すぐ,〈甕の底。地の底〉,,,,,,,,,,,,,,,,,,,,
681,1,,すｎく゚だい,,[suŋudai],,(名詞),130,,机。,,,(語源)日本語ショ クダイに対応。,,,,【例】かぬ あがみてぃや いや すんく゚だいがらどぅ たばぐ とぅい=するてぃら,〈あの子供はお父さんの机から煙草を取ってきたのだろう〉,,,,,,,,,,,,,,,,,,,,
682,1,,すさん,,[susaN],C,(形容詞),130,,(1)強い。,,,,,,,【例】ます すさぬ んだぬならぬん,〈塩が強い塩辛くてどうにもならない〉,,,,,,,,,,,,,,,,,,,,
682,2,,すさん,,[susaN],C,(形容詞),130,,(身体が)丈夫だ。3(頭脳が)優れている。,,,,,,,【例】かぬ=‘とぅ や みんぶる すさん,〈あの人は頭が強い(良い)〉,,,,,,,,,,,,,,,,,,,,
682,3,例文なし,すさん,,[susaN],C,(形容詞),130,,難しい。,,,(語源)日本 語ツヨイに対応。,[tuyosaN>cyoosaN>syoosaN>susaN],,,,,,,,,,,,,,,,,,,,,,,,
683,1,,すだ,,[suda],,(名詞),130,,年上。特に目上の男。,,,,,,,【例】うぬとぅや あんか゚ すだどぅ ない=ぶる,〈この人は私の兄です〉,すだ まい あたば うとぅとぅんたぬ くとぅ かーばい いしとぅらたん,〈長男に生まれ者だから、弟たちのことをよくやって くれましたよ〉, ‘とぅち ちんか゚い あるばん すだや すだどぅ,〈一つ 違えども年上は年上だよ。敬いなさい〉,,,,,,,,,,,,,,,,
684,1,,すてぃ,,[suTi],,(名詞),131,,咳。,,,(語源)日本語シワブキ〈咳〉に対応。,[*siwawuk i>si'a'uci>syooTi>suTi],,,【例】とぅいぬ=だみ かがい、すてぃてぃ ならぬん,〈感冒にかかって咳が止まらない〉,すてぃ してぃ ぬどぅどぅ だみ=ぶるんでゃー,〈咳 込んで喉を痛めているんだよ〉,,,,,,,,,,,,,,,,,,
685,1,,すでぃ,,[sudi],A,(名詞),131,,袖。,,,(語源) 日本語ソデ〈袖〉に対応。,[sode>sudi],,,【例】んなにぬ すでぃんか゚ さぎ=ぶん,〈着物の袖が裂けている〉,,,,,,,,,,,,,,,,,,,,
686,1,,すなてぃ,,[sunaTi],,(名詞),131,,兄。おにいさん。三男兄。「すだ」に指小辞「~てぃ」が付いたものか。,,,,,,,【例】 すなてぃや ない だがてぃどぅ とぅんでぃ わたんか゚ー,〈三男兄さんは今しがた外出されたばかりだが...〉,,,,,,,,,,,,,,,,,,,,
687,1,,すに,,[suni],,(名詞),131,,(1)曽根(そね)。魚の集まる岩礁。,,,,,,,【例】どぅなんとぅ たいはんぬ ‘たなが に みくらすにんでぃ んどぅ まーしく かつ とぅらりる すに あん,〈与那国と台湾の間にミクラ曽根というたくさん鰹が獲れる漁場がある〉,,,,,,,,,,,,,,,,,,,,
687,2,,すに,,[suni],,(名詞),131,,たんこぶ。,,,(語源)九州方言ソネに対応。,[sone>suni],,,【例】きぬ うやびがら あいつぁい うてぃ、ふーてぃんきぬ  すに ‘くいみぬばん,〈木の上から落ちて、大きなたんこぶが出来てしまった〉,,,,,,,,,,,,,,,,,,,,
688,1,,すば,,[suba],,(名詞),131,,傍。,,,(語源)日本語ソバに対応。 ,,(関連用語)かたすば〈すぐ傍〉,,【例】あぶた すばがら はなにぬん,〈母親(の)傍から離されない〉,んだ すばんき んとぅるたよ,〈君の傍に座ろうね〉,,,,,,,,,,,,,,,,,,
689,1,,〜すや,,[suya],,(助詞),131,,~だなあ。~ことよ。感嘆の意を表す。「~すや」〈のは〉が終助詞化したもの。,,,,,,,【例】だーさんすや,〈お腹の空いたことよ〉,すーする にぬぶい きるんすや,〈とても眠気のすることよ〉,くぬ あがみてぃ んだらんすや,〈この赤 ちゃんかわいいね〉,むむ だーむんすや,〈腿が痛いんだよ〉,んだ すー ぬ すがいぬ あびゃんすや,〈あなたの今日の装いはきれいだね〉,,,,,,,,,,,,
690,1,,すやてぃ,,[suyaTi],,(名詞),132,,炊事場の水回り。,,,,,,,【例】 ち む ぬ だ ぬ   に ち に   み ん-か み   う と ぅ て ぃ て ぃ   ふりし しみんたし かでぃらきてぃ みん ‘くー どぅぐるんか゚ あた ん。 うんきや すやてぃんでぃ んでぃ=ぶたる,〈炊事場の北側に水甕を置いて、砂岩やセメントなどで囲い、水を使う場所があった。そこを「すやてぃ」と言っていた〉,,,,,,,,,,,,,,,,,,,,
691,1,,すら,,[sura],C,(名詞),132,,梢(こずえ)。木やサトウキビの先端。,,,,,,,【例】んだや すら され。 あぬや  にー とぅんがら,〈君は梢を切りなさい。私は根を倒すから。(サトウキビの収穫作業の時の役割分担)〉,,,,,,,,,,,,,,,,,,,,
692,1,例文なし,すらさん,,[surasaN],,(形容詞),132,,綺麗だ。,,,(語源)日本語キヨイに対応。,[kiyorasaN>cyoorasaN>syoorasaN>sura saN],,,,,,,,,,,,,,,,,,,,,,,,
693,1,,すり,,[suri],,(名詞),132,,皿。皿は大きく「うぶすり(」大皿)、「すだら・ながだら」(中皿)、「くだら(」小皿)の三つに分けられ、大皿にはちんむり、中皿にはますうさい、たてうさいが盛られ、小皿は刺身やいりてぃ用に使う。,,,(語源)ソロエに対応。,,,,【例】うぶすりんき むぁーる  うさいんき 「うぶすりうさい」んでぃ かぐびちに んどぅん,〈大皿に盛ったごちそうに「、うぶすりうさい」と格別に呼ぶ〉,,,,,,,,,,,,,,,,,,,,
694,1,,すりーすり,,[surisuri],,(副詞),132,,すがすがしい。気持ちがいい。,,,,,,,【例】どぅふる はったば すりーすり あや ひんでぃどぅ うまりる,〈ひと風呂浴びてすがすがしいいい気持ちだ〉,,,,,,,,,,,,,,,,,,,,
695,1,,すりるん,,[surir-],,(動詞),132,,集まる。,,,,,,,【例】‘とぅんか゚ ましく すりるんど,〈人がたくさん集まるよ〉,,,,,,,,,,,,,,,,,,,,
696,1,,するん,,[sur-],A,(動詞),132,,(1)連れる。連れ立つ。,,,,,,,【例】だんき はいんく゚りさ きー=ぶんそ。 あだんてぃてぃ すい=くば,〈家に入りかねているよ。なだめて連れて来なさい〉,,,,,,,,,,,,,,,,,,,,
696,2,,するん,,[sur-],A,(動詞),132,,抱く。,,,(語源)沖縄方言ソー ユン /(1)so oyuN/ に対応。,[saur-(?)>soor->sur-],(関連用語)すい=ひるん〈連れていく〉 /すい=くん〈連れて来る〉/すいんでぃひるん〈迎えに行く〉,,【例】あがみ するん,〈子供を抱く〉,,,,,,,,,,,,,,,,,,,,
697,1,,すゎーん,,[swaN],,(形容詞),133,,苦い。ゴーヤやニガナなどを食べたときの感覚。,,,,,,,【例】すーぬ ぐやぬ あ でぃや あらーぐ すゎーどぅ あんすや,〈今日のニガウリの味はとても苦いな〉,,,,,,,,,,,,,,,,,,,,
698,1,,すんかに,,[suNKani],,(名詞),133,,スンカニ。ションカネー。与那国を代表する歌謡の一つ。「まかない」制度を背景に男女間の情愛を切々と唄う。(文化的・民俗学的背景)「とぅばらーま」と並んで八重山の二大情歌といわれる。,,,,,,,【例】まちだぎゃぬ ウナリあぶ すんか にや あらーぐ あでぃ あたん,〈松竹家のヲナリばあさんのションカネーはとても味があった〉,,,,,,,,,,,,,,,,,,,,
699,1,,すんくん,,[suNK-],,(動詞),133,,引っ張る。,,,(語源)日本語ソビク〈誘く〉に対応。,[sobik->soNK-],,,【例】かみ ある あまだ すんてぃ くー,〈あそこにあるサトウキビを引っ張って来い〉,,,,,,,,,,,,,,,,,,,,
700,1,,すんつぁい,,[suNCai],,(名詞),133,,慌て者。,,,,,,,【例】かぬとぅや すんつぁいどぅ あんがら ‘とぅぬ はなし  ‘かぬん,〈彼は慌て者であるから人の話を聞かない〉,,,,,,,,,,,,,,,,,,,,
701,1,,〜た,,[Ta],,(助詞),133,,~まで。,,,,,,,【例】かりんか゚ くた まてぃ=ぶる,〈彼が来るまで待っている〉, みながぬ んにん=きーに んにん まーしく ない=ぶんすー。 ばた  んくた むい はい,〈庭のミカンの木にミカンが沢山なっているよ。お腹 いっぱいなるまで摘んで食べなさい〉,,,,,,,,,,,,,,,,,,
702,1,,たー,1,[ta],B,(名詞),133,,田。,,,(語源)日本語タ〈田〉に対応。,,,,【例】あみ ふゎんす たー んみんだんぎ でぃ,〈雨が降ったので田を耕しに行こう〉,,,,,,,,,,,,,,,,,,,,
703,1,,たー,2,[ta],A,(疑問詞),133,,誰(だれ)。,,,(語源)古語タ〈誰〉 に対応。,,,,【例】あたや たか゚ どぅ わるんか゚,〈明日は誰がいらっしゃるのですか〉,かまがら あいぐ ' とぅや たや?,〈あちらから歩いてくる人 は誰?〉,うんに ‘くい=ぶたる かつぶし たーん ‘くらぬんき なん か゚えー,〈あれだけ作っていた鰹節を誰も作らなくなったね〉,,,,,,,,,,,,,,,,
704,1,,だー,,[da],B,(名詞),134,,家。,,,(語源)古語ヤ〈家〉に対応。,[ya>da],,,【例】ばやや からだ=だーどぅ あったる,〈わが家は瓦葺きの家だったよ〉,,,,,,,,,,,,,,,,,,,,
705,1,,‘たー,1,[Ta],B,(名詞),134,,舌。,,,(語源)日本語シタ〈舌〉に対応。 ,[sita>Ta],,,【例】‘たー ぷい=ちゃん,〈舌をかんだ〉,,,,,,,,,,,,,,,,,,,,
706,1,,‘たー,2,[Ta],C,(副詞),134,,(1)ずっと。,,,,,,,【例】‘たー はい=ぶたんでぃ,〈ずっと食べていたって〉,,,,,,,,,,,,,,,,,,,,
706,2,,‘たー,2,[Ta],C,(副詞),134,,どんどん。,,,,,,,【例】‘たー ひんでぃ=ぶんすや,〈どんどん減っているね〉,,,,,,,,,,,,,,,,,,,,
706,3,,‘たー,2,[Ta],C,(副詞),134,,何度も。,,,(語源)日本語ヒタ〈常〉に対 応。,[pita>hita>s(i)Ta>Ta],,,【例】‘とぅー いすがさどぅ あんでぃや ‘たー ‘とぅにゃんき くん すや,〈人が忙しいのに何度も人の家に来るとは〉,,,,,,,,,,,,,,,,,,,,
707,1,例文なし,だーさん,,[dasaN],,(形容詞),134,,空腹だ。ひもじい。,,,,,,,,,,,,,,,,,,,,,,,,,,,,
708,1,例文なし,だーたいんとぅ,,[daTaiNTu],,(数詞),134,,八人。,,,,,,,,,,,,,,,,,,,,,,,,,,,,
709,1,,だーち,,[daCi],A,(数詞),134,,(1)八つ。,,,,,,,【例】 だ ー ち   ぬ ぐ い=ぶ る=は で ぃ ,〈八つは残っているだろう〉,,,,,,,,,,,,,,,,,,,,
709,2,,だーち,,[daCi],A,(数詞),134,,八歳。,,,,,,,【例】んだや あぬか だーち ばがんすや,〈君は私より八つ若いねえ〉,かりんか゚ だーちぬ ばす あがみ むらり きたる,〈彼が八歳の時、 子守をしたね〉,,,,,,,,,,,,,,,,,,
710,1,,‘たーち,,[TaCi],A,(数詞),134,,「‘たち」とも。(1)二つ。,,,,,,,【例】‘たーち あるばん みーち あるばん んだんか゚んさるに むてぃ ひり,〈二つでも三つでも君のいいように持って行きなさい〉,,,,,,,,,,,,,,,,,,,,
710,2,,‘たーち,,[TaCi],A,(数詞),134,,二歳。,,,(語源)日本語フタツ〈二つ〉に対応。,[putatu>putaci>huTaCi>TaCi],,,【例】うぬ あがみてぃや ‘たちんき なん,〈この子供は二歳になった〉,,,,,,,,,,,,,,,,,,,,
711,1,例文なし,だーはん,,[dahaN],,(名詞),135,,家判。,,,,,,,,,,,,,,,,,,,,,,,,,,,,
712,1,,たーび,,[tabi],C,(名詞),135,,田植え。,〔同〕まいび,,(語源)日本語タウエ〈田植え〉に対応。,[ta'uwe>tawe>tabe>tabi],,,【例】 た ー び   い す が さ る ゆ ん が ら   あ っ た=‘ と ぅ む てぃや はやぐ うぎりよ,〈田植えが忙しいんだから、明日の朝は早く起きなさいよ〉,,,,,,,,,,,,,,,,,,,,
713,1,,たーらん,,[taraN],,(副詞),135,,どろんどろん。,,,,,,,【例】はいんき とぅんかりゃ はいぬ きち たーらん  たーらんし にちんき とぅんかりゃ うら むてぃ ふぎるんにし,〈南に向けば、南の崖がどろんどろんと鳴動もしている。北に向いても怒濤逆巻き裏表をほがすようだ。「とばるま節」より〉,,,,,,,,,,,,,,,,,,,,
714,1,,‘たーん,,[TaN],C,(形容詞),135,,「‘たん」とも。近い。時間的にあるいは空間的に二つの物事が離れていないこと。,,,(語源)日本語チカイ〈近 い〉に対応。,[tikasaN>cicyasaN>TahaN>TaN],,,【例】まゆんか゚ うむてぃ なでぃんか゚しや あみ ‘たーん,〈猫が顔をなでたら雨が近い〉,またらんか゚ でぃー ‘たーぐ とぅびんか゚しや あみ  ‘たーん,〈ツバメが地面近くを飛びかったら雨が近い〉,,,,,,,,,,,,,,,,,,
715,1,,たい,,[tai],B,(名詞),135,,松明。漁りに使用する。,,,(語源)沖縄方言テー /(0)tee/ に対応〈手火〉の意か ,[ta pi(?)>tawi>ta'i>tai],,,【例】たいや、つぁだぎ、だいみょうだぎ るくさぐ =ばがいぬ むぬ たばい どぅい ちー きー=ぶたる,〈松明はリュウキュウチク、カンザンチクの六尺ほどの長さのものをしっかり束ねて火をつけていた〉,たい ‘きてぃどぅ どぅるや いす きらりる,〈松明をつけな いと夜は漁ができない〉,,,,,,,,,,,,,,,,,,
716,1,,だい,,[dai],B,(名詞),135,,お祝い。「どゎい」とも。,,,(語源)方言ユワイ〈祝い〉に対応。,[*yuwai>du'ai>dwai>dai],,,【例】 か ぬ   だ や   ま り-と ぅ ち ぬ   だ い ん で ぃ ど ぅ   んどぅんさい,〈あの家は生年祝いらしいよ〉,むーるし あさ だい きー= とぅらしんだぎ,〈みんなでおじいさんのお祝いをしてあげようね〉,,,,,,,,,,,,,,,,,,
717,1,,‘たい,,[Tai],A,(名詞),136,,額(ひたい)。,,,(語源)日本語ヒタイ〈額〉に対応。,[*putae>huTae>Tai],,,【例】‘たいんか゚ ‘たー はんき゚=ひるんでぃや,〈額がどんどん禿げていくんだよ〉, ‘たいんか゚ まいさる ‘とぅや ふーんか゚ すさんでぃどぅ  んだり=ぶる,〈額の広い人は運が強いといわれている〉,,,,,,,,,,,,,,,,,,
718,1,,たいぐ,,[taigu],,(副詞),136,,早く。,,,,,,,【例】たいぐ はい=とぅらし=わりよ,〈早く食べてくださいよ〉,たいぐ いらるな,〈早くやらないか〉,,,,,,,,,,,,,,,,,,
719,1,例文なし,だいｎく゚,,[daiŋu],,(名詞),136,,舟の櫂(かい)。,,,(語源)沖縄方言エー ク /(0)'eeku/ に対応。,[yako>dago>daŋo>daiŋu],,,,,,,,,,,,,,,,,,,,,,,,
720,1,,だいば,,[daiba],,(名詞),136,,すり鉢。,,,,,,,【例】だいばし んす ちー,〈すり鉢で味噌をすりなさい〉,,,,,,,,,,,,,,,,,,,,
721,1,,だいばん,,[daibaN],,(名詞),136,,(1)大きいもの。大型。〈大判〉の意。,,,,,,,【例】すー ぱっしゃる あてぃぬいゆや だいばんどぅ あたる,〈今日釣ったカジキは大きかった〉,,,,,,,,,,,,,,,,,,,,
721,2,例文なし,だいばん,,[daibaN],,(名詞),136,,体格が大きい人。,,,,,,,,,,,,,,,,,,,,,,,,,,,,
722,1,,だいみょーだぎ,,[daimyodagi],,(名詞),136,〔植物〕,カンザンチク。竹の一種。海岸近くの林や山地に多く見られる。幹は強くて堅く、建築用材として使われる。,,,,,,,【例】だいみょーだぎ いてぃばん  うぶさぐや から=だ ぬ どぅいち、どぅがんき ‘かい=ぶたん。 うん がら たぎ んだい んみてぃ かやだ ぬ ちんぷる うすし=ぶたる,〈カンザンチクは一番多くは瓦屋根の瓦の下地や、床に使っていた。それから竹を簾に編んで茅葺きの家の屋根を(飛ばされるのを防ぐためにかぶせて)押さえていた〉,なんだぐち、たぎんま、はち、たくぬ ふにぬ ふが、た ぎぬんぱ ちでぃりゃる ちるや つーりんでぃ、だいみょーだぎや ‘か いでぃんか゚ あたん,〈カンザンチクは物干し竿、竹馬、箸、凧の骨以外に、タ ケノコ(筍)を煎じた汁は薬用になる、と用途が広かった〉,,,,,,,,,,,,,,,,,,
723,1,,たいわんだぎ,,[taiwaNdagi],,(名詞),137,〔植物〕,リョクチク。竹の一種。中国南部原産。タケノコ用として台湾で多く栽培されている。,,,,,,,【例】たいわんだぎ たぎぬんぱ ふんでぃどぅ たいわ んがら いりてぃ びいたんか゚ たいわんか どぅなんぬむぬんか゚どぅ ま いさぐ ふどぅたる,〈リョクチクはタケノコを食用にしようと、台湾から導入、栽培したのだが、台湾産より与那国で植えたもののほうが出来がよかったよ〉,,,,,,,,,,,,,,,,,,,,
724,1,,‘たいんとぅ,,[TaiNTu],A,(数詞),137,,二人。,,,(語源)フタリビトに対応。,[putaribito>hutaribito>h(u) TaiNTo>TaiNTu],,,【例】ばんた ‘たいんとぅや いちばぎん まどぅんど,〈私たち二人はいつまでも一緒だよ〉,,,,,,,,,,,,,,,,,,,,
725,1,,たが,,[taga],,(名詞),137,〔鳥〕,鷹(タカ)。,,,(語源)日本語タカ 〈鷹〉に対応。,[taka>taga],,,【例】どぅる たが とぅび=ひるんす。ひでぃし あいでぃ きり,〈夜鷹が飛んでいくよ。薪の燃えさしで合図しなさい〉,,,,,,,,,,,,,,,,,,,,
726,1,例文なし,だが,,[daga],,(名詞),137,〔動物〕,ジャコウネズミ。土竜(モグラ)の仲間である。,,,(語源)日本語ジャ コウ 〈麝香〉に対応。,[zyakau>daga],,,,,,,,,,,,,,,,,,,,,,,,
727,1,,‘たｎか゚,,[Taŋa],,(名詞),137,,双子。,,,(語源)日本語フタゴ〈双子〉に対応。 ,[*putaga>huTaŋa>Taŋa],,,【例】ついまいどぅ あるうんがら ‘たんか゚んきどぅ んなりる,〈一つ違いの子だから双子のようにみられる〉,,,,,,,,,,,,,,,,,,,,
728,1,,だがたぶに,,[dagaTabuni],B,(名詞),137,,肋骨。,,,(語源)宮古方言ヤカタブニ〈肋骨〉に対応。,[yakatabone>dagatabone>dagaTabuni],,,【例】うんに くるびてぃん だがたぶに ぬーん きらぬたな?,〈そんなに転んでも肋骨どうもしなかったか?〉,,,,,,,,,,,,,,,,,,,,
729,1,,たがちん,,[tagaCiN],,(名詞),137,,トウモロコシ。,,,(語源)日本語タカキビ〈高黍〉に対応。,[takakimi>tagacimi>tagaCiN],,,【例】たがちん ぶち たがくがら ちるん んでぃがしや、 うぶかでぃぬまい,〈高黍の茎高くから若根を出せば、大風の前兆。「与那国のことわざ」より〉,,,,,,,,,,,,,,,,,,,,
730,1,,だがてぃ,,[dagaTi],,(副詞),138,,やがて。,,,,,,,【例】まー だがてぃ あみ ふるんど。 たいぐ ふしゃるむぬ  いりり。 んがるんどー,〈もうやがて雨が降るよ。急いで干してあるものを入れろ。濡れるよ〉,,,,,,,,,,,,,,,,,,,,
731,1,,たがら,,[tagara],B,(名詞),138,,宝。,,,(語源)日 本語タカラ〈宝〉に対応。,[takara>tagara],,,【例】とぅちどぅ たがら,〈歳こそ宝。『与那国のことわざ』より〉,,,,,,,,,,,,,,,,,,,,
732,1,,たがらどぅｎく゚,,[tagaraduŋu],B,(名詞),138,,龕(がん)。棺。死んだ人を運ぶ入れ物〈宝道具〉の意。,,,,,,,【例】あさ まいたる=ばす たがらどぅんく゚ かたみ うやし,〈おじいさんが亡くなったとき(野辺送りの)龕を担いでさし上げた〉,,,,,,,,,,,,,,,,,,,,
733,1,,たがん,,[tagaN],C,(形容詞),138,,高い。,,,(語源)日 本語タカイに対応。,[takasaN>tagahaN>tagaN],,,【例】かぬ ‘とぅや たきんか゚ たがん,〈あの人は背が高い〉,,,,,,,,,,,,,,,,,,,,
734,1,,たｎか゚ん,,[taŋas-],,(動詞),138,,捻挫する。,,,,,,,【例】はん たんか゚ん。 しんりょーじょんき すい=ひー=とぅ らし=んに,〈足を捻挫してしまった。診療所へ連れて行ってくれ〉,,,,,,,,,,,,,,,,,,,,
735,1,,たぎ,1,[tagi],A,(名詞),138,,竹。/,,,(語源)日本語タケ〈竹〉に対応。,[take>tage>tagi],,,【例】どぅなんや たぎ でぃぎる どぅぐる あいてぃ いるんな た ぎんか゚ だーんきん はいむぬんきん んぶぐんきん ‘かい=ぶたん,〈与那国は竹の出来のよいところで、いろんな竹が家や食用や釣り竿などに使用されていた〉,,,,,,,,,,,,,,,,,,,,
736,1,,たぎ,2,[tagi],B,(名詞),138,,(1)身長、背丈。,,,,,,,【例】うぬ あがみてぃや あまーてぃし たぎ たがぐ な い=ぶんすや,〈この子はちょっとの間に身長が伸びていること〉,,,,,,,,,,,,,,,,,,,,
736,2,,たぎ,2,[tagi],B,(名詞),138,,丈。,,,(語源)日本語タケ〈丈〉に対応。 ,[take>tage>tagi],,,【例】 んなにぬ たぎ はがい,〈着物の丈を測る〉,,,,,,,,,,,,,,,,,,,,
737,1,,だぎ,,[dagi],,(名詞),139,,(1)発熱。,,,,,,,【例】あがみんか゚ だぎ,〈子供が発熱している〉,,,,,,,,,,,,,,,,,,,,
737,2,,だぎ,,[dagi],,(名詞),139,,マラリア,,,(語源)日本語ヤケ〈焼け〉に対応。,,,,【例】い くつぁぬ=ばす はるやんき ひなん きてぃ だぎ かがい でゃーでぃ どぅ あたる,〈戦争の時、畑小屋に避難してマラリアにかかり大変だったよ〉,,,,,,,,,,,,,,,,,,,,
738,1,,たぎぬんぱ,,[taginuNPa],,(名詞),139,,タケノコ(筍)。,,,(語源)タケノコ〈筍〉に対応するか。,[*takeno-kuwa>tageno-h(u)pa >tagenoPa>taginuNPa],,,【例】たぎぬんぱんでぃ んでぃんか゚しや くさんだぎか゚  まーたるうんがら うー=ばがい いらび、ちるんき いりんたり、またん  ちゃんぷるんきてぃ はい=ぶたる,〈タケノコといえば、ホテイチクが風味が格別でそれだけ選んで採り、お汁の具にしたり、炒めたりしておいしく食べていた〉,,,,,,,,,,,,,,,,,,,,
739,1,,たぎはい,,[tagihai],C,(名詞),139,,竹針。屋根を葺くのに使う竹製の針。,,,,,,,【例】 だ ー ぬ   ち ん ぷ る   ‘ く る=ば す や だいみょーだぎし ‘くゎる たぎはいし ‘たらがら ひってぃてぃ  んな とぅし うやびに ‘とぅー ぶいてぃ とぅみ=ぶたる,〈家の天辺(=屋根)を造る(=葺く)時は、カンザンチクで作った竹針で下から突き刺して縄を通し、上に人がいて止めていた〉,,,,,,,,,,,,,,,,,,,,
740,1,,たぎふてぃ,,[tagihuTi],C,(名詞),139,,竹箒。竹で作った箒(ほうき)。,,,,,,,【例】たぎふてぃや つぁーだぎ くさんだぎ、 うんなるんた んまなが まいだぎがら とぅい=してぃ どぅぬどぅし  ‘くい=ぶたる,〈竹箒はリュウキュウチク、ホテイチク、タイミンチクなどを嶋仲、前岳から採ってきて作っていた〉,,,,,,,,,,,,,,,,,,,,
741,1,,たぐ,,[tagu],B,(名詞),139,〔動物〕,タコ。,,,(語源)日本語タコ〈蛸〉に対応。,[tako>tago>tagu],,,【例】たぐ ないどぅ=ぶる,〈タコになっている(病気などで弱って、タコのようにぐにゃぐにゃしている様子)〉,,,,,,,,,,,,,,,,,,,,
742,1,例文なし,だぐ,,[dagu],,(名詞),139,,虫。這(は)う虫を指す。(関連用語)だぐんにぬむぬ〈ねちねちして意地悪な人〉,,,,,,,,,,,,,,,,,,,,,,,,,,,,
743,1,,たｎく゚,,[taŋu],C,(名詞),140,,水桶。,,,(語源)タゴ・タンゴ〈桶〉に対応。,,,,【例】んかちやたぶるんたかーんたがらみんんみたんく゚んきいりてぃかたみくやし=ぶたる〈昔は田原川や井戸から水を汲み、水桶に入れてかついで運んでいた(文化的・民俗学的背景)タニシやイワニナを採取するには、アダンやクバの芯の縄を腰に巻き、専用の篭を下げていいという出で立ちだった。,,,,,,,,,,,,,,,,,,,,,
744,1,,だｎく゚,,[daŋu],,(名詞),140,,舟の櫂(かい)。「だいんく゚」とも。,,,(語源)沖縄方言ッ エー ク /'eeku/ に対応。,[yako>yago>daŋo>daŋu],,,【例】 ん だ や   だ ん く゚ し   ん に   く で ぃ=つな,〈君は櫂で舟を漕げるか〉,,,,,,,,,,,,,,,,,,,,
745,1,例文なし,だぐさみ,,[dagusami],,(名詞),140,,寡(やもめ)。,,,(語源)沖縄方言ヤグサミ /(1)yagusami/ に対応。,[yagusame>dagusami],,,,,,,,,,,,,,,,,,,,,,,,
746,1,,だぐん,,[dag-],A,(動詞),140,,焼く。,,,(語源)日本語ヤク〈焼く〉に対応。,[yak->dag-],,,【例】うんに まんすや たん=し どぅ だてぃびどぅ まーるてぃ ら,〈こんなにおいしいのは木炭で焼いたのでおいしいのだろう〉,かび だ ぎ,〈紙を焼きなさい〉,,,,,,,,,,,,,,,,,,
747,1,例文なし,だしーだし,,[dasidasi],,(副詞),140,,良い感じ。似合う。,,,,,,,,,,,,,,,,,,,,,,,,,,,,
748,1,例文なし,たしかるん,,[tasiKar-],,(動詞),140,,助かる。,,,,,,,,,,,,,,,,,,,,,,,,,,,,
749,1,,〜だたな,,[daTana],,(接辞),140,,~(し)ながら。動詞の連用形に接続して〈同時〉を表す。,,,,,,,【例】べんきょー  きーだたな テレビ んに=ぶる,〈勉強しながらテレビを観る〉,ぬみだた な はなし きるい,〈飲みながら、話しましょう〉,,,,,,,,,,,,,,,,,,
750,1,,だちーだち,,[daCidaCi],,(副詞),140,,簡単に。容易に。,,,(語源)日本語ヤスヤス〈易々〉に対応。,,,,【例】どぅ あぎらぬたや んぐやんたん だまみんたん  だちーだち とぅらりたん,〈夜の明けない間はヤシガニもスッポンも面白いほど簡単に捕れたよ〉,,,,,,,,,,,,,,,,,,,,
751,1,,だちみるん,,[daCimir-],,(動詞),141,,安くする。,,,,,,,【例】だい だちみり,〈値段を安くして〉,,,,,,,,,,,,,,,,,,,,
752,1,,だっつぁん,,[daCaN],,(形容詞),141,,(1)安い。,,,,,,,【例】 い び ぃ た て ぃ   だ っ つ ぁ ぐ   き ー=と ぅ ら い ,〈少し安くしてちょうだい〉,んぬかん いびぃたてぃや だっつぁんすや-,〈昨日より少 しは安いね〉,,,,,,,,,,,,,,,,,,
752,2,,だっつぁん,,[daCaN],,(形容詞),141,,容易だ。,,,(語源)日本語ヤスイに対応。,[yasusaN>daCihaN>daCaN],,,【例】あんか゚ どぅどぅ だっつぁんがら まどぅ ん てぃんか゚ないき とぅらしんに,〈私の用事は簡単だから一緒に手伝いをしてくれ〉,んだとぅや しかま いし=だっつぁん,〈あなたとは仕事がや りやすい〉,,,,,,,,,,,,,,,,,,
753,1,,〜たてぃ,,[TaTi],,(接辞),141,,とても~なこと。動名詞を作る派生接辞。程度を表す形容詞のうち有標な方に付く。,,,,,,,【例】‘かたてぃ,〈とても低いこと〉,ぐまたてぃ,〈とても小さいこと〉 ,ひちたてぃ,〈とても薄いこと〉,まるたてぃ,〈とても短いこと〉,,,,,,,,,,,,,,
754,1,,たてぃがみいち,,[taTigami'iCi],,(名詞),141,,立神岩。,,,,,,,【例】たてぃがみいちや ちまん ‘とぅんたや 「かんぬいてぃ」んでぃどぅ んでぃ=ぶる。 みはりだいがらぬ しがたや かんぬいてぃぬ  なーぬ とぅーり みぐとぅどー,〈立神岩を島の人たちは「神の岩」と呼んでいます。見張り台から見る姿は、神の岩という名前の通り見事です〉,,,,,,,,,,,,,,,,,,,,
755,1,,たてぃｎか゚にん,,[taTiŋaniN],,(名詞),141,,立ち枯れの木。「たてぃんか゚りん」とも。,,,(語源)タチガ レギ〈立ち枯れ木〉に対応。,[tatigaregi>taCiŋarezi>taTiŋareN>taTiŋaniN],,,【例】イランダ インビダギにや ちんき゚=きぬ たてぃんか゚にんか゚ うぶさたん,〈イランダ、インビ岳にはイタジイの立ち枯れしたのが多かった〉,,【例】たてぃんか゚にんにきー=ぶんなよ。 しかま きり,〈立ち枯れの木みたいにいるなよ。仕事しなさい〉,,,,,,,,,,,,,,,,,
756,1,例文なし,たてぃびき,,[taTibiKi],,(名詞),141,,縦引き。,,,,,,,,,,,,,,,,,,,,,,,,,,,,
757,1,,だどぅ,,[dadu],,(名詞),141,,戸。雨戸。,,,(語源)日本語ヤド〈屋戸〉に対応。,[yado>dado>dadu],,,【例】ひさぬ。 だどぅ ふい,〈寒い。戸を閉めなさい〉,,,,,,,,,,,,,,,,,,,,
758,1,,たな,,[tana],,(名詞),142,,棚(たな)。,,,(語源)日本語タナに対応。,,,,【例】かまどぅぬ うやびんき ていむぬ たな かてぃ,〈かまどの上に薪の棚を作る〉,,,,,,,,,,,,,,,,,,,,
759,1,例文なし,だな,,[dana],,(連体詞),142,,悪い。,,,,,,,,,,,,,,,,,,,,,,,,,,,,
760,1,例文なし,たなち,,[tanaCi],,(名詞),142,,単衣。晴れ着。「‘かー〈」司〉が身に着ける服。,,,(語源)九州方言タナシ〈単衣〉に対応。,,,,,,,,,,,,,,,,,,,,,,,,,
761,1,,たに,,[tani],,(名詞),142,,種。,,,(語源) 日本語タネに対応。,,,,【例】くしてぃぬ たに まぐんすや、どぅんぐや くやしてぃ まぐん すどぅ んさる あてぃんがい。 うぬ まんぐる まぎゃどぅ あまだら ぬんき、ぶーる ぱんでぃるでぃ んどぅ。 んかち うやんたぬ はなし ,〈クシティの種は、十五夜(旧暦八月十五日)を過ぎた頃に蒔くといいそうだ。その頃に蒔くと平均に芽が出るという話。昔、親たちが言っていた〉,,,,,,,,,,,,,,,,,,,,
762,1,,だにんどぅ,,[daniNdu],,(名詞),142,,家族〈家人数〉の意。,,,,,,,【例】だにんどぅ うぶさんか゚ むちまっつぁん,〈家族は多いが仲睦まじい〉,,,,,,,,,,,,,,,,,,,,
763,1,,だはらまり,,[daharamari],,(名詞),142,,病弱。,,,,,,,【例】かぬ あがみや だはらまりどぅ あんか゚ どぅんか゚ なるんすんに ぎはり=ぶんど,〈あの子は病弱だが自分でできる限りのことを頑張っているよ〉,,,,,,,,,,,,,,,,,,,,
764,1,,たばるん,,[tabar-],B,(動詞),142,,賜(たまわ)る。,,,,,,,【例】まちゃる さんだいや たばらみ=とぅらし=わり,〈お供えをした料理のお下がりを賜ります〉,,,,,,,,,,,,,,,,,,,,
765,1,例文なし,たび,1,[tabi],A,(名詞),142,,旅。,,,(語源)日本語タビ〈旅〉に対応。,,,,,,,,,,,,,,,,,,,,,,,,,
766,1,,たび,2,[tabi],C,(名詞),142,,足袋。,,,(語源)日本語タビ〈足袋〉に対応。,,,,【例】ひさるうんがら たび はてぃ=わり,〈寒いから足袋をおはきください〉,,,,,,,,,,,,,,,,,,,,
767,1,,たぶぐ,,[tabugu],,(名詞),143,,煙草(たばこ)。,,,,,,,【例】ちんとぅ かたみ たぶぐ ‘くー ‘とぅー わたん,〈火種を手に、煙草を吸う人がいらっしゃった〉,,,,,,,,,,,,,,,,,,,,
768,1,,たぶぐん,,[tabug-],A,(動詞),143,,畳む。,,,(語源)沖縄方 言タクビュ ン /(1)takubyuN/ に対応。,[takub->tagub->tabug-],,,【例】うどぅ たぶぎ,〈布団をたたみなさい〉,ぬでゃる んなに た ぶてぃ ちでぃみり,〈脱いである着物を畳んで片付けなさい〉,,,,,,,,,,,,,,,,,,
769,1,,だぶた,,[dabuTa],,(名詞),143,,「わーぬだぶた」〈豚肉の燻製〉とも。塩漬けをした豚肉をビロウの葉で包み、かまどの上に吊り下げておいて燻製にしたもの。,,,,,,,【例】わーぬ みー ま すし むみてぃ、くばぬ はし ‘くみ、かまどぅてぃぬ うやびに かんだ い きてぃ、だぶた ‘くい、はい=ちんだぎ ちーてぃ ‘くみ=うとぅてぃ=ぶたる,〈豚肉を塩でもみ、クバの葉で包んで、かまどの上に干して燻製を作り、食べられる分を切り取って(残りは)包んでおいていた〉,,,,,,,,,,,,,,,,,,,,
770,1,例文なし,たま,,[tama],,(名詞),143,,ガラス。,,,,,,,,,,,,,,,,,,,,,,,,,,,,
771,1,,だま,1,[dama],A,(名詞),143,,石垣島。,,,,,,,【例】だまんき いてぃてぃ くたえー,〈石垣島へ行ってこようね〉,,,,,,,,,,,,,,,,,,,,
772,1,,だま,2,[dama],B,(名詞),143,,山。,,,(語源)日本語ヤマ〈山〉に対応。,[yama>dama],,,【例】うらぶだまんき てぃむぬ すいんでぃ でぃ,〈宇良部山に薪取りに行こう〉,,,,,,,,,,,,,,,,,,,,
773,1,,だま,3,[dama],B,(名詞),143,,(1)機械。,,,,,,,【例】だまんき あんだ さい。 あんだ さし ‘かぬとぅ さび  ぷるんど,〈機械に油を差しなさい。差して使わないと錆が付くよ〉,,,,,,,,,,,,,,,,,,,,
773,2,,だま,3,[dama],B,(名詞),143,,小鳥やネズミを捕る仕掛け道具。罠。/鋤(すき)。,,,,,,,【例】はたぎかし だまや た  はたぎ あまらんでぃどぅ ‘かい=ぶたる,〈鋤は田や畑を幾度も鍬き返して、良い土づくりをするために使った〉,,,,,,,,,,,,,,,,,,,,
774,1,,だまあみてぃ,,[dama'amiTi],B,(名詞),144,,山道。,,,,,,,【例】うぶ-かでぃし だまあみてぃ だんどぅん,〈台風で山道が崩れた〉,,,,,,,,,,,,,,,,,,,,
775,1,,たまい,,[tamai],,(名詞),144,,まっすぐ。正直。,,,,,,,【例】ちむ たまい ならいよ。 ふり あんび きんなよー,〈心まっすぐ、正直でありなさいよ、悪い遊びをしてはいけませんよ〉,,,,,,,,,,,,,,,,,,,,
776,1,,たまち,1,[tamaCi], ,(名詞),144,,(1)魂。,,,,,,,【例】ほー、たまち てぃんき とぅび=ひゅん,〈ほー、魂が(驚きのあまり)天に飛んでいった〉,,,,,,,,,,,,,,,,,,,,
776,2,,たまち,1,[tamaCi], ,(名詞),144,,思慮分別。,,,,,,,【例】たまち いりならいよ,〈分別のある人間でありなさいよ〉,かりや たまち みぬ むぬどぅ ある,〈彼 は思慮分別のない者だ〉,,,,,,,,,,,,,,,,,,
777,1,例文なし,たまち,2,[tamaCi], ,(名詞),144,,分け前。,,,,,,,,,,,,,,,,,,,,,,,,,,,,
778,1,,だまみ,,[damami],C,(名詞),144,,ヤエヤマイシガメ。喘息の薬として食された。,,,(語源)日本語ヤマ ガメ〈山亀〉に対応。,[yamagame>dama'ame>damami],,,【例】だまみや くらりる ま いに ふた んにてぃ ぬだ うとぅしどぅ きるんでぃよ、ちむりさぬ,〈山亀は殺される前に包丁を見ると、涙を流すのよ、かわいそうでね〉,ぬや  うや。 だまみ からまぐに すーする からまてぃ あんすや,〈なんだこれ は。山亀を捕らえるときのように、あきれるほど巻いてあるな。(あまり丁寧 に梱包されていて解くのに手間取って苛立つときなど)〉,,,,,,,,,,,,,,,,,,
779,1,,だまん,,[damas-],B,(動詞),144,,(~を)痛める。,,,(語源)ヤム〈病む〉の使役形ヤマスに対応。,[yamas->damas-],,,【例】 あ が み ぬ=く と ぅ し   み ん ぶ る   だ ま し=ぶ る ,〈子供のことで頭を痛めている〉,,,,,,,,,,,,,,,,,,,,
780,1,,だまんぐ,,[damaNgu],,(名詞),144,,腕白(わんぱく)。,,,,,,,【例】みだてぃ ‘たーち あんすや みんぶる あい ま りる ‘とぅん ぶい、だまんぐ まりるんでぃ んだり=ぶん,〈つむじが二つあるのは、頭脳があって生まれる人もいれば、腕白が生まれると(も)言われている〉,,,,,,,,,,,,,,,,,,,,
781,1,,だみ,,[dami],,(名詞),145,,病気。痛み。,,,,,,,【例】だみどぅ むてぃ=ぶるゆんがらどぅ すてぃ してぃ=ぶる=はでぃ,〈病気を持っているからカラカラ(ゴホゴホ)と咳き込んでいるのだろう〉,,,,,,,,,,,,,,,,,,,,
782,1,,‘たみるん,,[Tamir-],A,(動詞),145,,知らせる。伝える。教える。/,,,(語源)日本語キカシメル〈聞かしめる〉に対応。「‘くん」〈聞く〉の使役形。 ,[kikasime(r)->cicyasime(r)->siTaNmer->Tamir-],,,【例】どぅなん-くとぅば まーしく ‘た み とぅらし=わり,〈与那国言葉をたくさん教えてください〉,がっくぬ  しんしや むぬ ‘たみる ‘とぅ,〈学校の先生はものを教えになる人であ る〉,,,,,,,,,,,,,,,,,,
783,1,,だむん,,[dam-],,(動詞),145,,痛む。,,,(語源)日本語ヤム〈病む〉に対応。,,,,【例】ばた だみどぅ=きりゃ、いさぬやんき いてぃてぃ=くたよ,〈お腹が痛いので、病院へ行ってくるね〉,,,,,,,,,,,,,,,,,,,,
784,1,,たや,,[taya],,(名詞),145,,体力。力。,,,(語源)沖縄方言テー /(0)tee/ に対応。,[taya>taya],,,【例】たや ぬんき゚,〈力が抜けた〉,たや みぬ むぬ,〈体力がな いもの〉,まー、ういとぅ ないんでぃ たや みぬんき ない んぶち  だーみ ならぬんでぃや,〈もう年老いて力も衰え膝も痛くてならないよ〉,,,,,,,,,,,,,,,,
785,1,,だや,,[daya],A,(名詞),145,,洞窟(どうくつ)。,,,,,,,【例】んでぃむらんとぅんたんか゚ かぐり=ぶたる ヒャ ン ダグダヤに いくつぁぬ ばすぬ はなし ‘てぃー=ならい,〈比川の人たちが避難していたヒャンダグダヤで戦争のときの話を聞いて学ぶ〉,,,,,,,,,,,,,,,,,,,,
786,1,,‘たや,,[Taya],,(名詞),145,〔虫〕,ヒラタヒゲジムカデのように細長いが光を放つ。沖縄方言アミジ/'amizi/と同じ虫か。,,,(語源)日本 語ヒカリ〈光り〉に対応して〈光るもの〉の意か。,[pikari-a>hicyayaa>s(i)Taya >Taya],,,【例】んでゃや ‘たや てぃらし=ぶんすや,〈あなたの家は、ヒラタヒゲジムカデのように夜中でもまばゆいほどに明るいよ〉,,,,,,,,,,,,,,,,,,,,
787,1,,たら,,[tara],,(名詞),146,,俵(たわら)。「たーら」とも。,,,(語源)日本語タワラ〈俵〉に対応。,[tawara>ta'ara>tara],,,【例】 ま い   い り る   た ー ら   ‘ く る=ば す に や   どぅなんに いてぃばん すーさる あだぬちんなし んな ぬいてぃ ま るんかとぅ たがさ きまい=ぶるゆんがら くばでぃさし んみ=ぶた る,〈お米を入れる俵を作るときには与那国で一番強靱なアダンの気根で縄をない、底面と高さが決まっているから、「くばでぃさ」というモッコや簾を編む器具で編んでいた〉,,,,,,,,,,,,,,,,,,,,
788,1,,〜だら,,[dara],,(名詞),146,,~皿。単独では用いず、「うぶだら〈」大皿〉、「ながだら」〈中皿〉、「くだら」〈小皿〉などという。,,,(語源)日本語~ ザラ〈皿〉に対 応。,[zara>dara],,,【例】うやぎ うぶだら みゅやしょーり,〈富貴なる大皿、お召し上がりください。(与那国の祭りの「うぶだら、ながだら、むぐだら」(比川)「、どぅみだら」(比川)の儀式で歌われる)〉,,,,,,,,,,,,,,,,,,,,
789,1,,‘たら,,[Tara],A,(名詞),146,,下。方向を表す〈下原〉の意〈原〉は〈~の方〉を表す。,,,(語源)沖縄方言シチャーラ /(0)sicaara/ に対応。,[sitaw ara>sita'ara>s(i)Taara>Tara],,,【例】‘たら うすびてぃ  あいてぃんか゚しや ひんすむぬんでぃ んだりるんどー,〈下を向いて歩いたら貧乏人と言われるよ〉,,,,,,,,,,,,,,,,,,,,
790,1,,たらい,,[tarai],C,(名詞),146,,盥(たらい)。,,,,,,,【例】んなにんた あらいむぬ たらいんき いり みんぶるん き かみてぃ たぶるたんき いてぃてぃ あらい わったる,〈着物や洗い物をたらいに入れ、頭にのせて田原川へ行き、洗濯をなさっていた〉(関連用語)きーぬたらい,〈木の盥〉,わーぬ たらい,〈豚に餌をやるための石たら い。少し硬い石が用いられる〉,かん-たらい,〈金属製のたらい〉,,,,,,,,,,,,,,,
791,1,例文なし,だらぶ,,[darabu],A,(名詞),146,,テリハボク。,,,(語源)沖縄方言ヤナブ /(1)yanabu/ に対応。,[yarabu>darabu],,,,,,,,,,,,,,,,,,,,,,,,
792,1,,だらん,,[daras-],A,(動詞),146,,(1)行かせる。遣(つか)わす。,,,(語源)ヤル〈遣る〉の他動詞形。,,,,【例】てゅぬ うまんき だらしんに,〈手斧をここに寄越しなさい〉,あった んでゃんき あがみ だらん,〈明日、あなたの家に子どもを行かせます〉,,,,,,,,,,,,,,,,,,
793,1,,たりるん,,[tarir-],B,(動詞),147,,(酒などを)醸造する。発酵食品をつくる。,,,(語源)沖縄方言タリユン/(0)tariyuN/に対応。[tare(r)->tarir-],,,,【例】‘とぅむてぃ はやぐがら さ ぎ たりんでぃ ひー=ぶたん,〈朝早くから酒を造りに行っていた〉,,,,,,,,,,,,,,,,,,,,
794,1,,,,,,,147,,,,,,,,,,,,,,,,,,,,,,,,,,,,,,
795,1,,たるｎか゚,,[taruŋa],C,(名詞),147,〔動物〕,テナガエビ。,,,(語源)沖縄方 言タナゲー /tanagee/ に対応。,[tanaga>tanaŋa>tanuŋa>taruŋa],(関連用語)た るがぬ んみ〈エビの脚(あし)〉,,【例】むたぶる-かんにや たるんか゚んた なだんた どぅる かんくんた しみどぅ ぶたる,〈桃田原水田の水源には、エビやら、ウナギやら、ハゼやら、ユゴイなどが(たくさん)棲んでいた〉,,,,,,,,,,,,,,,,,,,,
796,1,例文なし,〜たん,,[Tar-],,(接辞),147,,~(し)た。動詞の音便形に接続して過去形を作る接尾辞。,,,(語源)日本語~ タに対応。〔活用〕 ~たん〈~た〉 ~たる〈~た〉(連体)~たや〈~たら〉(条件1)※ 古くは「~たりゃ」?~たば〈~たら〉(条件2)※ 古くは「~たるば」? 【例】んぬや たぎぬんば とぅいんでぃ ひたん〈昨日はタケノコを採りに行った〉,,,,,,,,,,,,,,,,,,,,,,,,,
797,1,,たん,,[taN],,(名詞),147,,木炭。炭。,,,,,,,【例】うんに まんすや たん=しどぅ だてぃびどぅ まるてぃら,〈こんなにおいしいのは木炭で焼いたのでおいしいのだろう〉,,,,,,,,,,,,,,,,,,,,
798,1,例文なし,‘たん,,[TaN],C,(形容詞),147,,「‘たーん」とも。近い。時間的にあるいは空間的に二つの物事が離れていないこと。,,,(語源)日本語チカイ〈近い〉に対応。,[tikasaN>cicyasaN>s(i)TahaN>T aN],,,,,,,,,,,,,,,,,,,,,,,,
799,1,例文なし,たんか,1,[taNKa], ,(名詞),147,,真向かい。正面。,,,,,,,,,,,,,,,,,,,,,,,,,,,,
800,1,例文なし,たんか,2,[taNKa], ,(名詞),148,,満一歳の誕生日。,,,,,,,,,,,,,,,,,,,,,,,,,,,,
801,1,,だんさん,,[daNsaN],,(形容詞),148,,悔しい。悲しい。残念だ。,,,,,,,【例】うやんか゚ はやぐ かん ないてぃ だんさ んどぅ あんすや,〈親が早く亡くなって悔しい〉,,,,,,,,,,,,,,,,,,,,
802,1,,たんでぃ,,[taNdi],,(感動詞),148,,頼みます。お願いします〈願う〉の丁寧語、謙譲語。,,,,,,,【例】たんでぃ、くまんき  わり,〈お願いします。こちらへいらしてください。(どうぞこちらへ)〉,たん でぃ、さてぃない とぅらしわり,〈お願いします。先になってください。(ど うぞお先に)〉,,,,,,,,,,,,,,,,,,
803,1,,〜たんてぃん,,[TaNTiN],,(接辞),148,,~(し)ても。動詞の音便形に接続して〈逆接〉を表す。,,,,,,,【例】すでぃ きたん てぃん あがみてぃんたんか゚ どぅんぐらし ならぬんすや,〈掃除をしても子供たちが汚すのでたまらない〉,,,,,,,,,,,,,,,,,,,,
804,1,,たんな,1,[taNna],B,(名詞),148,〔貝〕,タニシ。田んぼにいて食用になる。,,,(語源) 九州方言タミナ〈田螺〉に対応。,[tamina>taNna],,(文化的・民俗学的背景)「くんきでぃる」=腰のカゴ。今でいうポシェッ トのようなもの。,【例】たんな んびなが とぅいんでぃや、あだぬ くばぬ ちん んな くちんき まてぃ くんきでぃる  さぎてぃどぅ すい=ぶたる,〈タニシやカワニナを採取するには、アダンやクバの芯の縄を腰に巻き、専用の篭を下げてという、出で立ちだった〉,,,,,,,,,,,,,,,,,,,,
805,1,例文なし,たんな,2,[taNna],C,(名詞),148,〔虫〕,ダニ。,,,,,,,,,,,,,,,,,,,,,,,,,,,,
806,1,,だんない,,[daNnai],,(動名詞),148,,暗くなること。,,,,,,,【例】だんないどぅ ぶりゃ だんき ひり,〈暗くなっているので、家へ帰りなさい〉,,,,,,,,,,,,,,,,,,,,
807,1,,だんぬみ,,[daNnumi],,(名詞),148,,暗闇(くらやみ)。「どゎんぬみ」とも。,,,,,,,【例】だんぬみどぅ あんがら だな てぃな あいてぃ=わりよ,〈暗闇なので、ゆっくり歩いていかれてね〉,,,,,,,,,,,,,,,,,,,,
808,1,例文なし,だんまい,,[daNmai],,(名詞),149,,病(やまい)。病気。,,,,,,,,,,,,,,,,,,,,,,,,,,,,
809,1,,ちー,1,[Ci],A,(名詞),149,,血。,,,(語源)日本語チ〈血〉に対応。,[ti>ci>Ci],,,【例】んぶち はんかし ちー どぅるどぅる とぅまらぬん,〈膝をけがして出血が止まらない〉,,,,,,,,,,,,,,,,,,,,
810,1,,ちー,2,[Ci],B,(名詞),149,,火。,,,(語源)日本語ヒ〈火〉に対応。,[pi>hi>si>Ci],,,【例】ちー んたび あんびがらや どぅんばい きるんど,〈火をいたずらして遊べば寝小便するよ〉,,,,,,,,,,,,,,,,,,,,
811,1,,ちー,3,[Ci],B,(名詞),149,,(1)母乳。,,,,,,,【例】あがみんき ちー ぬまみるん,〈子供に乳を飲ませる〉,ん だ ちどぅ ぬまみ=ぶるな?,〈あなたの乳を飲ませているの?〉,,,,,,,,,,,,,,,,,,
811,2,,ちー,3,[Ci],B,(名詞),149,,乳房。,,,,,,,【例】あがみ なてぃ=ぶんがら ちー はみり,〈子供が泣いているから乳を吸わせなさい〉,,,,,,,,,,,,,,,,,,,,
811,3,例文なし,ちー,3,[Ci],B,(名詞),149,,動物の乳。,,,(語源)日本語チ〈乳〉に対応。,,(関連用語)うち ぬちー。 ひびだぬちー〈牛乳。山羊の乳〉/ちってぃ〈おっぱい。幼児語〉,,,,,,,,,,,,,,,,,,,,,,,
812,1,,ちー,4,[Ci],B,(名詞),149,,巣。,,,(語源)日本語ス〈巣〉に対応。,[su>si>Ci],,,【例】はとぅぬ ちー,〈鳥の巣〉,うやんとぅぬ ちー,〈ネズミの巣〉,,,,,,,,,,,,,,,,,,
813,1,例文なし,ちー,5,[Ci],B,(名詞),149,,草鞋(わらじ)。,,,,,,,,,,,,,,,,,,,,,,,,,,,,
814,1,,ちー,6,[Ci],A,(名詞),149,,日。,,,(語源)日本語ヒ〈日〉に対応。,[pi>hi>si>Ci],,,【例】いーち くがにち ちらびてぃどぅ むぬぐとぅや はでぃみ=ひりよ,〈良い日を調べて物事は始めていきなさいよ〉,「すーや ぬーぬ  ちー ない=ぶんか゚?」「びーに」「とぅらに」,〈「今日は何の日か?」「亥の日」「寅の日」〉,,,,,,,,,,,,,,,,,,
815,1,,ちーるん,,[Cir-],B,(動詞),149,,饐(す)える。,,,(語源)日本語スエル〈饐える〉に対応。,[su'e->si'e(r)- >Ciir->Cir-],,,【例】 ち る   ち ー ど ぅ=ぶ る う ん が ら   は に ぬ ん ,〈汁が饐えているから食べられない〉,,,,,,,,,,,,,,,,,,,,
816,1,例文なし,ちｎき゚-きー,,[Ciŋiki], ,(名詞),149,,椎(しい)。椎の木。,,,,,,,,,,,,,,,,,,,,,,,,,,,,
817,1,,〜ちｎき゚るん,,[Ciŋir-],,(接辞),150,,~すぎる。過剰にする。動詞の連用形に接続する。,,,(語源)日本語スギル〈過ぎる〉に対応。,,,,【例】なんく にーちんき゚り,〈カボチャを煮すぎた〉,,,,,,,,,,,,,,,,,,,,
818,1,,ちｎく゚い,,[Ciŋui],,(名詞),150,,冷え込み。体感の寒さ。寒気は「ひるぐ」。,,,,,,,【例】すーや、ちんく゚い あんどー ,〈今日は寒いよ〉,あたや ちんく゚い ひるんすやー,〈明日は寒くなるね〉,,,,,,,,,,,,,,,,,,
819,1,,ちぐまるん,,[Cigumar-],A,(動詞),150,,痺(しび)れる。,,,,,,,【例】んとぅいがーたい ぶいんか゚しゃ はん ちぐまるんど,〈座ってばかりいると足がしびれるよ〉,はん ちぐまい たたにぬん,〈足 がしびれて立てない〉,,,,,,,,,,,,,,,,,,
819,2,,ちぐまるん,,[Cigumar-],A,(動詞),150,,縮こまる。肩身の狭い思いをする。遠慮して小さくなる。,〔同〕‘てぃんてぃるん,,,,,,【例】あみんき んがい かでぃん ひーさび てぃ てぃはん ちぐまい,〈雨に濡れ風も寒くて手足が縮こまった〉,,,,,,,,,,,,,,,,,,,,
820,1,,ちぐむん,,[Cigum-],,(動詞),150,,萎(しぼ)む。,〔同〕ちぐまるん,,,,,,【例】ぶい ちんき゚てぃ どぅゆぬはな ちぐむ んでぃどぅ いし=ぶる,〈時期が過ぎてテッポウユリが萎もうとしている〉,,,,,,,,,,,,,,,,,,,,
821,1,,ちｎく゚ん,,[Ciŋ-],,(動詞),150,,(1)接ぐ。接ぎ足す。,,,,,,,【例】んな ちんき°,〈縄を接ぎなさい〉,,,,,,,,,,,,,,,,,,,,
821,2,,ちｎく゚ん,,[Ciŋ-],,(動詞),150,,注ぐ。,,,,,,,【例】 さ ぎ   ち ん き゚ ,〈お酒を注ぎなさい〉,,,,,,,,,,,,,,,,,,,,
821,3,,ちｎく゚ん,,[Ciŋ-],,(動詞),150,,継ぐ。継承する。,,,(語源)日本語ツグ〈接ぐ〉 に対応。,[tug->ciŋ->Ciŋ-],,,【例】 あ ん か゚   く ぬ   だーぬ あとぅ ちんく゚ん,〈私がこの家の跡を継ぐ〉,,,,,,,,,,,,,,,,,,,,
822,1,,ちす,,[Cisu],,(名詞),150,,師匠(ししょう)。,,,(語源)日本語シショ ウ〈師匠〉に対応。 ,[sisyau>sisyoo>Cisu],,,【例】あんか゚ いやや むらぬ きんぐいぬ ちすどぅ あ たる,〈私の父は村の狂言の師匠だった〉,,,,,,,,,,,,,,,,,,,,
823,1,例文なし,〜ちち,,[CiCi],,(接辞),150,,~である様。動名詞を作る派生接辞。,,,,,,,,,,,,,,,,,,,,,,,,,,,,
824,1,,ちち,1,[CiCi],B,(名詞),150,,肉。特に豚肉のこと。,,,(語源)日本語シシ〈肉〉に対応。,[sisi>CiCi],,,【例】うぬ ちち んだみてぃ ちるんき いりり,〈この豚を切って汁に入れなさい〉,,,,,,,,,,,,,,,,,,,,
825,1,,ちち,2,[CiCi],B,(名詞),151,,煤(すす)。,,,(語源)日本語スス〈煤〉に対応。,[susu>sisi>CiCi],,,【例】ちち かんでぃ,〈煤だらけになってしまったよ〉,,,,,,,,,,,,,,,,,,,,
826,1,,ちっか,,[CiKa],,(名詞),151,,西瓜(スイカ)。「ちっくゎ」とも。,,,(語源)日本語スイ カに対応。,[suikwa>siikwa>CiK(w)a],,,【例】ちっか ばた つぁぬんき はい ば た たんだし,〈スイカを食べ過ぎて下腹が痛かった〉,はたぎがら ちっくゎ  とぅいてぃ はまんき むてぃてぃ ちなんき かんし うとぅてゃん,〈畑 でスイカを取って浜に持っていって砂をかぶせて埋めた〉,,,,,,,,,,,,,,,,,,
827,1,,ちっくん,,[CikKuN],,(名詞),151,,内出血。打撲で紫色になっている様子。〔～きるん〕内出血する。,,,,,,,【例】げん のーし てぃー うってぃ ちっくん きー,〈玄能で手を打って内出血している〉,,,,,,,,,,,,,,,,,,,,
828,1,,ちっつぁ,,[CiCa],,(名詞),151,〔植物〕,ギシギシ。,,,,,,,【例】ちっつぁぬ ない からしてぃ まぐらんき いり ‘かい=ぶたん,〈ギシギシの種を枯らして枕に入れ使っていた〉,,,,,,,,,,,,,,,,,,,,
829,1,,ちってぃ,,[CiTi],B,(名詞),151,,幼児に対して(1)母乳。(2)乳房。3動物の乳。,,,,,,,【例】 あ が み   な て ぃ=ぶ ん が ら  ちってぃ はみり,〈子供が泣いているから乳を飲ませなさい〉,,,,,,,,,,,,,,,,,,,,
830,1,,ちでぃ,,[Cidi],,(名詞),151,,丘(おか)。頂上。,,,,,,,【例】ダティクチディんき はち-てぃだん うんか゚みんでぃ  ひんだんぎ,〈屋手久丘に初日の出を拝みに行こう〉,ちでぃ ぬいてぃがら  どぅぐいんだぎ,〈頂上に登ったら休もう〉,,,,,,,,,,,,,,,,,,
831,1,,ちでぃみるん,,[Cidimir-],,(動詞),151,,片づける。,,,,,,,【例】ぬでゃる んなに たぶてぃ ちでぃみり,〈脱いである着物を畳んで片付けなさい〉,,,,,,,,,,,,,,,,,,,,
832,1,,ちでぃん,,[CidiN],A,(名詞),151,,鼓(つづみ)。両面張りで、中央の部分の胴がふくらんでいる。(文化的・民俗学的背景)男女四人の二組で、鼓と四つ竹を鳴らしながら踊る「ちでぃん口説」がある。島の人情の豊かさをうたい豊年祭などに上演される。,,,,,,,【例】ちでぃん うってぃ ぶでぃ きー だいき ぶんさい,〈鼓を打って踊りお祝いをしているよ〉,,,,,,,,,,,,,,,,,,,,
833,1,,ちでぃんか,,[CidiNKa],,(名詞),152,,肘(ひじ)。腕を折り曲げる関節の部分。主に尖った場所を指す。,,,,,,,【例】いちぶ ぐんき はん きっとぅし でぃどぅりてぃ ちでぃんか はでぃ=ぶん かし,〈石に足を引っかけ、つまづいて肘をはいでしまったよ。(なんてことをしてしまったのか)〉,,,,,,,,,,,,,,,,,,,,
834,1,,ちとぅみるん,,[CiTumir-],,(動詞),152,,務める。勤める。勤務する。精を出して仕事をする。「しとぅみるん」とも。,,,(語源)日本語ツトメル〈務める〉に対応。,[tutome->citome(r)->CiTomer->CiTumir-],,,【例】いやや だぐばに ちとぅみ=ぶる,〈父は役場に勤めている〉,どぅむ てぃどぅ ちとぅみ=ぶる,〈公民館長を務めている〉,,,,,,,,,,,,,,,,,,
835,1,,ちなさん,,[CinasaN],,(形容詞),152,,(1)幼い。,,,,,,,【例】かぬ あがみや までぃ ちなさび、はやぐ にんどぅてぃら ,〈あの子供はまだ幼いので、早く寝るのだろう〉,,,,,,,,,,,,,,,,,,,,
835,2,,ちなさん,,[CinasaN],,(形容詞),152,,か弱い。,,,,,,,【例】あがみんか゚ ちなさるうんがら うがんふとぅてぃぬ ぶどぅい んにんでぃ ひらに ぬん,〈子供がか弱いので豊年祭の踊りも見に行けない〉,,,,,,,,,,,,,,,,,,,,
835,3,,ちなさん,,[CinasaN],,(形容詞),152,,細い。,,,,,,,【例】むぬ  なんどぅ はぬゆんがら あぎだんに ちなさぐ ない=ぶる,〈ものをあんまり食べないのでトンボのように細く痩せている〉,,,,,,,,,,,,,,,,,,,,
836,1,,ちなん,,[CinaN],A,(名詞),152,,砂。,,,(語源)日本語スナ〈砂〉 に対応。,[suna>sina>Cina>CinaN],,,【例】はまぬ ちなんか゚ ちんぎりるとぅん ぬしとぅぬ たにや ちん ぎらぬん,〈浜の砂が尽きるとも、泥棒の根は尽きない〉,,,,,,,,,,,,,,,,,,,,
837,1,,ちに,,[Cini],C,(名詞),152,,脛(すね)。ひざと足首のあいだの前の部分。,,,(語源)日本語スネ〈脛〉に対応。,[sune>sine>Cine>Cini],,,【例】あらーぐ ぎー=きらにぬ=むぬんたや ちに ぶーし あやしどぅ きたる,〈全然言うことを聞かない連中は脛を棒でどやすことがあったよ〉,,,,,,,,,,,,,,,,,,,,
838,1,,ちにくら,,[CiniKura],B,(名詞),153,,ふくらはぎ。,,,(語源)スネフクラ〈脛脹〉の意。,[sunepukura>sinehukura>Cineh (u)Kura>CiniKura],,,【例】ちにくら まいさんすや,〈ふくらはぎが大きいね。(力強い様子をいう)〉,,,,,,,,,,,,,,,,,,,,
839,1,,ちぬ=かーでぃ,,[Cinu+kadi],A+C,(名詞),153,,毎日。日ごとに。,,,,,,,【例】 ち ぬ=か ー で ぃ   ま ー る   す ば   ‘ く い て ぃ   う い=ぶる,〈毎日、おいしいそばを作って売っている『与那国の人とことば』より〉,,,,,,,,,,,,,,,,,,,,
840,1,,ちぶ,,[Cibu],,(名詞),153,,壺(つぼ)。,,,(語源)日本語ツボ〈壺〉に対応。,[tubo>cibo>Cibu],(関連用語)あんだちぶ ますちぶ〈豚の油塩などを保管しておく壺〉,,【例】ちぶにや わーぬ あんだ いりうとぅぐ ちぶ、ます い りうとぅぐ ちぶんた あたん,〈壺には豚の油を保管しておく壺、塩を入れる壺などがあった〉,,,,,,,,,,,,,,,,,,,,
841,1,,ちぶい,,[Cibui],,(名詞),153,,冬瓜(トウガン)。,,,(語源)沖縄方言シブイ /(0)sibui/ に対応。,[sibori>siboi>Ciboi>Cibui],,,【例】 ち ぶ い や   ぬ ん に ぬ   ち る ん き   い り た ん て ぃ ん   まーんど,〈冬瓜はどんな汁に入れてもおいしいよ〉,あぶたや ちぶい、な んくどぅ んだみ=ぶる=はでぃ,〈お母さんは冬瓜、カボチャを切っている だろう〉,,,,,,,,,,,,,,,,,,
842,1,,ちま,1,[Cima], ,(名詞),153,,相撲。,,,(語源)日本語スモウ〈相撲〉に対応。,[sumau>sima>Cima],,,【例】かりにぬ ちま-とぅやや うんに ぶらぬん,〈彼のような相撲上手はそんなにいない〉,,,,,,,,,,,,,,,,,,,,
843,1,,ちま,2,[Cima],B,(名詞),153,,島。,,,(語源)日本語シマ〈島〉に対応。,,,,【例】ちま ばちんがしや うや ばちるん。 どぅぬ ちま ばちんな よ,〈島を忘れたら親を忘れる。自分の島を忘れるなよ〉,だまぬ ちま。 う んなぬ ちま,〈石垣島。沖縄島〉,,,,,,,,,,,,,,,,,,
844,1,,ちま-とぅとぅみ,,[CimatuTumi], ,(副詞),153,,島と共に。島がある限り。,,,,,,,【例】どぅなん ぶや ちま-とぅとぅみ あんどー,〈与那国の棒術は島と共にあるぞ〉,,,,,,,,,,,,,,,,,,,,
845,1,,ちまるん,,[Cimar-],B,(動詞),154,,詰(つ)まる。,,,(語源)日本語 ツマル〈詰まる〉に対応。,[tumar->cimar->Cimar-],,,【例】いてぃ ちまい,〈息が詰まる〉,いすがさぬ てぃー ち まいどぅ=ぶる,〈忙しくて手が詰まって仕事が前に進まない〉,,,,,,,,,,,,,,,,,,
846,1,,ちまん,,[Cimas-],B,(動詞),154,,すませる。終える。片付ける。,,,,,,,【例】あったばぎんし しかま ちまんど,〈明日までに仕事を終わらせるよ〉,,,,,,,,,,,,,,,,,,,,
847,1,,ちまんとぅ,,[CimaNTu],,(名詞),154,,島の人。,,,(語源)シマビト〈島人〉に対応。,,,,【例】かりや ちまんとぅど たびぬとぅ あらぬんどー,〈彼は島の人だ。旅(島外)の人ではないよ〉,,,,,,,,,,,,,,,,,,,,
848,1,,ちみるん,,[Cimir-],B,(動詞),154,,(はさみで)切る。,,,(語源)日本語ツメル〈詰める〉に対応。,[tume->cime(r)->Cimer->Cimir-],,,【例】すんか゚てぃまいにかなんちみるん,〈お正月前に髪を切る〉,,,,,,,,,,,,,,,,,,,,
849,1,,,,,,,154,,,,,,,,,,,,,,,,,,,,,,,,,,,,,,
850,1,,ちむ,,[Cimu],B,(名詞),154,,(1)肝。肝臓。,,,,,,,【例】うちぬ ちむどぅ むてぃ=ぶる,〈牛の肝を持っている(気が大きい)〉,わーぬ ちむや まーん,〈豚の肝臓はおいしい〉,,,,,,,,,,,,,,,,,,
850,2,,ちむ,,[Cimu],B,(名詞),154,,心。精神。気。,,,(語源)日 本語キモ〈肝〉に対応。,[kimo>cimo>Cimu],(関連用語)ちむ ふぎるん〈満足 する。肝にかかるものがなく、すぅっとする〉,,【例】ぬーやい、くぬむぬや。 だな=ちむ むてぃ=ぶんすや,〈どうしたのか、この人は。悪い心を持っているな(性根が曲がっているな)〉,,,,,,,,,,,,,,,,,,,,
851,1,,ちむ　ばるん,,[Cimu+bar-],B+A,(連語),154,,腹を割る。本心を打ち明ける。隠さずに心の中をさらけだす。,,,,,,,【例】どぅぬ  まりでぃまんき かいし=してぃ うやとぅ ちむ ばいてぃ はなし  きらりたんすんか゚どぅ まちゃったるんでぃ うまりる,〈自分の島に帰ってきて、親と腹を割って話をできたのがよかったと思う〉,,,,,,,,,,,,,,,,,,,,
852,1,,ちむ-くってゃん,,[CimukuTyaN], ,(形容詞),154,,(1)胸が苦しい。,,,,,,,【例】 ち む-く っ て ゃ ぬ   い さ ぬ だ ー ん き   い て ぃ て ぃ   く た よ,〈胸が苦しいので医者へ行って来るよ〉,いるでぃな くとぅんか゚ あいてぃ ちむ-くってゃぬ ならぬん,〈いろいろな事が重なって胸が苦しい〉,,,,,,,,,,,,,,,,,,
852,2,,ちむ-くってゃん,,[CimukuTyaN], ,(形容詞),154,,気分が悪い。,,,,,,,【例】 ち む-く っ て ゃ ぬ   な ら ぬ ん   ラ ジ オ   さ ま い ,〈うるさくて気分が悪い。ラジオを消しなさい〉,,,,,,,,,,,,,,,,,,,,
853,1,,ちむｎく゚てぃ,,[CimuŋuTi],,(名詞),155,,胸。胸部。「ちむむてぃ」とも。〈肝口〉の意。,,,(語源)沖縄方言チムグチ / (0)cimuguci「/胸元、鳩尾」に対応。,[kimoguti>cimoŋuci>CimoŋuTi>CimuŋuTi],,,【例】ちむんく゚てぃ たたてぃ,〈胸をたたく〉,ちむむてぃ まいさ,〈胸囲が大きい〉,,,,,,,,,,,,,,,,,,
854,1,例文なし,ちむｎく゚りさん,,[CimuŋurisaN],,(形容詞),155,,かわいそう。,,,,,,,,,,,,,,,,,,,,,,,,,,,,
855,1,,ちむぬや,,[Cimunuya],A,(名詞),155,,台所。,,,,,,,【例】かぬ さぎや ちむにやにどぅ ある,〈あの酒は台所にある〉,ちむぬやや だーとぅ びっきてぃ ‘くい=ぶたる。びっきるんすや たー ちぬ ちんぷるがら うってぃる あまだい とぅい ばたしてぃ うぎ  てんすい たみるんでぃ,〈台所は母屋とくっつけて造った。母屋と台所双方 の屋根から落ちる雨だれを樋に受けて天水をためるため〉,,,,,,,,,,,,,,,,,,
856,1,,ちむむいつぁりるん,,[CimumuiCarir-],,(動詞),155,,胸騒ぎがする。,,,,,,,【例】ちむむいつぁり ならぬんすや ぬーんがら あいどぅ  きるかや,〈胸騒ぎがするけど何かあるのかね〉,,,,,,,,,,,,,,,,,,,,
857,1,例文なし,ちむん,1,[Cim-],A,(動詞),155,,摘(つ)む。,,,,,,,,,,,,,,,,,,,,,,,,,,,,
858,1,,ちむん,2,[Cim-],A,(動詞),155,,積(つ)む。,,,,,,,【例】ぐしく ちみ,〈石垣を積む(=石垣を造る)〉,,,,,,,,,,,,,,,,,,,,
859,1,,ちむん,3,[Cim-],B,(動詞),155,,潜(もぐ)る。,,,,,,,【例】うんながぬ すぐ=くた ちみ=つん,〈海の底まで潜れる〉,,,,,,,,,,,,,,,,,,,,
860,1,,ちゃーん,,[CyaN],,(形容詞),155,,酸っぱい。,,,,,,,【例】うぬ かちだいや ちゃーどぅ ある,〈この酒粕は酸っぱい〉,,,,,,,,,,,,,,,,,,,,
861,1,例文なし,ちゆ,,[Ciyu],,(名詞),155,,露(つゆ)。,,,(語源)日本語ツユ〈露〉に対応。,,,,,,,,,,,,,,,,,,,,,,,,,
862,1,,ちら,,[Cira],B,(名詞),155,,顔。面(つら)。,〔同〕うむてぃ,,(語源)日本語ツラ〈面〉に対応。,[tura>cira>Cira],,,【例】ちら あらいてぃ くー,〈顔を洗ってきなさい〉, ‘とぅはんか=きー ちら あがみ=ぶたん,〈恥ずかしがって、 顔が赤くなっていた〉,ちら あらい=わたんでぃさ,〈顔をお洗いになった んですね〉,,,,,,,,,,,,,,,,
863,1,例文なし,ちらだてぃ,,[CiradaTi],,(名詞),156,,顔を立てること。(~きるん)なだめる。「あだんてぃるん」の敬語。〈顔立てする〉の意。,,,,,,,,,,,,,,,,,,,,,,,,,,,,
864,1,例文なし,ちり,1,[Ciri], ,(名詞),156,,霧(きり)。,,,(語源)日本語キリ〈霧〉に対応。,[kiri>ciri>Ciri],,,,,,,,,,,,,,,,,,,,,,,,
865,1,例文なし,ちり,2,[Ciri], ,(名詞),156,,釣瓶(つるべ)。井戸の水をくみ上げる桶(おけ)。,,,(語源)日本語ツルベに対応。 ,[*turupe>cirue>Cirui>Ciri],,,,,,,,,,,,,,,,,,,,,,,,
866,1,,ちり,3,[Ciri],C,(名詞),156,,煙管(きせる)。煙管の吸い口。,,,(語源)日本語キセル〈煙管〉に対応。,[*kiseri>Ceri>C iri],,,【例】ちりぬ つーや ばらんぷぬ でぃゆ  ぬぐい とぅしどぅ すでぃ きー=ぶたる,〈煙管の脂は藁の芯を煙管の竿に入れ通して掃除した〉,,,,,,,,,,,,,,,,,,,,
867,1,,ちる,,[Ciru],,(名詞),156,,汁。,,,,,,,【例】みたぬちる あちらしてぃ はいんだぎ,〈鶏の汁を温めて食べよう〉(関連用語)んすでぃる,〈味噌汁〉,ちるまがい,〈汁茶碗〉,ますちる,〈塩汁〉,,,,,,,,,,,,,,,
868,1,,ちるち,,[CiruCi],,(名詞),156,,印(しるし)。,,,(語源)日本語シルシ〈印〉に対応。,[sirusi>CiruCi],,(文化的・民俗学的 背景)「しるんな」お産の時、藁で縄を張り、それに黒い「あんく゚い」の縄で人 体の頭、胴、女陰、二つの膝頭を模したものを産室の入り口と門の西側に一対、 吊り下げた。魔除けのほか、出産を知らせる役目がある。,【例】しる=んなどぅ しるやぬ ちるち,〈しるんなが産屋の目印だ〉,,,,,,,,,,,,,,,,,,,,
869,1,,ちるん,1,[CiruN],A,(名詞),156,,筋。,,,,,,,【例】ぬかや、ちるん はたんたい=みぬんすや,〈どうしてか、(体の)筋が硬くなってしまっているよ〉,,,,,,,,,,,,,,,,,,,,
870,1,,ちるん,2,[Cir-],A,(動詞),157,,(魚を)釣る。,,,,,,,【例】なんたながに いゆ ちるんでぃどぅ いし=ぶる,〈波多(ナンタ)港で魚を釣ろうとしている〉,いゆ ちーんだんぎ でぃ,〈魚を釣りに行こうよ〉,,,,,,,,,,,,,,,,,,
871,1,,ちるん,3,[Cir-],B,(動詞),157,,擦(す)る。,,,,,,,【例】むてぃ ちるん,〈餅を擦る〉,とぅぶまみ ちるん,〈大豆を擦る〉,,,,,,,,,,,,,,,,,,
872,1,,ちん,1,[CiN], ,(名詞),157,,茎(くき)。,,,(語源)日本語シン〈芯〉に対応。,,,,【例】すんがるぬ ちんや なーさ ぬび かんだに きー な るんか゚ かー むてぃてぃ にーむぬ きーんたり はりるん,〈ツルソバの茎は長く伸び、蔓のようになるが皮を剥いて煮物にしたり食用になるよ〉,,,,,,,,,,,,,,,,,,,,
873,1,,ちん,2,[CiN], ,(名詞),157,,粒(つぶ)。,,,(語源)日本語ツブ〈粒〉に対応。 ,[tubu>cibu>CiN],,,【例】ちん まいさん,〈粒が大きい〉,,,,,,,,,,,,,,,,,,,,
874,1,,ちんさん,,[CiNsaN],,(形容詞),157,,憎い。嫌いだ。,,,,,,,【例】あぬんき ちんさぬんでぃどぅ むなぬんき=ぶるな?,〈俺に憎しみがあって口を聞かないのか?〉,うんに いるた あぬ ちん さどぅ あるな?,〈それほど私が憎いのか?〉,かりに ちんさ きらり  いなむぬ,〈彼に嫌われ残念です〉,,,,,,,,,,,,,,,,
875,1,,ちんだ,,[CiNda],A,(名詞),157,,分葱(ワケギ)。葱(ネギ)。,,,(語源)八重山方言シゥ ビゥ ラ /sïbïra/ に対応。 ,[sibira>CiNda],,,【例】ちんだ んだみてぃ すばんき いりり,〈ネギを刻んでソバに入れなさい〉,,,,,,,,,,,,,,,,,,,,
876,1,,ちんとぅ,1,[CiNTu], ,(名詞),157,,結い上げた髪。,,,,,,,【例】かぬとぅや からん ちんとぅ どぅいてぃ あいてぃ=ぶんがえー,〈あの人は髪を結って歩いているね〉,ちんとぅ はんくらん なよー、でぃば さし=ぶりゃー,〈結い上げた髪をほどかないようにね、か んざしを差しているから〉,,,,,,,,,,,,,,,,,,
877,1,,ちんとぅ,2,[CiNTu], ,(名詞),158,,火種(ひだね),,,,,,,【例】ちんとぅにや ばらちんとぅ あんく゚いちんとぅ さんか゚ いちんとぅか゚ あたん,〈火種には、藁、コミノクロツグ、ガジュマルを材料にしたものがあった〉,たぶぐ ‘てぃーだたな ちんとぅ かたみ はるん き わる ‘とぅんた わたん,〈煙草を吸いながら火種を携帯し畑に出かける 人たちがいらした〉,,,,,,,,,,,,,,,,,,
878,1,,ちんぷる,,[CiNPuru],,(名詞),158,,頂上。天辺。,,,,,,,【例】あぬ だまぬ ちんぷるんき ぬい=んにたんどー,〈私はあの山の頂上に登ってみたよ〉,,,,,,,,,,,,,,,,,,,,
879,1,,つぁー,,[Ca],B,(名詞),158,,草。,,,(語源)日本語クサ〈草〉に対応。,[ku sa>h(u)Ca>Ca],,,【例】‘とぅむてぃに はたぎぬ つぁー とぅたん,〈朝のうちに畑の雑草を取った〉,くぬ つぁーや はいりつぁてぃんでぃどぅ んだり=ぶる,〈こ の草はカタバミといわれているそうだよ〉,,,,,,,,,,,,,,,,,,
880,1,,つぁーあｎか゚,,[Ca'aŋa],,(名詞),158,,脅しの言葉。この野郎。,,,,,,,【例】つぁーあんか゚ たたてぃ くるし=‘かってぃ るんど,〈叩き殺してしまうぞ〉,,,,,,,,,,,,,,,,,,,,
881,1,,つぁーだぎ,,[Cadagi],,(名詞),158,,リュウキュウチク。和名マダケ。,,,,,,,【例】んかちや まいすんか゚てぃ つぁーだ ぎ、だいみょーだぎ、うんなる とぅい=しー あんく゚いんなし んまんき てぃ ‘くい=ぶたる,〈昔はヒンプンをリュウキュウチク、カンザンチク、タイミンチクを取ってきてクロツグの繊維の縄で縛って造っていた〉,,,,,,,,,,,,,,,,,,,,
882,1,,つぁーん,,[CaN],C,(形容詞),158,,臭(くさ)い。,,,(語源)日本語クサイ〈臭い〉に対応。,[kusasaN>husasaN>h(u)Cah aN>CaN],,,【例】ひびだぬ かだい つぁーぬ ならぬん,〈山羊の臭(にお)いが臭くてたまらない〉,あし-かだい つぁーどぅ あんすや,〈汗の臭い が臭いこと〉,,,,,,,,,,,,,,,,,,
883,1,,つぁるん,,[Car-],,(動詞),158,,(1)詰(つ)まる。,,,,,,,【例】みどぅ つぁい すでぃ きりゃどぅ なるばん,〈溝が詰まって掃除しないといけないなー〉,,,,,,,,,,,,,,,,,,,,
883,2,,つぁるん,,[Car-],,(動詞),158,,ふさがる。,,,,,,,【例】あみてぃ つぁ いどぅ=ぶりゃ かぬ きー とぅし=うとぅぎ,〈道がふさがっているので、あの木を倒しておきなさい〉,,,,,,,,,,,,,,,,,,,,
884,1,,つぁｎき゚,,[Caŋi],C,(名詞),159,,白髪(しらが)。,,,,,,,【例】うんに はやぐがら つぁんき゚ むい うぃとぅにどぅ  ない=ぶんすや,〈こんなに早くから白髪が生えて年寄りのようになってしまった〉,,,,,,,,,,,,,,,,,,,,
885,1,,つぁｎき゚るん,,[Caŋir-],B,(動詞),159,,搗(つ)く。,,,(語源)日本語シラゲル〈精げ る〉に対応。,[sirage->s(i)Caŋe(r)->Caŋer->Caŋir-],,,【例】まい つぁんき゚るん,〈米を搗く〉,,,,,,,,,,,,,,,,,,,,
886,1,例文なし,つぁだま,,[Cadama],,(名詞),159,,草が生い茂っている様。,,,,,,,,,,,,,,,,,,,,,,,,,,,,
887,1,,つぁぬみ,,[Cunumi],,(名詞),159,,草むら。〈草の群れ〉の意。,,,(語源)クサノムレ〈草の群れ〉に対応。 ,[kusanomure>h(u)CanoNme>Canumi],,,【例】 つ ぁ ぬ み が ら   う ど ぅ る   と ぅ ん で ぃ=す たん,〈草むらからウズラが出てきた〉,,,,,,,,,,,,,,,,,,,,
888,1,,つぁみるん,,[Camir-],,(動詞),159,,刺(さ)す。,,,,,,,【例】ぬぬんき はい つぁみ,〈布に針を刺す〉,だってぃぬ く びんき いらら つぁみ=うとぅぎ,〈小屋の壁に鎌を刺しておけ〉,,,,,,,,,,,,,,,,,,
889,1,,つぁらん,,[Caras-],B,(動詞),159,,腐(くさ)らせる。,,,(語源)クサラス〈腐らす〉に対応。,[kusaras->husaras->h(u)Casar->Caras-],,,【例】 あ ぐ=き や   ち っ て ぃ   つ ぁ ら ば   み ん ぐ る   む い=だっつぁん,〈アコウの木は切って腐らせると、キクラゲが生えやすい〉,,,,,,,,,,,,,,,,,,,,
890,1,,つぁりるん,,[Carir-],B,(動詞),159,,腐る。,,,(語源)日本語クサレル〈腐れる〉に対応。,[kusare>h(u)Care(r)->Carir-],,,【例】はいむぬ れいぞーこんき いり=うとぅがぬんか゚しや つぁり るんど,〈食べ物を冷蔵庫に入れておかないと腐るよ〉,うぬ いゆや つぁ りばっくりどぅ=ぶる,〈この魚はとても腐っている〉,,,,,,,,,,,,,,,,,,
891,1,,つぁん,,[CaN],C,(名詞),159,〔虫〕,虱(シラミ)。人や動物に寄生して血を吸う。,,,(語源)日本語シラミ〈虱〉に対応。,[sirami>s(i)CaN>CaN],,,【例】つぁん はいつぁり ,〈シラミが群らがっている(いっぱい)〉,,,,,,,,,,,,,,,,,,,,
892,1,,ついまい,,[Cuimai],,(名詞),160,,(1)前後の隣り合わせ。,,,,,,,【例】ないばがさ いちまでぃん ありんにゃな にん どぅぬ ついまい いちまでぃん ありんにゃた,〈今の若さいつまでもあってみたい。二十歳の前後いつまでもありたいもの(与那国民謡「とぅばるま節」)〉,,,,,,,,,,,,,,,,,,,,
892,2,,ついまい,,[Cuimai],,(名詞),160,,年子。一つ違いの子。,,,,,,,【例】ついまいどぅ あるうんがら ‘たんか゚ んきどぅ んなりる,〈一つ違いの子だから双子のようにみられる〉,,,,,,,,,,,,,,,,,,,,
893,1,,つー,,[Cu],B,(名詞),160,,大便。糞(ふん)。,,,(語源)日本語クソ〈糞〉に対応。 ,[kuso>h(u)Co>Cu],,,【例】 う ち ぬ   つ ー や   だ ん だ ん   な い て ぃ   か ん か゚ ん む てぃにどぅ ぶる,〈牛の糞は段々に重なって鏡餅みたい〉,つー まるん,〈大便をする〉,つー またぬ,〈大便がしたい〉,,,,,,,,,,,,,,,,
894,1,,つっつぁ,,[CuCa],,(名詞),160,,魔除けの結び。(文化的・民俗学的背景)子供の生後二十日以内に、吉日を選び、取り上げ婆さんの家へお礼訪問していた。母親は稲藁で作った「つっつぁ」を左手に持ち、子供の頭上にかざして出かけた。,,,,,,,【例】あがんか゚ぬ はち-とぅんでぃんき ひるゆんがら つっ つぁ ‘くり,〈赤ちゃんが初めて外出するので、魔除けの結びを作りなさい〉,,,,,,,,,,,,,,,,,,,,
895,1,,つつん,,[CuC-],,(動詞),160,,啜(すす)る。,,,,,,,【例】ばたぬ ちる つつん,〈中味の汁をすする〉,,,,,,,,,,,,,,,,,,,,
896,1,,つばいんてぃ,,[CubaiNTi],,(名詞),160,,唾(つば),,,,,,,【例】てぃんき つばいんてぃ きんがしゃ どぅんきどぅ あた る,〈天に唾を吐くと自分に返ってくる〉,,,,,,,,,,,,,,,,,,,,
897,1,,つばら,,[Cubara],,(名詞),160,,後の方。,,,(語源)シロバラ〈後原〉に対応。 ハラ・バラ・ワラ〈原〉は〈方向〉の意。,[sirobara>Cobara>Cubara],,,【例】つばら とぅんかい んにんに。 ‘とぅんか゚ くんそー,〈後ろを振り返って見てごらん。人がついてくるよ〉,,,,,,,,,,,,,,,,,,,,
898,1,,つま,,[Cuma],A,(名詞),161,,昼。昼間。,,,(語源)日本語ヒルマに対応。 ,[piruma>hiruma>siCuma>Cuma],(関連用語)つま-かたんてぃ〈昼下がり〉 /つまどぅぐい〈昼休み〉/つまにんでぃ〈昼寝〉/つままい〈昼前〉/てぃ だん つま〈灼熱の昼間〉,,【例】すー つまがらや ういぬたな あまだ びんだぎよ,〈今日の昼からは上の畑にサトウキビを植えようよ〉,,,,,,,,,,,,,,,,,,,,
899,1,,つまどぅぎ,,[Cumadugi],,(名詞),161,,昼飯(ひるめし)。昼食。昼ご飯。「つまどぅぐい」〈昼休み〉の転か。,,,(語源)ヒルマイコイ〈昼間憩い〉に対応するか。,[*pirum ayokoi>sirumadogoi>Cumadugui>Cumadugi],,,【例】つま どぅぎ=でぃぶんき なんがら はいてぃ=ひり,〈昼食時分になったから食べていきなさい〉,つまどぅぎん また うんてぃどぅ ふな?,〈昼飯もま た芋を食べるのか?〉,,,,,,,,,,,,,,,,,,
900,1,,つり,,[Curi],C,(名詞),161,,薬。,,,(語源)日本語クスリに対応。,[*kus ori>Cori>Curi],,,【例】いさぬ つりや あたら-きてぃ ぬみよ,〈医者の処方した薬は大事に飲みなさいよ〉,かぬとぅや んぬ さぎ ぬむ まいに びらぬ つ り ぬみたばどぅ びらぬたるてぃら,〈あの人は、昨日、酒を飲む前に酔い止 め薬を飲んだから酔わなかったのだろう〉,,,,,,,,,,,,,,,,,,
901,1,,つりうゆび,,[Curi'uyubi],,(名詞),161,,薬指。,,,,,,,【例】つりうゆびどぅ だまし=みぬんすや,〈薬指を痛めているんだよ〉,,,,,,,,,,,,,,,,,,,,
902,1,,〜つん,,[C-],A,(助動詞),161,,~できる。動詞の連用形に接続して〈可能〉の意を表す。「つん」〈知る〉が助動詞化したもの。,,,,,,,【例】うや あんか゚ あたんてぃん いし=つん,〈これぐらいなら俺にもできる〉,,,,,,,,,,,,,,,,,,,,
904,1,,つん,2,[C-],A,(動詞),162,,着る。,,,(語源)日本語キル〈着る〉に対応。,[ki- >ci(r)->C-],,,【例】んなに つん,〈着物を着る〉,,,,,,,,,,,,,,,,,,,,
905,1,,つん,3,[C-],B,(動詞),162,,切る。,,,(語源)日本語キル〈切る〉に対応。,[kir->cir->C-],,,【例】くぬ はさんや あらーぐ つんすや,〈このハサミはとてもよく切れるね〉,んな なーどぅ ありゃ つんど,〈縄が長いので切るよ〉,す すい んぶいてぃ みん つん,〈雑巾を絞って水を切る〉,,,,,,,,,,,,,,,,
906,1,,〜てぃ,1,[Ti], ,(接辞),162,,~て。~して。連用形に接続して〈継起〉を表す。〈して〉が接辞化したもの。,,,(語源)日本語シテに対応。,[site>s(i)Te>Ti],,,【例】すーや いー=わしき ないてぃ んさたんがえ,〈今日はよい天気になってよかったね〉,くるまんき ぬいてぃ くぶらんき ひるん,〈車に乗って久部良まで行く〉,,,,,,,,,,,,,,,,,,
907,1,,〜てぃ,2,[Ti], ,(接辞),162,,指小辞。主に名詞について「小さい」「少し」といった意味を表す接尾辞。,,,,,,,【例】いやてぃ,〈おじさん〉,はとぅてぃ,〈小鳥〉,,,,,,,,,,,,,,,,,,
908,1,,てぃー,,[ti],B,(名詞),162,,手(て)。肩から指先までを指す。,,,(語源)日本語テ〈手〉に対応。,[te>ti],,,【例】あんか゚ いやや てぃー くまさったん,〈私の父は手が器用だった〉,,,,,,,,,,,,,,,,,,,,
909,1,,でぃー,1,[di],B,(名詞),163,,土地。土。地面。,,,,,,,【例】でぃー あぎらし,〈(畑の)天地替えをすること〉,,,,,,,,,,,,,,,,,,,,
910,1,,でぃー,2,[di],C,(感動詞),163,,(一緒に)行こう。さあ。では。じゃ。,,,,,,,【例】でぃー、ひろー,〈さあ、行こう〉, あみ ふゎんす たー んみんだんぎ でぃ,〈雨が降ったので田を耕しに行 こう〉,だんき でぃ,〈家に行こう〉,,,,,,,,,,,,,,,,
911,1,,‘てぃー,1,[Ti],A,(名詞),163,,(1)口(くち)。,〔同〕‘てぃぶに,,,,,,【例】‘てぃー どぅんぎ,〈口をゆすぎなさい〉,ん だがら はなしぬ ‘てぃー んだい,〈君から話の口を出しなさい(話を始め なさい)〉,,,,,,,,,,,,,,,,,,
911,2,,‘てぃー,1,[Ti],A,(名詞),163,,港の出入り口。,,,(語源)日本語クチ〈口〉に対応。,[kuti>huci> h(u)Ti>Ti],,(文化的・民俗学的背景)艀(はしけ)、もしくはバー ジ(barge)は、 河川や運河などの内陸水路や港湾内で重い貨物を積んで航行するために造ら れている平底の船舶。,【例】なんたぬ ‘てぃや かーばい てんまん た きり にぐらる どぅぐるどぅ あったる,〈波多の出入り口はよく艀(はしけ)が転覆する難所だったよ〉,,,,,,,,,,,,,,,,,,,,
912,1,,‘てぃー,2,[Ti],B,(名詞),163,,月。,,,(語源)日本語ツキ〈月〉に対応。 ,[tuki>cici>s(i)Ti>Ti],,,【例】‘てぃー さんか゚い,〈月が西に傾いた〉,,,,,,,,,,,,,,,,,,,,
913,1,,でぃうり,,[di'uri],,(名詞),163,,畑などに雨水が降って十分うるおうこと。お湿り〈地潤い〉の意。,,,(語源)〈地潤い〉の意。,[zi'uruoi>di'uree>di'uri],,,【例】でぃう り あんか゚いてぃどぅ はたぎ きるど,〈雨水が上がってから畑は耕すんだよ〉,,,,,,,,,,,,,,,,,,,,
914,1,,でぃぎるん,,[digir-],,(動詞),163,,(1)成績が良い,,,,,,,【例】くぬ あがみや がっく でぃぎるんでぃど,〈この子供は学校の勉強がよくできるってよ〉,,,,,,,,,,,,,,,,,,,,
914,2,,でぃぎるん,,[digir-],,(動詞),163,,作柄がよい,,,(語源)日本語デキル〈出 来る〉に対応。,[*deke->dege(r)->digir-],,,【例】うまぬ はだぎぬ  やさい でぃぎぶんすや,〈この畑の野菜は豊作だね〉,,,,,,,,,,,,,,,,,,,,
915,1,,でぃｎく゚い,,[diŋui],C,(名詞),164,〔植物〕,デイゴ。,,,(語源)沖縄方言ディー グ /(0)diigu/ に対応。,[deigo>deŋoi>diŋui],,,【例】でぃんく゚いぬ きや ちち はだがしらんき ‘かい=ぶたん,〈デイゴの木は獅子、旗頭に使っていた〉,してぃぬ ちちや でぃんく゚いぬ きし ‘くらり=ぶる,〈節祭の獅子はデイゴの木で作られているよ〉,,,,,,,,,,,,,,,,,,
916,1,,てぃぐてぃ,,[tiguTi],C,(名詞),164,〔植物〕,シャリンバイ。バラ科。染料に用いる。/火持ちがよく煙も少なく薪として優れている。材は堅く農具の柄などに使われる。着物用の糸、漁網の染料に使う,,,(語源)沖縄方言ティ カチ /(0)tikaci/ に対応。 ,[tekatu>tegaci>tegaTi>tiguTi],,,【例】ぱんか゚い どぅいや てぃぐてぃ-きしどぅ ‘くゎる,〈鍬の柄はシャリンバイの木で作る〉,,,,,,,,,,,,,,,,,,,,
917,1,,てぃだん,,[tidaN],C,(名詞),164,,太陽。,,,(語源)日本語テントウ〈天道〉に対応。,[*teNdau>teNda>teda>tidaN],,,【例】てぃだんや ‘とぅや くらぬん,〈太陽は人を殺さない。(太陽は人間を殺さない。すべてに恵みを与えてくれる)「与那国のことわざ」より〉,,,,,,,,,,,,,,,,,,,,
918,1,,てぃどぅぐん,1,[tiduguN],C,(名詞),164,,拳(こぶし)。,,,(語源)沖縄方言ティー ジクン /(0)tiizikuN/ に対応。,[tezuku mi>tezigumi>tiduguN],,,【例】てぃどぅぐん くぅみてぃ うってぃ まるばし,〈拳を固めて打ち転がした〉,,,,,,,,,,,,,,,,,,,,
919,1,,てぃどぅぐん,2,[tiduguN],C,(名詞),164,,欲張り。,,,,,,,【例】かりや てぃどぅぐんどー,〈彼は欲張りだよ〉,,,,,,,,,,,,,,,,,,,,
920,1,,でぃなが,,[dinaga],,(名詞),164,,土地。土。地面。〈地中〉の意。,,,(語源) ジナカ〈地中〉に対応。,[zinaka>zinaga>dinaga],,,【例】あんか゚ んたる=はでぃど。 でぃながん  あんばみりゃどぅ ありゃどぅ むぬくいや なるんでぃ,〈私が言っただろ。土地も遊ばせてあればこそ良い農作物が作ることができるんだよ〉,ん だ でぃながんき くるま うとぅぐんでぃどぅ ありゃ いらみ=とぅら し=ひり,〈あなたの土地に車を置きたいので(無料で)貸してください〉,,,,,,,,,,,,,,,,,,
921,1,,でぃなん,,[dinaN],,(形容詞),164,,汚い。,,,,,,,【例】でぃなぬ、なびんでぃな!,〈汚い、舐めるな!〉,,,,,,,,,,,,,,,,,,,,
922,1,,でぃば,,[diba],,(名詞),165,,簪(かんざし)。女性の頭髪に挿す装飾品。,,,(語源)沖 縄方言ジー ファー /(0)ziiFaa/ に対応。,[gipa>ziba>diba],,,【例】でぃばにや きーぬ でぃば、 たぎぬ でぃばんか゚ あったんか゚ あんか゚ あぶたや アルミにぬ かるーた てぃぬ むぬどぅ さし=わたる,〈簪には木の簪や竹の簪があったが、私の母はアルミ製のようなとても軽いものを挿していらっしゃったよ〉,,,,,,,,,,,,,,,,,,,,
923,1,,‘てぃぶに,,[Tibuni],C,(名詞),165,,口(くち)。,〔同〕‘てぃー,,(語源)クチボネ〈口骨〉に対応。,[ku tibone>kucibone>Tibone>Tibuni],,,【例】‘てぃぶに ふーてぃんき はたぎり,〈口を大きく開けなさい〉,うぬとぅや ‘てぃぶに ふが とぅんでぃらぬ ‘とぅー,〈この人は口が外に出ない人。(口が固い)〉,,,,,,,,,,,,,,,,,,
924,1,,でぃぶん,,[dibuN],,(名詞),165,,(1)(良い)時期。,,,,,,,【例】とぅん かまい きない むとぅ でぃぶんき ない,〈嫁をもらい、結婚して家庭を持つ時期になった〉,,,,,,,,,,,,,,,,,,,,
924,2,例文なし,でぃぶん,,[dibuN],,(名詞),165,,(良い)機会。,,,(語源)日 本語ジブン〈時分〉に対応。,,,,,,,,,,,,,,,,,,,,,,,,,
925,1,,てぃま,,[tima],,(名詞),165,,(1)手間賃。,,,,,,,【例】たぬまりたば あまだ とぅしんでぃ ひー=ぶたんか゚  てぃま あたらぬび だみゃる,〈頼まれてサトウキビの収穫に行っていたけれど、手間賃が合わないのでやめた〉,,,,,,,,,,,,,,,,,,,,
925,2,例文なし,てぃま,,[tima],,(名詞),165,,浪費。3報酬。,,,,,,,,,,,,,,,,,,,,,,,,,,,,
926,1,,でぃまみ,,[dimami],,(名詞),165,,落花生。南京豆。ピーナッツ〈地豆〉の意。,,,(語源)沖縄方言ジー マー ミ /(0)ziimaa mi/ に対応。,[zimame>dimami],,,【例】んかち ばやにや あがまみ、 くまみ、でぃまみ、はたぎに ‘くい=ぶたんどー,〈昔、私の家では小豆、青豆、南京豆(落花生)を畑で作っていたよ〉,,,,,,,,,,,,,,,,,,,,
927,1,,でぃみみ,,[dimimi],C,(名詞),165,〔動物〕,ミミズ。,,,,,,,【例】 で ぃ み み や   い ゆ   ぱ し   む ん だ に   で ぃ ぎ ど ぅ=ぶる,〈ミミズは魚釣りのえさに上等だよ〉,,,,,,,,,,,,,,,,,,,,
928,1,,てぃむぬ,,[timunu],,(名詞),165,,薪(たきぎ)。薪(まき)。火をくべるのに使う木。,,,(語源) 日本語タキモノ〈焚き物〉に対応。,[takimono>taimono>temono>timunu],,,【例】てぃむぬとぅいんでぃやいらんだいんびだぎんきどぅひー=ぶたる〈薪採りにはイランダ、インビ岳によく行っていた〉/てぃむぬんきちんき゚=きーいらび=ぶたんすやきんか゚くゎーびてぃきぶんちんでぃらぬんきちーんか゚すさったばむいでぃあたん〈薪にイタジイを選んでいたのは、木が堅くて煙を出さず、火力が強くよく燃えたからだ〉/まいさるてぃむぬやぶぬしあがしばい=ぶたる〈大きな薪は斧を使って裂き割っていた〉,,,,,,,,,,,,,,,,,,,,,
929,1,,‘てぃや,,[Tiya],C,(名詞),166,〔動物〕,ナマコ。,,,(語源)九州方言シ キリ〈ナマコ〉に対応。,[sikiri-a>sicirya>Tiya],,,【例】ぐまぐまいてぃ あがたてぃぬ ‘てぃや アリシんたに かーばい とぅらりたん。 ちるんき いり にてぃ ます すゆんき  びきてぃ はい=ぶたん,〈小ぶりで赤いナマコが(東崎近くの)アリシでよく捕れた。汁に入れ、煮て、塩や醤油をつけて食べていたね〉,,,,,,,,,,,,,,,,,,,,
930,1,,でぃゆ,,[diyu],,(名詞),166,,植物の芯。,,,,,,,【例】ばらんぷぬ でぃゆ。 いんぴつのでぃゆ,〈稲藁の芯。鉛筆の芯〉,,,,,,,,,,,,,,,,,,,,
931,1,,〜てぃら,,[Tira],,(助詞),166,,~だろう。終助詞。動詞・形容詞の終止形を受けて推量を表す。,,,,,,,【例】かぬとぅ や さぎぬみゃどぅ あるゆんがら、あたん また さぎ ぬむんてぃら,〈あの人は酒飲みだから明日もまた酒を飲むだろう〉,,,,,,,,,,,,,,,,,,,,
932,1,,てぃる,,[tiru],,(名詞),166,,篭。ざる。トウヅルモドキで作る。,,,(語源)沖縄方言ティー ル /(0)tiiru/ に対 応。,[teru>tiru],,,【例】てぃるや うんてぃぬくでぃ とぅ る ばすんたに みぬんか゚んたか゚ ‘かい=ぶたる,〈トウヅルモドキの篭は芋葛を仕込む時、女たちがよく使った〉,,,,,,,,,,,,,,,,,,,,
933,1,,でぃる,,[diru],,(名詞),166,,囲炉裏(いろり)〈地炉〉の意。寒いとき、病人、産婦のいるときに使用した。普段は畳の下にあって見えない。,,,,,,,【例】なしだみ はでぃまいんか゚しや ふすち=あぶや しるんなんき んかい でぃるぬ かんき にんか゚い きー =ぶたる,〈陣痛が始まると取り上げ婆さんは産縄に向かい囲炉裏(地炉)の神に(安産を)祈った〉,,,,,,,,,,,,,,,,,,,,
934,1,,てぃるん,,[tir-],B,(動詞),167,,照る。,,,(語源)日本語テル〈照る〉に対 応。,[ter->tir-],,,【例】てぃだん てぃるん,〈太陽が照る〉,,,,,,,,,,,,,,,,,,,,
935,1,,‘てぃるん,,[Tir-],A,(動詞),167,,溢(あふ)れる。,〔同〕あんでぃるん,,(語源)日本語ステル〈捨てる〉に対応。,[sute->site(r)- >s(i)Ter->Tir-],,,【例】みん ‘てぃるんどー,〈水があふれるよ〉,だっかんぬ どぅー ばんぎ ‘てぃどぅ=ぶんそー,〈薬缶の湯が沸 騰してあふれているぞ〉,,,,,,,,,,,,,,,,,,
936,1,,てぃん,,[tiN],A,(名詞),167,,天。空。,,,(語源)日本語テン〈天〉に対応。 ,[teN>tiN],,,【例】てぃんき つばいんてぃ きんがしや どぅんきどぅ かいし くー,〈天に唾を吐いたら自分に返ってくる〉,,,,,,,,,,,,,,,,,,,,
937,1,,でぃん,1,[diN],A,(名詞),167,,膳(ぜん),,,(語源)日本語ゼン〈膳〉に対応。,[zeN>deN>diN],,,【例】すんか゚てぃにや うぶさらんき ますうさい たがでぃんき  ぬし はち うとぅてぃてぃ かだるん,〈正月には型抜きした清めの塩を大皿に盛り高膳にのせ、お箸を置いて飾ります〉,んな-くる うんか゚みてぃ  あとぅや どぅむてぃんたんき かいしきでぃん さぎ んだし だい き たん,〈船香炉の行事の際は、礼拝が済むと「どぅむてぃ」と呼ばれる現在の公 民館長に相当する人たちに、会席膳にごちそうを盛り、酒をふるまって、宴 たけなわとなった〉,,,,,,,,,,,,,,,,,,
938,1,,でぃん,2,[diN],B,(名詞),167,,お金。銭(ぜに)。,,,(語源)日本語ゼニ〈銭〉に対応。 ,[zeni>deN>diN],,,【例】でぃん どぅむん,〈お金を数える〉,かりや でぃん  まーしく あん,〈彼はお金がたくさんある〉,,,,,,,,,,,,,,,,,,
939,1,,でぃん,3,[diN],C,(名詞),167,,来年。,,,(語源)沖縄方言ヤー ン /(0)yaaN/ に対応。,[yaini>yeeni>deeN>diN],,,【例】でぃんや まー いびたてぃや んさぐ なるんさ,〈来年は少しはよくなるだろうよ〉,,,,,,,,,,,,,,,,,,,,
940,1,,てぃんだ,,[tiNda],C,(名詞),168,,掌(てのひら)。,,,(語源)テビラ〈手平〉に対応。,[tebira>teNda>tiNda],,,【例】はなし うむつぁびてぃ てぃんだ うってぃ ばらた ん,〈話が面白くて掌を打って笑った〉,んだ いやとぅ あぬとぅや てぃ んだ うとぅんにどぅ ぶたる,〈あなたのお父さんと私は手拍子をするよう にとても仲が良かったよ〉,,,,,,,,,,,,,,,,,,
941,1,,‘てぃんぐん,,[TiNg-],A,(動詞),168,,繋(つな)ぐ。,,,,,,,【例】うどぅぶさんどぅ ありゃ いぬや ‘てぃんでぃ=うとぅ ぎー,〈危険だから犬は繋いでおきなさい〉,,,,,,,,,,,,,,,,,,,,
942,1,,‘てぃんてぃるん,,[TiNTir-],,(動詞),168,,(1)すぼむ。,〔同〕ちぐまるん,,,,,,【例】かたぶるち ‘てぃんてぃるん,〈肩をすぼめる〉,,,,,,,,,,,,,,,,,,,,
942,2,,‘てぃんてぃるん,,[TiNTir-],,(動詞),168,,しぼむ。3衰える。,,,,,,,【例】ういとぅ なるにゃ まらてぃん ‘てぃん てぃ どぅちら みぬん,〈老いるほどにちんこもしぼんで使い道がなくなったよ〉,,,,,,,,,,,,,,,,,,,,
943,1,,てぃんどぅ,,[tiNdu],,(名詞),168,,天井。,,,,,,,【例】てぃんどぅがら あみ むいどぅ きるんすや,〈天井から雨が漏るなあ(修理しないといけないなぁ)〉,,,,,,,,,,,,,,,,,,,,
944,1,,‘てぃんびら,,[TiNbira],,(名詞),168,,不器用者。,,,,,,,【例】ぬー しかま きみてぃん ‘てぃんびらどぅ あんすや,〈どの仕事をさせても不器用だなあ〉,どぅぬどぅんか゚ んにてぃ かんばぐん き いりらりる ばすぬ 「ちらぬさでぃ」、ながくはたぬ ぬぬ 「かんぬ ち」 しくんき うとぅぐんすや んかちがら みぬんか゚ぬ したぐき う とぅぐむぬんでぃ んだりぶいてぃ したぐ きみぬ みぬんか゚や 「‘てぃ んびら」んでぃ うさらりどぅ きたる,〈自らの葬式の時の納棺時に使用す る顔を覆う布「ちらぬさでぃ」、名前を記す,〈旗布〉、棺箱の覆い布「かんぬち」 の3点を整えておくのは、昔から女のたしなみとされてきた。それを準備し ない、あるいは織っていない女性は「‘てぃんびら,〈」不器用者〉と軽蔑された〉,,,,,,,,,,,,,,,,
945,1,,でぃんぶん,,[diNbuN],,(名詞),168,,知恵。常識。考え。知識。,,,,,,,【例】うぬ あがみや でぃんぶん あるんにどぅ ぶる,〈その子は知恵がありそうだ〉,,,,,,,,,,,,,,,,,,,,
946,1,,でぃんぶん　きるん,,[diNbuN+kir-],,(連語),169,,当てにする。,,,,,,,【例】あまだ びるんでぃ でぃんぶん きどぅ=ぶるど、たんでぃーど-,〈サトウキビの植え付け、当てにしているよ、お願いね〉,,,,,,,,,,,,,,,,,,,,
947,1,,でゃーでぃ,,[dyadi],,(名詞),169,,大事(おおごと)。大変なこと。「でゃでぃ」とも。,,,,,,,【例】いくつぁぬ=ばす は るやんき ひなん きてぃ だぎ かがい でゃーでぃどぅ あたる,〈戦争の時、畑小屋に避難してマラリアにかかり大変だったよ〉,どぅち うぶさ びてい ‘とぅびらい きるんでぃ でゃでぃ,〈友人が多くて友達づきあい がひどくてかなわない〉,でゃーでぃな くとぅ ない。 がっくんき ひ るんす ばち=みぬん,〈大変な事になった。学校に行くのを忘れてしまった〉,,,,,,,,,,,,,,,,
948,1,,てゅぬ,,[tyunu],,(名詞),169,,手斧(ちょうな)。大工道具の一つ。鍬形の斧で、木を平らにするのに用いる。,,,,,,,【例】てゅぬし きー きんどぅんでぃどぅ=ぶる,〈手斧で木材を削ろうとしている〉,,,,,,,,,,,,,,,,,,,,
949,1,,てんぷら,,[teNPura],,(名詞),169,,てんぷら。,〔同〕かんび,,,,,,【例】ちばてぃぬ てんぷら だてぃ むてぃ こー,〈ヒハツモドキのてんぷらを揚げて持ってきて〉,,,,,,,,,,,,,,,,,,,,
950,1,,〜ど,,[do],,(助詞),169,,~だよ。~よ。終助詞。,,,,,,,【例】すーや どぅぬくにてぃど,〈今日は十六日祭です(だよ)〉,うさい しくん きー=すんど,〈ごちそうを準備してきたよ〉 ,がっく うぐりるんど,〈学校に遅れるよ〉,ぬー、うんか゚ んどぅ むぬい や あたらぬんどー,〈なに、それの言うことは当たらないよ〉,,,,,,,,,,,,,,
951,1,,〜どぅ,,[du],,(助詞),169,,~こそ。焦点を表す。,,,(語源)古語ゾに対応。,,,,【例】ふぐんぬないしどぅ ふぐんどぅみいる すみる,〈フクギの実で黄色を染める〉,んだ あや かてぃ どぅーでぃどぅ あ んすや,〈あなた、絵を描くのが上手だね〉,ばぬや うんにどぅ いるんでぃ どぅ きみゃる,〈私たちはこのようにしようと決めた〉,,,,,,,,,,,,,,,,
952,1,,どぅい,1,[dui],A,(名詞),170,,柄。,,,(語源)八重山方言ユイ〈柄〉に対 応。,[yui>dui],,,【例】うぶるてぃんき たぎんた くばぬ しんたし どぅい ‘くい てぃ かみぬ みんたふんき さし=ぶたる,〈柄杓に竹やクバの芯などで柄を作って甕の耳に挿していた〉,ぱんか゚い どぅいや てぃぐてぃ-きしどぅ  ‘くゎる,〈鍬の柄はシャ リンバイの木で作る〉,,,,,,,,,,,,,,,,,,
953,1,,どぅい,2,[dui],A,(名詞),170,,結(ゆ)い。,,,,,,,【例】なが-たなや どぅい きてぃどぅ きたる,〈中の棚の畑は結いをして耕した〉,,,,,,,,,,,,,,,,,,,,
954,1,,どぅい,3,[dui],C,(名詞),170,,夕食。,,,,,,,【例】あぶたー、すーぬ どぅいや ぬーば あい=わるかや? あぬ ん てぃがない きるんど,〈お母さん、今日の夕飯は何ですか?私も手伝いするよ〉,どぅい はーなー?,〈夕飯は食べたか〉,,,,,,,,,,,,,,,,,,
955,1,,‘とぅい,,[Tui],C,(数詞),170,,一人。,,,(語源)日 本語ヒトリ〈一人〉に対応。,[pitori>hitoi>s(i)Toi>Tui],(関連用語)‘とぅい  あがみ〈一人っ子〉/どぅー ‘とぅい〈自分一人〉/ ‘とぅいな ‘とぅいな〈一 人一人〉/ ‘とぅいむぬ〈一人者〉/ ‘とぅい=むぬい〈独り言〉/ ‘とぅい  わる うや〈一人親。片親〉,,【例】‘とぅー ‘とぅい ぶらぬたん,〈人っ子一人いなかった〉,,,,,,,,,,,,,,,,,,,,
956,1,,とぅいち,,[tuiCi],,(名詞),170,,砥石(といし)。刃物を研ぐための石。,,,,,,,【例】いらら とぅんく゚んがら とぅい ち むてぃ こー,〈鎌を研ぐから砥石を持って来なさい〉,ふったや とぅ いちに とぅでぃ ‘かいよー、うどぅぶさんど,〈包丁は砥石で研いでから使 いなさいよ、あぶないよ〉,,,,,,,,,,,,,,,,,,
957,1,例文なし,どぅい-とぅち,,[duituCi], ,(名詞),170,,閏年(うるうどし)。,,,,,,,,,,,,,,,,,,,,,,,,,,,,
958,1,,とぅいぶん,,[tuibuN],,(名詞),170,,取り前(とりまえ)。,,,,,,,【例】んだ とぅいぶんや うがらてぃどぅ あんす さ んみん きりよ,〈あなたの取り前はこれだけだから計算しなさいよ〉,,,,,,,,,,,,,,,,,,,,
959,1,,‘とぅいむぬ,,[Tuimunu],,(名詞),171,,独身(どくしん)。独り身。結婚していない人。,,,(語源)日本語ヒトリモノ〈独り者〉に対応。,[pitorimono>hito imono>s(i)Toimono>Tuimunu],,,【例】いちまでぃん ‘とぅいむ ぬし ぶらぬんき、はやぐ とぅん かまり,〈いつまでも独り身でいないで、早く妻をめとれ〉,,,,,,,,,,,,,,,,,,,,
960,1,,とぅー,,[tu],A,(数詞),171,,(1)十(とお)。,,,,,,,【例】 と ぅ ぬ   う ゆ び ,〈十本の指〉,,,,,,,,,,,,,,,,,,,,
960,2,,とぅー,,[tu],A,(数詞),171,,十歳。,,,,,,,【例】 あ が み ん か゚   とぅんき ない,〈子供が十歳になった〉,,,,,,,,,,,,,,,,,,,,
961,1,,どぅー,1,[du],B,(名詞),171,,湯。,,,(語源)日本語ユ〈湯〉に対応。 ,[yu>du],,,【例】どぅー ばがい,〈お湯を沸かしなさい〉,,,,,,,,,,,,,,,,,,,,
962,1,,どぅー,2,[du],B,(名詞),171,,粥(かゆ)。,,,(語源)宮古方言ユヴ /yuv/ に対応。,[yu'u>du'u>du],(関連用語)うんてぃぬ どぅー〈芋粥〉,,【例】どぅー たぎ,〈お粥を炊きなさい〉,,,,,,,,,,,,,,,,,,,,
963,1,,どぅー,3,[du],C,(名詞),171,,(1)体。,,,,,,,【例】どぅーや ぐまたてぃどぅ=ぶんか゚ しからや あん,〈体は小さいが力はある〉,くとぅちぬ なちや どぅー がんどぅに きりよー,〈今 年の夏は体(に気をつけて)元気に乗り切りなさいよ-〉,,,,,,,,,,,,,,,,,,
963,2,,どぅー,3,[du],C,(名詞),171,,自分。,,,(語源)沖縄 方言ドゥー /(0)duu/ に対応。,[dou>duu>du],,,【例】どぅ ぬどぅ むてぃ=つぁぬんすや,〈自身を持てない(軟弱者だな)〉,,,,,,,,,,,,,,,,,,,,
964,1,,どぅー,4,[du], ,(名詞),171,,夜。,〔同〕どぅる。会話では「どぅー」が用いられる。,,(語源)日本語ヨ〈夜〉 に対応。,[yo>do>du],(関連用語)どぅあぎどぅーし〈徹夜〉,,【例】どぅー あぎらぬ たや んぐやんたん だまみんたん だちーだち とぅらりたん,〈夜の明けないうちはヤシガニもスッポンも面白いほど簡単に捕れたよ〉,どぅー  なるんどー,〈夜になるよ〉,どぅー あがん,〈夜が明けた〉,,,,,,,,,,,,,,,,
965,1,,‘とぅー,,[Tu],A,(名詞),171,,(1)人(ひと)。人間。,,,,,,,【例】あぬん ‘とぅ んだん ‘とぅ・,〈僕も人間、君も人間だ〉, ‘とぅ にんぎんでぃんでぃてぃ うんにぬくとぅ いらりるんすや,〈人、人間といってよくそんなことができるものだね〉,たーか ‘とぅーん か゚ わるんど,〈誰か人がいらっしゃるよ〉,,,,,,,,,,,,,,,,
965,2,,‘とぅー,,[Tu],A,(名詞),171,,話し手。私。3他人。,,,,,,,【例】う や ‘とぅぬ むぬ,〈これは他人のものだ〉,,,,,,,,,,,,,,,,,,,,
965,3,,‘とぅー,,[Tu],A,(名詞),171,,一人前。,,,(語源)日本語ヒト〈人〉に対応。,[pito>hito>s(i)To>Tu],,,【例】うん だっとぅ  ‘とぅー ない,〈これもやっと一人前の人間らしくなった〉,,,,,,,,,,,,,,,,,,,,
966,1,,どぅーさんぬ　だい,,[dusaNnudai],,(名詞),172,,十三歳の生年祝い。「どぅーさんぬまり-とぅちぬだい」とも。,,,,,,,【例】 す ー や   あんか゚ どぅーさんぬだい。 あびゃる んなに ちー しゃなんすや,〈今日は私の十三歳の生年祝い。きれいな着物を着てうれしいな〉,,,,,,,,,,,,,,,,,,,,
967,1,,どぅーち,,[duCi],A,(数詞),172,,(1)四つ。,,,,,,,【例】かちや どぅちや ぬぐい ぶんどー,〈お菓子は四つは残っているよ〉,,,,,,,,,,,,,,,,,,,,
967,2,,どぅーち,,[duCi],A,(数詞),172,,四歳。,,,(語源)日本語ヨッ ツ〈四つ〉に 対応。,[yotu>doci>duCi],,,【例】うぬ あがみてぃや うんに はやぐ どぅち な いな,〈その子はこんなに早く四歳になったか〉,,,,,,,,,,,,,,,,,,,,
968,1,,‘とぅーん,,[TuN],,(副詞),172,,全く。全然。,,,,,,,【例】‘とぅーん まー みぬん,〈全然おいしくない〉, ‘とぅーん  ういがぬん,〈全く動かない〉, ‘とぅーん うむっつぁ みぬん,〈全く面白く ない〉, ‘とぅーん かばらぬん,〈全く変わらない〉, ‘とぅーん つぁぬた ん,〈全く知らなかった〉, ‘とぅーん ふでぃ みぬん,〈全く似合わない〉, まりかいてぃ。 んま たびんきどぅ ひたるなー? ‘とぅーん んなにぬ たんすや,〈久しぶりね。島外に行っていたの? 全く見えなかったね〉,,,,,,,,
969,1,,どぅが,1,[duga],A,(名詞),172,,床(ゆか)。,,,(語源)日本語ユカ〈床〉に対応。,[yuka>duga],,,【例】どぅがぬ うやびんき たたみ き,〈床の上に畳を敷きなさい〉,,,,,,,,,,,,,,,,,,,,
970,1,,どぅが,2,[duga],A,(数詞),172,,四日。,,,(語源)日本語ヨカ〈四日〉に対応。,[yoka>doga>duga],,,【例】どぅがぬ=ひどぅ あんそ。 はーりー んにんでぃ ひる,〈四日の日だ。爬龍船競漕を見に行こう〉,,,,,,,,,,,,,,,,,,,,
971,1,,どぅｎか゚ち=とぅり,,[duŋaCituri], ,(名詞),172,,旧暦十月の凪。,,,,,,,【例】どぅんか゚ち=とぅり ないんか゚しや さくち あたんてぃん うんなが たび きみ んさんでぃどぅ んかちがら んだり=ぶる,〈旧暦十月の凪になったら、(大事な)嫡子であっても海の旅をさせてよい(安全だ)と、昔からいわれている〉,,,,,,,,,,,,,,,,,,,,
972,1,,とぅがてぃ,,[tugaTi],,(名詞),173,,舛切り。,,,(語源)日本語トカキ〈枡切り〉に対応。,[tokaki>togaci>to gaTi>tugaTi],,,【例】とぅがてぃや んかち んに はがる どぅんく゚どぅ あたん か゚ ないや とぅがてぃぬだいぬ あやんか゚りんでぃ うやし=ぶる,〈舛切りは昔、お米を量る道具であったが、今では八十八歳のお祝いのあやかりとして贈られている〉,,,,,,,,,,,,,,,,,,,,
973,1,例文なし,とぅがてぃぬ　だい,,[tugaTinu+dai],,(名詞),173,,米寿(八十八歳)のお祝い。「とぅがてぃ」〈枡切り〉を用いることからいう。,,,(語源)九州方言トカキイワイに対応。,[*tokakino yuwai>togacino duwai>tugaTinu dwai>tugaTinu dai],,,,,,,,,,,,,,,,,,,,,,,,
974,1,例文なし,どぅがぬてぃ,,[duganuTi],,(名詞),173,,翌々日。,,,,,,,,,,,,,,,,,,,,,,,,,,,,
975,1,,どぅがぬちー,,[duganuCi],A,(名詞),173,,〈四日の日〉の意。海神祭。「どぅがぬひー」とも。「いすんとぅ」〈漁師〉が航海安全、大漁祈願をし、爬龍船競争を行う。,,,,,,,【例】すや どぅがぬひ どぅ あ んそ でぃ くぶらんき はーり んにんでぃ ひろ,〈今日は海神祭の日だ。久部良に爬龍船競漕を見に行こう〉,,,,,,,,,,,,,,,,,,,,
976,1,例文なし,どぅｎか゚ぶ,,[duŋabu],,(名詞),173,,豊年〈世果報〉の意。,,,,,,,,,,,,,,,,,,,,,,,,,,,,
977,1,例文なし,とぅがまんさいぬ　だい,,[tugamaNsainu+dai],,(名刺),173,,生まれてから十日目の祝い。名前をつける日。,,,,,,,,,,,,,,,,,,,,,,,,,,,,
978,1,,とぅがら,,[tugara],,(名詞),173,,ヘビ全般を指す。日本のアオダイショウと同属の肉食の蛇で、悪臭を放つ。,,,,,,,【例】どぅなんぬ とぅがらや ‘とぅ ぷいつぁぬん,〈与那国の蛇は人を咬まない〉(関連用語)んだとぅがら,〈ヨナグニシュ ウダ〉,,,,,,,,,,,,,,,,,,,
979,1,,どぅｎき゚ゃらん,,[duŋyaras-],,(動詞),174,,大声で怒鳴り散らす。,,,,,,,【例】あぶたんか゚ どぅんき゚ゃらし=わたん,〈お母さんが大声でどなり散らしていらっしゃった〉,,,,,,,,,,,,,,,,,,,,
980,1,,どぅぐ,,[dugu],A,(名詞),174,,横。,,,(語源)日本語ヨ コ〈横〉に対応。,[yoko>dogo>dugu],(関連用語)ぬてぃ〈横糸〉,,【例】どぅぐむぬい きるんすや,〈話を横にそらしてね〉,,,,,,,,,,,,,,,,,,,,
981,1,,どぅぐい,,[dugui],,(名詞),174,,休憩。休息。休むこと。,,,,,,,【例】あー、ながどぅぐい きー,〈あー、長い休憩になってしまった〉,,,,,,,,,,,,,,,,,,,,
982,1,,どぅぐたるん,,[duguTar-],,(動詞),174,,横にする。横たわる。,,,(語源)日本語ヨコタワル〈横た わる〉に対応。,[yokotawar->dogota'ar->dogoTar->duguTar-],,,【例】 ぶ っ た い ど ぅ=ぶ り ゃ   あ ま て ぃ   ど ぅ ぐ た る ん ど,〈疲れているので、いっとき横たわろうね〉,,,,,,,,,,,,,,,,,,,,
983,1,,どぅｎく゚てぃ,,[duŋuTi],,(名詞),174,,門。建造物はなく、石垣が開いている。,,,(語源)日本語ジョ ウグチ〈錠口〉に対応。,[zyauguti >dooŋuci>doŋuTi>duŋuTi],,,【例】かりや どぅんく゚てぃ はい=しぬにんく あぬんき かがたい,〈彼は門を入ってきたとたん私に大声で怒鳴った〉,どぅんく゚てぃ あぎるん,〈門を開ける(新しい入口を作る)〉,どぅ んく゚てぃや はいばらんきどぅ とぅんかい ‘くらり=ぶる,〈門は南の方角 に向かって造られている〉,,,,,,,,,,,,,,,,
984,1,,とぅぐとぅ,,[tuguTu],,(副詞),174,,ほっと。静かに。おとなしく。安心して。,,,,,,,【例】 ぶ と ぅ=む て ぃ   だ ら し   ち む とぅぐとぅ ない,〈夫を持たせ(夫の元へ)行かせて気持ちが安心した〉,あがみてぃぬ みんぶる なでぃや しゃな きー とぅぐとぅ なる ん,〈子供の頭をなでると喜んで静かに(おとなしく)なる〉,まちり ちまし  とぅぐとぅ きー=ぶる,〈マチリも済ませて落ち着いているよ〉,,,,,,,,,,,,,,,,
985,1,,どぅぐどぅいてぃぬ　まり-とぅち,,[dugudu'iTinu+marituCi],,(名詞),174,,六十一歳の生年(還暦),,,,,,,【例】どぅぐどぅいてぃぬ まりとぅち ぬてぃ な かば,〈還暦の六十一歳は(百二十歳までと念じている者の)命数の道半ばである〉,,,,,,,,,,,,,,,,,,,,
986,1,,どぅぐる,,[duguru],,(名詞),175,,場所。,,,,,,,【例】なんたはまや どぅなんとぅぬ ちむすらし どぅぐる。 うた に あるに どぅなんちまぬ いってぃん うとぅたがる どぅぐるどぅ  ない=ぶる,〈ナンタ浜は、与那国島の人の心が晴れ晴れとするところです。歌にも歌われていて、与那国では有名な場所です〉,,,,,,,,,,,,,,,,,,,,
987,1,,どぅぐん,,[dugu-],B,(動詞),175,,(1)休む。,,,,,,,【例】あっつぁるゆんがら どぅぐい どぅぐい いり,〈暑いんだから休み休みやりなさい〉,いってぃたどぅ ありゃ うみ どぅぐいんだ ぎ,〈息苦しいのでここで休みましょう〉,,,,,,,,,,,,,,,,,,
987,2,,どぅぐん,,[dugu-],B,(動詞),175,,〈寝る〉の尊敬語。,,,(語源)日本語イコウ〈憩う〉に対応。,[*yokow->dogo'->dugu-],,,【例】「あさや　まー　どぅぐいどぅ　わるな？」「おー」〈おじいさんはもうお休みですか。はい〉,,,,,,,,,,,,,,,,,,,,,
988,1,,とぅｎく゚ん,,[tuŋ-],B,(動詞),175,,研(と)ぐ。,,,(語源)日本語トグ〈研ぐ〉に対応。,[tog->tuŋ-],,,【例】だまかたな とぅぐん,〈山刀を研ぐ〉,いらら とぅでぃ  うとぅぎ。 あったがら まい かるんど,〈鎌を研いでおきなさい。明日から 稲刈りだよ〉,,,,,,,,,,,,,,,,,,
989,1,,どぅさい,,[dusai],,(名詞),175,,今晩。,,,,,,,【例】どぅさいや ぬーば はりるかや?,〈今晩は何を食べようかな?〉,,,,,,,,,,,,,,,,,,,,
990,1,,どぅさび,,[dusabi],,(名詞),175,,夕方。,〔同〕てぃんだいり-かがい,,,,,,【例】いすがさどぅ あんか゚ きっつぁ  どぅさび ない=みぬんすや,〈忙しいのに早々と夕方になってしまった〉,,,,,,,,,,,,,,,,,,,,
991,1,,とぅし,,[tusi],,(副詞),175,,しっかりと。,,,,,,,【例】とぅし かちみるん,〈しっかりと捕まえる〉,,,,,,,,,,,,,,,,,,,,
992,1,,どぅし,,[dusi],,(名詞),175,,水雑炊。おじや。,,,(語源)日 本語ゾウスイ〈増水・雑炊〉に対応。,[zousui>duusii],(関連用語)つぁしどぅ し〈おじやに対し、固い方。五目御飯〉,,【例】どぅし まがし=んに,〈雑炊を炊いてごらん〉,,,,,,,,,,,,,,,,,,,,
993,1,,とぅしか,,[tusiKa],,(感動詞),175,,丁塚。「とーしか」とも。地震のときに唱える呪文(じゅもん)。,,,(語源)九州方言チョウヅカ〈丁塚〉に対応。,[*kyautuka>cyoocika>tosiKa>tusiKa],,,【例】とぅしか= とぅしか ない すんどー,〈丁塚丁塚、地震が来たぞ〉,,,,,,,,,,,,,,,,,,,,
994,1,,どぅしき,,[dusiKi],C,(名詞),176,〔植物〕,ススキ。イネ科の多年草植物。秋に茶褐色や紫色を帯びた穂を出す。葉は牛や馬の餌になる。穂を束にしてホウキにすることもあった。,,,(語源)沖縄方言グシチ /(0)gusici/ に対応。,[gisuki>z isiki>dis(i)Ki>dusiKi],(関連用語)どぅしきふてぃ〈ススキの箒〉,(文化的・民 俗学的背景)種取祭には供物とともに「あちだぎ」と呼ばれる箸を供えた,【例】どぅ しきや どぅんく゚や ちるび くろとんぬ はなんたとぅ いきるん,〈ススキは十五夜にマサキやクロトンの花とともに活けている〉,, たなどぅいにや まい どぅしきんに きー でぃがし=わい=たばりん でぃどぅ どぅしきぬ はー あまだいんき かだいてぃ にんか゚い=ぶる,〈種取祭では稲がススキのように、育ってくれますようにと、ススキの葉を家 の四隅に飾って祈っている〉,どぅなん とぅばるまにん どぅしきや「な ちぬ うぶ-き かたがや ばー いやとぅ たんき゚んか゚いに き ふゆぬ  どぅしき かたがや ばー あぶたぬ ふとぅくるに」んでぃ うた きら り=ぶる,〈与那国とぅばるまにもススキについては「夏の大木の蔭はわが父 とひとしなみに頼もしく思い、冬のススキの蔭は母の懐のようなぬくもりを 感じる」と歌われている〉,,,,,,,,,,,,,,,
995,1,,どぅた,,[duTa],A,(名詞),176,,巫女(みこ)。シャーマン。いちこ。神がかって吉凶を占う女。,,,(語源)沖縄方言ユタ /(1)yuta/ に対応。,[yuta>duTa],,,【例】ばやぬ  あぶや どぅたぬ だー かゆい ならぬん,〈我が家のおばあさんは占い師の家へ何度も通っている〉,,,,,,,,,,,,,,,,,,,,
996,1,,どぅだ,,[duda],A,(名詞),176,,枝。,,,(語源)日本語エダ〈枝〉に対応。,[*yoda>doda>duda],,,【例】みー ‘かい=ぶる くすぬ どぅだ むぬぬぎむぬんでぃ だー ぬ ながに さんき゚=ぶたん,〈実のついた唐辛子の枝を魔除けとして家の中に吊り下げていたよ〉,,,,,,,,,,,,,,,,,,,,
997,1,,どぅだい,,[dudai],A,(名詞),176,,(1)涎(よだれ)。(2)何の役に立たない者への悪口。,,,(語源)日本語ヨダ レ(ヨダリ)に対応。,[yodari>dodai>dudai],,,【例】 ど ぅ だ い   さ ん て ぃ=ぶる あがみてぃとぅ どぅぬむぬ どぅどぅならぬんすや くぬむぬや,〈よだれを垂たしている子供のように役に立たない者め〉,,,,,,,,,,,,,,,,,,,,
998,1,,どぅたいんとぅ,,[duTaiNTu],A,(数詞),176,,四人。,,,(語源)ヨタリビト に対応。,[yotaribito>doTaiNTo>duTaiNTu],,,【例】んな かぐんすや どぅたいんとぅ ぶりやどぅ なるどー ,〈大綱をつくるときは、四人の人数がいないとできないぞ〉,,,,,,,,,,,,,,,,,,,,
999,1,,どぅだち,,[dudaCi],,(名詞),177,,多忙なさま。,,,,,,,【例】どぅだち きらにぬんき ぶるんでゃー,〈忙しくしやることしているよ〉,,,,,,,,,,,,,,,,,,,,
1000,1,例文なし,どぅだてぃ,,[dudaTi],,(名詞),177,,梢(こずえ)。「どぅだ」〈枝〉に指小辞「~てぃ」が付いた形。,,,,,,,,,,,,,,,,,,,,,,,,,,,,
1001,1,,どぅたぶりるん,,[duTaburir-],,(動詞),177,,溢(こぼ)す。,,,,,,,【例】あらーぐ しっぱい いりんか゚しや どぅたぶりるんど,〈あんまりたくさん入れるとこぼすよ〉,,,,,,,,,,,,,,,,,,,,
1002,1,,どぅだん,,[dudaN],,(名詞),177,,なまけ。ふまじめ。油断。,,,,,,,【例】ひゃぐすや どぅだん きがらや ぬん な らぬんど,〈百姓をやる者には、ふまじめでは、何もならないよ〉,まぎるん でぃ うまぬたんか゚ どぅだん きー みぬんすや,〈負けるとは思わなかっ たが、油断したんでしょう〉,,,,,,,,,,,,,,,,,,
1003,1,,とぅち,,[tuCi],B,(名詞),177,,年。,,,(語源)日本語トシ〈年〉に対応。 ,[tosi>toCi>tuCi],,,【例】ないや とぅち とぅい うむるに ういがにぬんすや,〈もう年を取って思うように動けなくなってしまったよ〉,,,,,,,,,,,,,,,,,,,,
1004,1,,どぅち,,[duCi],,(名詞),177,,友達。,〔同〕あんく゚,,(語源)沖縄方言ドゥ シ /dusi/ に対応。※ 古語ドチ〈同類〉と関係あるか,[*dosi >duCi],,,【例】かりとぅ あぬや あんび どぅち,〈彼と俺は遊び友達だ〉,どぅち うぶさびてい とぅびらい きるんでぃ でゃでぃ,〈友達 が多すぎて交際するのが大変だ〉,,,,,,,,,,,,,,,,,,
1005,1,,‘とぅち,,[TuCi],C,(数詞),177,,「‘とぅーち」とも。一つ。,,,(語源)日本語ヒトツ〈一つ〉 に対応。,[pitotu>hitoci>s(i)ToCi>TuCi],,,【例】‘とぅちぬ すだ,〈一歳年上の人〉, ‘とぅち=ばがい ぬぐた んさん,〈一つだけ残せばいい〉,,,,,,,,,,,,,,,,,,
1006,1,例文なし,どぅちばぐ,,[duCibagu],,(名詞),178,,女性用の枕。,,,,,,,,,,,,,,,,,,,,,,,,,,,,
1007,1,,どぅっかぬみ,,[duKanumi],,(名詞),178,,豚便所にある人間が用を足すときの便器の穴。穴の上に木の網があった。,,,,,,,【例】いびさるた わーふるやぬ つーまる あなんぷ どぅっかぬみん でぃ んでぃ=ぶたるえー,〈小さい頃、豚便所にあった便器の穴を「どぅっかぬみ」と言っていたね〉,,,,,,,,,,,,,,,,,,,,
1008,1,,‘とぅった,,[TuTa],,(名詞),178,,おでき。,,,,,,,【例】みんぶるに ‘とぅった はいつぁり ならぬん,〈頭におできがたくさん出来てどうしようもない〉,,,,,,,,,,,,,,,,,,,,
1009,1,,どぅったい=かったい,,[duTai+kaTai], ,(名詞),178,,どちらかわからない。揺れ動くさま。,,,,,,,【例】はいない にちない どぅったい  かったい,〈南か北かどちらか分からない〉,,,,,,,,,,,,,,,,,,,,
1010,1,,どぅっとぅ,,[duTu],B,(名詞),178,,上手。立派。上等。,,,(語源)日本語ジョ ウトウ〈上等〉に対 応。,[zyautou>zyootuu>dooTuu>duTu],,,【例】どぅっとぅに ‘くいぶさるんがら、あさんき なら いんでぃ でぃー,〈上手に作りたいから、おじいさんに習いに行こう〉,う ぬ あがみや あがみてぃ んまない どぅーでぃどぅ あんす,〈この子供 は子供をあやすのが上手だね〉,あんか゚ かいむぬ かいし くたしや、に むぬや どっとぅに にー=ぶんてぃら,〈私が買い物から帰ってくるときに は、煮物はきちんと煮えているだろう〉,,,,,,,,,,,,,,,,
1011,1,,どぅてぃ,,[duTi],,(名詞),178,,よき。小形の斧(おの)。山仕事の際に木を伐ったり、材木を削ったりするのに用いる。,,,(語源)日本語ヨキ〈斧〉に対応。,[yoki >doci>doTi>duTi],,,【例】くぬ どぅてぃ むてぃ=いてぃてぃ てぃむぬ ばり,〈このよきを持っていって薪を割りなさい〉,,,,,,,,,,,,,,,,,,,,
1012,1,,どぅでぃ,,[dudi],,(名詞),179,,上手。,,,(語源)日本語ジョ ウズ〈上手〉に対応。,[zyauzu>zyoozi>dodi>dudi],,,【例】うぬ ‘とぅや うた どぅでぃどー,〈この人は歌が上手だ〉,,,,,,,,,,,,,,,,,,,,
1013,1,,とぅでぃち,,[tudiCi],C,(名詞),179,〔植物〕,ソテツ。が使用されている。,〔類〕にーばい,,,,,,【例】うちにんか゚いぬ ばすや びでぃりぬ すばに むい=ぶる とぅでぃちぬ はー あみてぃ うさい いりてぃ はい=ぶたん どー,〈牛馬繁殖の祈願の時には、ビディリの傍に生えているソテツの葉を編んでカゴを作り、ごちそうを入れて食べていたよ〉(関連用語)とぅでぃちぬ　ふてぃ,〈ソテツの箒〉(文化的・民俗学的背景)「びでぃり」は祈願を行うため の霊石で、屋敷の東南、田や畑近く、あるいは牧場周辺のソテツに囲われた 場所にある。屋敷の安泰、農作物の豊穣、牛馬、山羊の繁殖を祈願する。珊瑚 石や「ふりし」,〈砂岩〉,,,,,,,,,,,,,,,,,,
1014,1,,どぅでぃるん,,[dudir-],,(動詞),179,,茹(ゆ)でる。,,,(語源)日本語ユデル〈茹でる〉に対応。,[yude- >dude(r)->dudir-],,,【例】ぐんな だらーたてぃ なるた どぅんき,〈長命草が柔らかくなるまで茹でなさい〉,,,,,,,,,,,,,,,,,,,,
1015,1,,どぅどぅ,,[dudu],,(名詞),179,,用事。,,,(語源)沖縄方言ユー ジュ /(0)yuu zu/ に対応。,,,,【例】どぅどぅ きんでぃ くるま ぬいてぃ くぶらんき ひるん,〈用事をしに、車に乗って久部良まで行く〉,,,,,,,,,,,,,,,,,,,,
1016,1,,とぅどぅきるん,,[tudugir-],B,(動詞),179,,届ける。,,,,,,,【例】あがみんき がっくぬ どぅんく゚ とぅどぅきるんでぃどぅ  いし=ぶる,〈子供に学校の道具を届けようとしている〉,,,,,,,,,,,,,,,,,,,,
1017,1,,とぅどぅぐん,,[tudug-],B,(動詞),179,,届く。,,,,,,,【例】だまぬちまんき にー とぅどぅとぅん,〈八重山に荷物が届いたよ〉,,,,,,,,,,,,,,,,,,,,
1018,1,,‘とぅ-とぅてぃ,,[TutuTi], ,(名詞),179,,(1)時々。,,,,,,,【例】かりや ‘とぅ-とぅてぃな ちまんき んなりるんど(くんど),〈彼は時々島に見えるよ(来るよ)〉,,,,,,,,,,,,,,,,,,,,
1018,2,,‘とぅ-とぅてぃ,,[TutuTi], ,(名詞),179,,一時期、一寸の間。ちょっとの間〈一時〉の意。,,,(語源)日本語ヒトトキ〈一時〉に対応。,[pitotoki>hitotoci>s(i)TotoTi>TutuTi],,,【例】‘とぅ-とぅてぃな ちまがら たいはんか゚ んなりるんど ,〈ちょっとの間、島から台湾が見えるよ〉,,,,,,,,,,,,,,,,,,,,
1019,1,,,,,,,179,,,,,,,,,,,,,,,,,,,,,,,,,,,,,,
1020,1,,どぅどぅや,,[duduya],,(名詞),180,,用事、法事などの行われる家。手伝いする家。「どぅどぅ」は用事、「や」は家。,,,,,,,【例】すや はたぎ しかま だちみてぃ どぅどぅやんき ひりゃどぅ  なる,〈今日は畑仕事を休んで法事のある家に手伝いに行かないといけない〉,,,,,,,,,,,,,,,,,,,,
1021,1,,とぅない,,[tunai],C,(名詞),180,,隣。,,,(語源)日本語 トナリ〈隣〉に対応。,,,,【例】がっくぬ とぅないぬ みしや,〈学校の隣の店〉,ばやぬ とぅな いにどぅ うぬ だーや あん,〈私の家の隣にその家はある〉,,,,,,,,,,,,,,,,,,
1022,1,,とぅないさとぅ,,[TunaisaTu],,(名詞),180,,隣近所。,〔同〕きゃ-とぅない,,,,,,【例】 か り と ぅ や   と ぅ な い さ と ぅ   あ い て ぃ   ぐまるたがら かたたん,〈彼とは隣近所であったので、小さい頃から親しかった〉,,,,,,,,,,,,,,,,,,,,
1023,1,,どぅなが,,[dunaga],,(名詞),180,,夜中。,,,(語源)日本語ヨナカ〈夜中〉に対応。,[yonaka>donaga>dunaga],,,【例】どぅながに ふち んにんでぃ でぃ,〈夜中に星を見に行こう〉,,,,,,,,,,,,,,,,,,,,
1024,1,,とぅなみ,,[tunami],,(動名詞),180,,平坦にすること。,,,,,,,【例】あまだ びんだぎ はたぎ とぅなみ=うとぅぎ,〈サトウキビを植えるので畑を平坦にしておきなさい〉,,,,,,,,,,,,,,,,,,,,
1025,1,,どぅなん,,[dunaN],,(名詞),180,,与那国(よなぐに)。日本最西端の島。,,,(語源)ヨナグニ に対応。,[yonaguni>donaNN>dunaN],,(文化的・民俗学的背景)どぅなんの語源は植物「ユウナ」に由来しているとも、大海原に盛り上がった「どに」の 転訛であるともいわれている。「ユウナ」の語源は「ゆな」と呼ばれる海岸や 河川付近の沖積地に自生する樹木ということで命名されていた。さらにその「ゆな」の語源は、米、砂を意味する「よね」に求めることができる。与那城家、 与那原家、与那嶺などと同じ系統の地名である。,【例】んかちがら どぅなんや なさぎ ぬ ちまんでぃ んだり=ぶる,〈与那国島は昔から情けの島といわれている〉,かりや ドゥナンぬ なまりや とぅんでぃらぬんすや。 うんなぬ ち まに なーさ ぶたる=はでぃや,〈彼は与那国のなまりはでないね。沖縄本 島に長らくいたはずだね〉,どぅなんとぅや まびん まとぅまらぬとぅ  ならぬん,〈与那国の人間はもっと団結しないといけないね〉,,,,,,,,,,,,,,,,
1026,1,,‘とぅに,,[Tuni],,(名詞),181,,集落の中心、始まりの地。創始者の屋敷跡を指す。拝所。冬祭に祭礼が行われる。当て漢字は「邑根」。(文化的・民俗学的背景)先祖の霊は元屋敷に宿るという信仰に基づくもので、現在も嶋仲や祖納、帆安など、いまや廃村となった集落の宗家の陽石や香炉の前で祭礼が行われている。,,,,,,,【例】くまや どぅなんばらむらぬ ‘とぅにどぅ  あたるど,〈ここは与那原村の創始者の屋敷跡だったよ〉,,,,,,,,,,,,,,,,,,,,
1027,1,,‘とぅにゃ,,[Tunya],,(名詞),181,,他人の家。,〔同〕‘とぅぬだー。〈人の家〉の意。,,(語源)ヒトノヤ〈人の家〉に対応。,[pitonoya>hitonoya>s(i)Tonya a>Tunya],,,【例】‘とぅー いすがさんとぅ  あんでぃや ‘たー とぅにゃんき くんすや,〈人が忙しいのに何度も人の家に来るとは〉,,,,,,,,,,,,,,,,,,,,
1028,1,,どぅにん,,[duniN],,(数詞),181,,十人(じゅうにん)。,,,,,,,【例】どぅにんぬ ‘とぅしどぅ いしゃる,〈十人でやった〉,,,,,,,,,,,,,,,,,,,,
1029,1,,どぅぬ,1,[dunu],C,(連体詞),181,,同じ。,,,(語源)沖縄方言イヌ /yinu/ に対応。,[yono>don o>dunu],,,【例】どぅぬ はなし=ばがい きー びんでぃ ならぬん,〈同じ話ばかりするので飽きてしまった〉,,,,,,,,,,,,,,,,,,,,
1030,1,,どぅぬ,2,[dunu],C,(連体詞),181,,自分の。「どぅー」〈自分〉に助詞「ぬ」が付いた形。,,,,,,,【例】どぅぬ なー かぐ ん,〈自分の名を書く〉,ちま ばちんか゚しや うや ばちるん。 どぅぬ ち ま ばちんなよ,〈島を忘れたら親を忘れる。自分の島を忘れるなよ〉,どぅ ぬ=どぅし ばぎんた いでぃるんた ‘くい=つぁぬ ‘とぅんたや どぅでぃな ‘とぅんたんき さぎてぃ さんぐ、まい ぐんぐ なし たぬみ  ‘くらみ=ぶたる,〈自分で笊や弁当入れなどを作れない人たちは上手な人たち にお酒三合、米五合で頼んで作ってもらっていた〉,,,,,,,,,,,,,,,,
1031,1,,‘とぅばい,,[Tubai],,(名詞),182,,気取ること。もったいぶること。,,,,,,,【例】‘とぅばい きる ‘とぅぬ むぬいや  あでぃ-きた かだい うぶさびてぃ ならぬん,〈気取っている人の話は味がこってり大げさでたまらない〉,,,,,,,,,,,,,,,,,,,,
1032,1,,‘とぅばがち,,[TubagaCi],,(数詞),182,,一升(いっしょう)。,,,(語源)ヒト ワカシ〈一沸かし〉に対応。,[pitowakasi>hitobagasi>s(i)TobagaCi>TubagaCi],,,【例】しかま きー=ぶんがら さぎ ‘とぅばがち  むってぃ ひり,〈仕事をするからお酒を一升持っていきなさい〉,,,,,,,,,,,,,,,,,,,,
1033,1,,とぅばるま,,[tubaruma],,(名詞),182,,恋人。歌の名。八重山情歌の代表。「とぅばるん」の連体形「とぅばる」に愛称接尾「ま」を添えた「とぅばるま」の転である。の意であったが、後にはもっぱら男に対してのみ用いるようになり、女に対しては「かぬしゃーま」が用いられるようになった。(宮良泰平『八重山の方言素性』より),,,,,,(文化的・民俗学的背景)元は〈仲 の良い男女・相愛〉,【例】とぅばるまや いら  とぅばるま みてぃぬすばに かたらいぬ やたんばい,〈恋人よ、いとしい恋人よ道の側で語り合ったこともあったが〉,,,,,,,,,,,,,,,,,,,,
1034,1,,とぅばるん,,[tubar-],A,(動詞),182,,訪れる。会いにいく〈訪(とぶ)らふ〉の転か。(文化的・民俗学的背景)石垣島では歌に残っているほかは死語になっているが、与那国島では生きている言葉。,,,,,,,【例】どぅさいや ‘とぅとぅ  とぅばるん,〈今夜は人に会う〉,かりとぅや あた とぅばるんでぃ いし=ぶる,〈彼とは明日会いに行くことになっている〉,たびいてぃてぃ うとぅ だまり とぅばたん,〈旅先で親戚に会った〉,まりでぃまに わる いやあ ぶたんき とぅばいぶさん,〈故郷の両親に会いたい〉,,,,,,,,,,,,,,
1035,1,,‘とぅはんかん,,[TuhaNKaN],,(形容詞),182,,恥ずかしい。,,,,,,,【例】‘とぅはんか=きー ちら あがみ=ぶたん,〈恥ずかしがって、顔が赤くなっていた〉,,,,,,,,,,,,,,,,,,,,
1036,1,,とぅびいゆ,,[tubi'iyu],A,(名詞),183,〔魚〕,トビウオ。,,,(語源)トビウオ〈飛び魚〉に対応。,[*tob i'iwo>tobi'iyo>tubi'iyu],,,【例】「んにんに。とぅびいゆんか゚とぅび=ぶんどー」んでぃあびらりてぃだまいてぃむどぅいきるんにがらとぅびいゆんにたる〈「見てごらん。トビウオが飛んでいるよ」と呼ばれて、与那国島と石垣島を往来する船からトビウオを見たね〉,,,,,,,,,,,,,,,,,,,,,
1037,1,,とぅびゃ,,[tubya],A,(名詞),183,,嘘(うそ)。,,,,,,,【例】ぬー かりんか゚ んどぅんすや とぅびゃんか゚ どぅうぶさ る,〈なんだ、あいつが言うことは嘘が多いな〉,,,,,,,,,,,,,,,,,,,,
1038,1,,とぅぶ,,[tubu],C,(名詞),183,,豆腐(とうふ)。,,,(語源)日本語トウフ〈豆腐〉 に対応。,[taupu>toobu>tubu],,,【例】とぅぶ ちるん,〈豆腐を作る〉,,,,,,,,,,,,,,,,,,,,
1039,1,,‘とぅぶぐい,,[Tubugui],,(名詞),183,,一軒、一戸。,,,,,,,【例】だー ‘とぅぶぐいに かんか゚ん ‘とぅーちや あたん,〈家一軒に鏡が一つはあった〉,,,,,,,,,,,,,,,,,,,,
1040,1,,どぅふる,,[duhuru],,(名詞),183,,お風呂。,,,,,,,【例】「どぅふるや はい=わたかやー? ばーり ぬるんど」「いた  あみるかや,〈」「お風呂は入られましたか。疲れが取れますよ「」では、浴びるかな」〉,どぅふる はいてぃ くー,〈お風呂浴びなさい(入りなさい)〉,,,,,,,,,,,,,,,,,,
1041,1,,とぅぶん,,[tub-],A,(動詞),183,,飛ぶ。,,,(語源)日本語トブ〈飛ぶ〉に対応。,[tob- >tub-],,,【例】またらんか゚ とぅぶん,〈ツバメが飛ぶ〉,はとぅんか゚ とぅぶんに どぅ=ぶる,〈ハトが飛ぶように走る〉,,,,,,,,,,,,,,,,,,
1042,1,,とぅまるん,,[tumar-],A,(動詞),183,,(1)止まる。,,,,,,,【例】バスんか゚ とぅまるんど,〈バスが止まるよ〉,,,,,,,,,,,,,,,,,,,,
1042,2,,とぅまるん,,[tumar-],A,(動詞),183,,泊まる。,,,,,,,【例】 すーや はるやに とぅまるん,〈今日は畑小屋で泊まる〉,,,,,,,,,,,,,,,,,,,,
1043,1,,どぅみ,,[dumi],A,(名詞),183,,嫁(よめ)。,,,,,,,【例】かぬ きないや どぅみ すいてぃがら、さがいはんどぅ きー=ぶんすや,〈あの家は嫁が来てから、繁盛しているね〉,,,,,,,,,,,,,,,,,,,,
1044,1,,どぅみすい,,[dumisui],A,(名詞),184,,結婚(けっこん)。,,,,,,,【例】まんてぃ ならぬんか゚しゃ どぅみすい きらにぬん ,〈再来年にならないと結婚ができない〉,,,,,,,,,,,,,,,,,,,,
1045,1,,とぅみるん,,[tumir-],A,(動詞),184,,止める。,,,(語源)日本語トメル〈止める〉 に対応。,[tome->tumir-],,,【例】まいばらがら わる ‘とぅー とぅみるんすや ぬんでぃか や?,〈前から来る人を止めるのはなぜかね?〉,,,,,,,,,,,,,,,,,,,,
1046,1,,どぅむてぃ,,[dumuTi],,(名詞),184,,世持、総代、村長、現在の公民館長。,,,,,,,【例】どぅむてぃや つまんでぃ んた んか゚、ぶるぬ くとぅ かんがいてぃ 十時まんぐる 公民館 あぎる は でぃど,〈公民館長は昼と言ったが、みんなのこと考えて十時頃公民館を開けるだろうよ〉,,,,,,,,,,,,,,,,,,,,
1047,1,,‘とぅむてぃ,,[TumuTi],C,(名詞),184,,朝。,,,(語源)古語ツトメテ〈早朝〉に対応。,[tutomete>sutomot e>s(i)TomoTe>TumuTi],,,【例】んぬ あぶたや あたや ‘とぅむてぃがら はたぎんき ひるん でぃ んでぃ=ぶたるゆんがら、うんにびどぅ みしやや しみたる=は でぃど,〈昨日、お母さんは「明日は朝から畑に行く」と言っていたそうなので、店は閉めたはずだよ〉,,,,,,,,,,,,,,,,,,,,
1048,1,,‘とぅむてぃぬ　いー,,[TumuTinu+i],C+B,(名詞),184,,朝食。,,,,,,,【例】あぬや までぃ ‘とぅむてぃぬ=いー はい=みぬんでゃー,〈僕はまだ朝食を食べていないんだよ〉,,,,,,,,,,,,,,,,,,,,
1049,1,例文なし,どぅむぬむぬん,,[dumunumunuN],,(名詞),184,,旧暦の五月の吉日に行う最後の「ムヌン」〈物忌み〉。稲の収穫後にネズミやスズメなどの被害がないよう、それらを捕獲してアンドゥ(安堵)の島に送るという意味を込めて海に流す。(語源「)どぅむぬ」はヨモノ〈夜物。ネズミなど夜に活動する動物〉に対応するか。,,,,,,,,,,,,,,,,,,,,,,,,,,,,
1050,1,,どぅむん,,[dum-],B,(動詞),184,,〔他〕(1)(~を)読む。,,,,,,,【例】すんく゚てぃ(すむてぃ) どぅむん,〈本を読む〉,ぬー すむてぃば どぅむかや? うんか゚どぅ うむっつぁんぎさる,〈どの 本から読もうかな? これが面白そうだ〉,,,,,,,,,,,,,,,,,,
1050,2,,どぅむん,,[dum-],B,(動詞),184,,(~を)数える。,,,(語源)日本語ヨム〈読む〉に対応。,[yom->dom->dum-],(関連用語)むぬ どぅみゃー〈お喋り(おしゃべり)〉,,【例】ななち ばぎんや どぅみゃん,〈七つまでは数えた〉,でぃん どぅむん,〈お金を数え る〉,,,,,,,,,,,,,,,,,,
1051,1,例文なし,とぅむんぶ,,[tumuNbu],,(名詞),185,,桃(モモ)。,,,,,,,,,,,,,,,,,,,,,,,,,,,,
1052,1,例文なし,どぅゆ,,[duyu],,(名詞),185,,紐(ひも)。,,,(語源)沖縄方言ウィー ルー /wiiruu/ に対応。,[*yoriwo>yoryo>doy o>duyu],,,,,,,,,,,,,,,,,,,,,,,,
1053,1,,‘とぅゆる,,[Tuyuru],,(名詞),185,,一晩〈一夜〉の意。,,,(語源)ヒトヨル〈一夜〉に 対応。,[pitoyoru>hitoyoru>s(i)Toyoru>Tuyuru],,,【例】‘とぅゆる まりる うゆびぬ なーまら あるんに  ‘とぅにや なーなたが あいどぅ ぶる,〈一晩に生まれた指に長短があるように、人には人それぞれの性格がある(十人十色)〉,,,,,,,,,,,,,,,,,,,,
1054,1,,どぅらい,,[durai],,(名詞),185,,集まり。寄り合い。,,,,,,,【例】すーや がっくぬ どぅらいどぅ あんす はやぐ  わりよ,〈今日は学校の集まりだから早めにいらっしゃいね〉,,,,,,,,,,,,,,,,,,,,
1055,1,,〜とぅらし=わるん,,[turasi+war-], C+B,(連語),185,,~(て)くださる。動詞の連用形に接続する。,,,,,,,【例】 ん な   ぬ い   と ぅ ら し=わりよ」,〈縄をなってくださいね〉,たんでぃ、さてぃ ない とぅらし=わ り,〈お願いします。先になってください。(どうぞお先に)〉,なんぎ きー=とぅらし=わりよ,〈難儀してください〉,,,,,,,,,,,,,,,,
1056,1,,どぅらち,,[duraCi],A,(名詞),185,,道具。籾や豆など穀物類をふるうもの。柔らかく持ちのあるホウライチク(んだだぎ)で作った。,,,(語源) 八重山方言ユラシゥ /yurasï/ に対応。,[yurasi>duraCi],,,【例】うちんき いりてぃ んに つぁんき゚ ぬがん どぅ らちし どぅらし,〈臼に入れて精米したあと糠を篩(ふるい)でふるう〉,,,,,,,,,,,,,,,,,,,,
1057,1,,〜とぅらん,,[turas-],B,(助動詞),185,,「とぅらん」〈やる・くれる〉が助動詞したもの。(1)~(て)やる。~(て)あげる。,,,,,,,【例】ぶーるし あさ だい きー=とぅらしんだぎ,〈みんなでおじいさんのお祝いをしてあげようね〉,,,,,,,,,,,,,,,,,,,,
1057,2,,〜とぅらん,,[turas-],B,(助動詞),185,,~(て)くれる。,,,,,,,【例】くちぶに きゃぬ かてぃ=とぅらしんに,〈背中がかゆい、掻いてくれ〉,あてぃんか゚どぅ あぬ  かーばい すいだてぃ=とぅらたんでぃ んどぅんさい,〈お姉さんが私をよ くお守りしてくれたそうだ〉,,,,,,,,,,,,,,,,,,
1059,1,,,,,,,186,,,,,,,,,,,,,,,,,,,,,,,,,,,,,,
1060,1,,どぅらん,,[duras-],,(動詞),186,,篩(ふるい)にかける。ふるう。揺する。,,,(語源)日本語ユラスに対応。,[yuras->duras-],,,【例】かばし しってぃ あやしゃる  まい どぅらちし どぅらし=ぶたん,〈杵で打って柔らかくした籾を篩でふるっていたもんだよ〉,,,,,,,,,,,,,,,,,,,,
1061,1,,とぅり,,[turi],,(名詞),186,,凪(なぎ)。波が静かな様子。,,,(語源)沖縄方言トゥ リ /(1)turi/ に対応。,[tore>turi],,,【例】すーや とぅりどぅ あんすや,〈今日は凪だね〉,,,,,,,,,,,,,,,,,,,,
1062,1,,どぅりーどぅりー,,[duriduri],,(副詞),186,,ゆっくりゆっくり。,,,,,,,【例】あがみ にんでぃどぅ=ぶるんがら、どぅりーどぅりー あいぐど,〈子供が寝ているからゆっくりゆっくり歩くんだよ〉,,,,,,,,,,,,,,,,,,,,
1063,1,,どぅりっとぅ,,[duriTu],,(副詞),187,,ゆっくりと。,,,,,,,【例】どぅりっとぅ きー=わり,〈ごゆっくりしてください〉,,,,,,,,,,,,,,,,,,,,
1064,1,,とぅりばい　,,[turibai], ,(動名詞),187,,ぼーっとすること。,,,,,,,【例】ぬーきびや? とぅりばい=ぶんすや,〈何があったの?ぼーっとしているけど〉,,,,,,,,,,,,,,,,,,,,
1065,1,,とぅりるん,,[turir-],B,(動詞),187,,倒(たお)れる。,,,(語源)日本語タオレル〈倒れる〉に対応。,[taure->toore(r)- >turir-],,,【例】うぶ-かでぃし あみてぃぬ でんちゅー とぅりどぅ=ぶる,〈台風で道路の電柱が倒れている〉,はん きっつぁし とぅり,〈足を つまづいて倒れた〉,,,,,,,,,,,,,,,,,,
1066,1,,どぅる,,[duru],B,(名詞),187,,泥(どろ)。,,,(語源)日本語ドロ〈泥〉に対応。,[doro>duru],,,【例】あいぐ はんきどぅ どぅるや びっかる,〈歩く足にこそ泥は付く。転じて、歩き回ればこそよいことに出会うものである(与那国のことわざ)〉,,,,,,,,,,,,,,,,,,,,
1067,1,,どぅるどぅなが,,[durudunaga],,(連語),187,,夜中。,,,,,,,【例】どぅるどぅなが くたん さぎてぃ まーき ぬみ=ぶたんか゚  かったる どぅちんか゚ すたば どぅー あがるた ぬみ=ぶんかしゆ,〈夜中まで酒をおいしく飲んでいたが、そこへ朋友が来たので夜を徹して飲み明かした〉,,,,,,,,,,,,,,,,,,,,
1068,1,,とぅるん,,[tur-],B,(動詞),187,,取る・採る・捕る・執る。,,,(語源)日本語トル〈取る〉に対応。,[tor->tur-],,,【例】 あ さ や   だ さ い は た ぎ に   む ち   と ぅ い=ぶる,〈おじいさんは野菜畑で虫を取っている〉, ‘とぅむてぃに はたぎぬ  つぁー とぅたん,〈朝に畑の雑草を取った〉,んぐや とぅいんでぃ でぃ。 ちなさるむぬや とぅんな,〈ヤシガニを捕りに行こう。小さいものは捕るな〉 ,くむてぃ とぅみるん,〈公民館費を徴収する〉,かまぬ あぶや とぅち  とぅいどぅ わるんすや,〈あそこのおばあさんは年を取っていらっしゃるね〉,,,,,,,,,,,,
1069,1,,どぅるん,1,[dur-], ,(動詞),188,,寄る。,,,,,,,【例】いびたてぃ んでぃんき どぅるん,〈少し右に寄る〉,,,,,,,,,,,,,,,,,,,,
1070,1,例文なし,どぅるん,2,[dura-],A,(動詞),188,,集まる。寄り合う。,,,(語源)日本語ヨリアウ〈寄り合う〉に対応。,[yori'aw- >yoraw->dora'->dura-],,,,,,,,,,,,,,,,,,,,,,,,
1071,1,,どぅるん,3,[dur-],B,(動詞),188,,許す。,,,,,,,【例】くぅんどぅぬ くとぅや しかたみぬんび どぅるんでぃどぅ  かんがい=ぶる,〈今度のことは仕方ないから許そうと思っている〉,,,,,,,,,,,,,,,,,,,,
1072,1,,とぅん,1,[tuN],A,(名詞),188,,妻。,,,(語源)古語トジ〈妻〉に対応。,[tozi>tuN],(関連用語)さてぃとぅん〈先妻〉/あとぅとぅん〈後 妻〉/とぅん ぶらぬ むぬ〈妻のいない者〉,,【例】はやぐ とぅん かまれ,〈早く妻をめとりなさい〉,,,,,,,,,,,,,,,,,,,,
1073,1,,とぅん,2,[tus-],B,(動詞),188,,(1)倒す。,,,,,,,【例】 か で ぃ   ま ん ぎ ら し   ば す   ぶ る   と ぅ し=‘ か っ て ぃ ,〈風が急に吹き荒れ芭蕉をみんな倒してしまった〉,,,,,,,,,,,,,,,,,,,,
1073,2,,とぅん,2,[tus-],B,(動詞),188,,解体する。,,,(語源)日本語タオス〈倒す〉に対応。,[taus->toos->tus-],,,【例】だー とぅ し んーなだしき なしゃんさい,〈家を解体して空き屋敷にしてあるね〉,,,,,,,,,,,,,,,,,,,,
1074,1,,どぅん,,[du-],,(動詞),188,,結う。,,,(語源)日本語ユウ〈結う〉に対応。,[yuw->du'- >du-],,,【例】からん はんたいどぅ=ぶんす どぅい=うとぅぎ,〈髪が乱れているよ、結っておきなさい〉,,,,,,,,,,,,,,,,,,,,
1075,1,,‘とぅん,,[TuN],,(名詞),188,,帯(おび)。,,,(語源) 沖縄方言チチュ ビ /(0)cicyubi/ に対応。,[kiki'obi>cicyobi>s(i)ToN>TuN],,,【例】‘とぅん はがら しみり,〈帯をちゃんと締めなさい〉,,,,,,,,,,,,,,,,,,,,
1076,1,,とぅん=かまるん,,[tuN+kamar-], ,(連語),188,,結婚する(男性の場合)。妻を娶(めと)るの意。,,,,,,,【例】とぅん=かまい きない  むとぅ でぃぶんき ない,〈嫁をもらい、結婚して家庭を持つ時期になった〉,,,,,,,,,,,,,,,,,,,,
1077,1,,とぅんかるん,,[tuNkar-],,(動詞),188,,振り向く。,,,,,,,【例】くまんき とぅんかり,〈こっちに振り向きなさい〉,とぅんかい まんかい んぬんな,〈振り向いたり正面向いたり(キョ ロキョ ロ)するな〉,,,,,,,,,,,,,,,,,,
1078,1,,どぅんぐりるん,,[duNgurir-],,(動詞),189,,汚れる。,,,(語源)日本語ヨゴレル〈汚れる〉に対応。,[yogore->doNgore(r)->duNgurir-],,,【例】どぅるし んなに どぅんぐりるん,〈泥で服が汚れる〉,,,,,,,,,,,,,,,,,,,,
1079,1,,とぅんだん,,[tuNdas-],A,(動詞),189,,出す。,,,(語源)日本語トビダス〈飛び出 す〉に対応。,[tobidas->toNdas->tuNdas-],,,【例】だーに ある どぅんく゚ とぅんだし ‘かみり,〈家にある道具を出して使わせなさい〉, ‘かぬ むぬ ぶーる とぅんだんでぃどぅ いし=ぶる,〈使わない物を全部出そうとしている〉,,,,,,,,,,,,,,,,,,
1080,1,例文なし,とぅんでぃ,,[tuNdi],,(名詞),189,,冬至(とうじ)。,,,,,,,,,,,,,,,,,,,,,,,,,,,,
1081,1,,‘とぅんてぃ,,[TuNTi],,(名詞),189,,細紐。羽織、ビロウの笠の紐など。,,,,,,,【例】 は ぶ り ぬ   ‘ と ぅ ん て ぃ   ‘ き ー=ぐ りさたんすや,〈羽織の細紐をつけるのに手間取ったこと〉,,,,,,,,,,,,,,,,,,,,
1082,1,例文なし,とぅんでぃ=してぃ,,[tuNdi=siTi], ,(名詞),189,,冬至の節。,,,,,,,,,,,,,,,,,,,,,,,,,,,,
1083,1,,とぅんでぃるん,,[tuNdir-],,(動詞),189,,(1)出る。飛び出る。飛び出す。,,,,,,,【例】だまがら とぅがら とぅんでぃたん,〈山からヘビが出た〉,,,,,,,,,,,,,,,,,,,,
1083,2,,とぅんでぃるん,,[tuNdir-],,(動詞),189,,出来る。現れる。,,,,,,,【例】タイムマシー ンか゚ とぅんでぃ る まんぐるや あぬや んにどぅ=ぶるてぃら,〈タイムマシーンが出来る頃には私は死んでいるだろう〉,,,,,,,,,,,,,,,,,,,,
1083,3,,とぅんでぃるん,,[tuNdir-],,(動詞),189,,立候補する。4出演する。5ふ化する。,,,(語源)トビデル〈飛び出る〉に対応。,[tobide->toNder- >tuNdir-],,,【例】どぅむてぃんき とぅ んでぃるんでぃどぅ いし=ぶる,〈公民館長に立候補するつもりでいる〉,,,,,,,,,,,,,,,,,,,,
1084,1,,とぅんなるん,,[tuNnar-],,(動詞),189,,よける。退(ど)く。,,,,,,,【例】あやみうちんか゚ くんど とぅんなり,〈闘牛が来るぞ(あぶないから)どきなさい〉,,,,,,,,,,,,,,,,,,,,
1085,1,,どぅんばい,,[duNbai],,(名詞),189,,寝小便。おねしょ。「どぅー」〈夜〉と「んばい」〈小便〉の複合語。,,,(語源)沖縄方言ユー シバイ /(0)yuusibai/ に対応。,[yosibari>dosibai>doNbai>duNbai],,,【例】ちんたい きーんか゚しや どぅんばい きるんど,〈火遊びをしたら寝小便するよ〉,,,,,,,,,,,,,,,,,,,,
1086,1,,どぅんぱに,,[duNPani],A,(名詞),190,,尾。,,,(語源)沖縄方言ジュー /zuu/ に対応。,,,,【例】ひびだぬ どぅんぱに うってぃまらし,〈山羊の尾は短く、振っても、ハエを追うこともできない。ことわざ。無意味、役に立たないことのたとえ〉,,,,,,,,,,,,,,,,,,,,
1087,1,,とぅんぶとぅ,,[tuNbuTu],,(名詞),190,,夫婦。「とぅん」〈妻〉と「ぶとぅ」〈夫〉の複合語。,,,,,,,【例】とぅんぶとぅや てぃ んがらぬ みとぅだ,〈夫婦は天からの夫婦だ〉,,,,,,,,,,,,,,,,,,,,
1088,1,,とー,,[to],,(感動詞),190,,そこまで。もうよい。,,,,,,,【例】とー すや うまんきばぎんし んさん,〈今日はそこまででよい〉,,,,,,,,,,,,,,,,,,,,
1089,1,例文なし,とーしか,,[tosiKa],,(感動詞),190,,地震の時の呪文。「とぅしか」とも。,,,,,,,,,,,,,,,,,,,,,,,,,,,,
1090,1,,どーどー,,[dodo],,(感動詞),190,,「大丈夫か」と注意を促す表現。,,,,,,,【例】どーどー。 あいつぁいうってぃるんどぅ。 ういとぅぬ きーんき ぬい=ぶんすや,〈ほらほら、落ちるよ。年老いた木に登っているとは〉,,,,,,,,,,,,,,,,,,,,
1091,1,,どゎい,,[dwai],B,(名詞),190,,お祝い。「だい」とも。,,,(語源)日本語イワイ〈祝い〉に対応。,[*yuwai>du'ai>dwai],,,【例】 か で ぃ ん ま や ー ぬ=ど ゎ い   だ ー   し ん し   ん てぃどぅ ぶる,〈九十七歳のお祝いだというので、座敷いっぱい招待客で満ちている〉,,,,,,,,,,,,,,,,,,,,
1092,1,,どゎんぬみ,,[dwaNnumi],,(名詞),190,,暗闇。,,,,,,,【例】どゎんぬみどぅ あんがら だなてぃな あいてぃ=わりよ,〈暗闇なので、ゆっくり歩いていかれてね〉,,,,,,,,,,,,,,,,,,,,
1093,1,,〜な,,[na],,(接辞),190,,~か。疑問詞を伴わない疑問文における疑問を表す終助詞。「ん」で終わる活用形には「ん」を取って接続する。,,,(語源)沖縄方言ナー /naa/ に対応。,,,,【例】でぃー かぐな? かがぬな?,〈字を書くか?書かないか?〉,んだや あた しー=とぅらりるな?,〈君 は明日来てくれるか?〉,,,,,,,,,,,,,,,,,,
1094,1,,なー,1,[na],A,(名詞),191,,名。名前。,,,(語源)日本語ナ〈名〉に対応。,,,,【例】んだ なーや?,〈あなたの名前は?〉,なー あんか゚い,〈名が 上がる〉,,,,,,,,,,,,,,,,,,
1095,1,,なー,2,[na],B,(名詞),191,,菜(な)。,,,(語源)日本語ナ〈菜〉に対応。,,,,【例】 な ー ぬ   は ー や   ん す で ぃ る ん き   い り て ぃ   は い=ぶ る,〈菜っ葉は味噌汁に入れて食べているよ〉,,,,,,,,,,,,,,,,,,,,
1096,1,,なー,3,[na], ,(連体詞),191,,銘々(めいめい)の。各(おのおの)の。,,,,,,,【例】が っ く ぬ  し ん し ん か゚  な ー  きない みんく゚い きるんでぃど,〈学校の先生が各家庭を巡るそうだよ(家庭訪問をする)〉,,,,,,,,,,,,,,,,,,,,
1097,1,,ない,1,[nai],B,(名詞),191,,実(み)。,,,(語源)日本語ナル〈生る〉の連用形ナリに対応。,,,,【例】 す る に や   だ ま が ら   き ー ぬ   な い   と ぅ い=し て ぃ 、 ま る てゃる あまだぬ うやびんき かだい、とぅぐんき まちるん,〈お盆には山から木の実を採ってきて、束ねたサトウキビの上に飾り、仏壇にお供えする〉,,,,,,,,,,,,,,,,,,,,
1098,1,,ない,2,[nai],B,(名詞),191,,苗(なえ)。,,,(語源)日本語ナエ〈苗〉に対応。,[nawe>na'e>nai],,,【例】がっくぬ だちみにや ない くやし いや かいし きー=ぶたんどー,〈学校の休みには苗を運んでお父さんの手伝いをしていたよ〉,,,,,,,,,,,,,,,,,,,,
1099,1,,ない,3,[nai],B,(名詞),191,,地震(じしん)。,,,(語源)古語ナヰ〈地震〉に対応。,,,,【例】どぅらち どぅらんに ない どぅらし,〈篩(ふるい)をふるうように、地震で揺れた〉,,,,,,,,,,,,,,,,,,,,
1100,1,,ない,4,[nai],C,(名詞),191,,今。現在。すぐ。副詞的にも用いる。,,,(語源)沖縄方言ナマ /(1)nama/ に対応。,[namani(?)>namee>nami>nai],,,【例】んぬがら れいぞーこんき ビール いりどぅ ありゃ、ないでぃぶんや ひちんたいどぅ=ぶる=はでぃ,〈昨日から冷蔵庫にビールを入れてあるから、今時分は冷えているだろう〉,ない くんどー。 まてぃ,〈すぐ来るよ。待ちなさい〉,ないや うんに ぬ くとぅ みぬん,〈今はそんなことはない〉,,,,,,,,,,,,,,,,
1101,1,,ない=ない,,[nai+nai], C+C,(副詞),192,,今すぐ。,,,,,,,【例】 な い=な い ん で ぃ   あ ば て ぃ=か ば て ぃ=き ー ,〈今すぐと慌てふためく〉,,,,,,,,,,,,,,,,,,,,
1102,1,,ない=ながてぃ,,[nai+nagaTi], ,(副詞),192,,今しがた。ついさっき。,,,,,,,【例】ないながてぃどぅ むんどぅ きんなんでぃ んたる=はでぃ=どー。 ぬんでぃ また むんどぅ きるんすや,〈ついさっきけんかをするなと言ったはずだよ。どうしてまたけんかをするのか〉,,,,,,,,,,,,,,,,,,,,
1103,1,,ないばぎん,,[naibagiN],C,(副詞),192,,ずっと。今まで。,,,,,,,【例】いちまでぃん がんどぅ きー=わりよ。 うやんた、 ないばぎん あらーぐ ふがらさ,〈いつまでも健康でいらしてくださいよ。先輩方、今まで大変ありがとうございます〉,,,,,,,,,,,,,,,,,,,,
1104,1,,ないむぬ,,[naimunu],B,(名詞),192,,果物。,,,(語源)日本語ナリモノ〈生り物〉に対応。,,,,【例】ないむぬ あらーぐ でぃぎ=ぶんすや,〈果物がたくさんできているよ〉,,,,,,,,,,,,,,,,,,,,
1105,1,,なが,,[naga],C,(名詞),192,,中。,,,(語源)日本語ナカ〈中〉に対応。関連用語)なぎん〈中に〉,[naka>naga(],,,【例】ばたぬ ながに だぐ ぶる=はでぃどー,〈腹の中に虫がいるはずだよ〉,,,,,,,,,,,,,,,,,,,,
1106,1,例文なし,ながあぶた,,[naga'abuTa],,(名詞),192,,次女の伯母。,,,,,,,,,,,,,,,,,,,,,,,,,,,,
1107,1,例文なし,ながいや,,[naga'iya],,(名詞),192,,次男の伯父。,,,,,,,,,,,,,,,,,,,,,,,,,,,,
1108,1,,ながしるうんてぃ,,[nagasiru'uNTi],,(名詞),192,〔植物〕,サツマイモの種類。,,,,,,,【例】ながしるうんてぃや てんぷら だてぃ あらーぐ まーん,〈ながしるという名のサツマイモは天ぷらにしてとてもおいしい〉,,,,,,,,,,,,,,,,,,,,
1109,1,,なが-たぶい,,[nagatabui], ,(名詞),192,,長持ち。,,,,,,,【例】なんく、ちぶい、ちんだ-たにんたや なが-たぶい きーみ るんでぃ どぅがん ‘たらんき うとぅてぃ=ぶたん,〈南瓜、冬瓜、ネギの種子などは長持ちさせるために床下に置いていた〉,,,,,,,,,,,,,,,,,,,,
1110,1,例文なし,ながびゅっか,,[nagabyuKa],,(名詞),193,,二番目の甥(おい)。,,,,,,,,,,,,,,,,,,,,,,,,,,,,
1111,1,,ながぶに,,[nagabuni],C,(名詞),193,,背骨。精神的な芯を表す。,,,,,,,【例】 な が ぶ に   た ま い=ぶ り よ ,〈背骨を真っ直ぐにしなさいよ,〈(どちらにも迷わされないで)芯をつらぬき通しなさい〉,,,,,,,,,,,,,,,,,,,
1112,1,,ながぶにだみ,,[nagabunidami],,(動名詞),193,,板挟(いたばさ)みになること。どっちについていいか分からないこと。〈背骨が痛むこと〉の意。,,,,,,,【例】かりんか゚ んどぅんすどぅ まちどぅ うんか゚ ん どぅんすどぅ まちどぅ ながぶにだみ ならぬんすや,〈彼が言うのがいいのか、これが言うのがいいのか、どっちについていいか分からない〉,,,,,,,,,,,,,,,,,,,,
1113,1,,なｎき゚るん,,[naŋir-],,(動詞),193,,投げる。,,,,,,,【例】いちぶぐ なんき゚んがしや ‘とぅんき あたるんど。 なんき゚ん なよ,〈石を投げたら人に当たるよ。投げてはいけないよ〉,,,,,,,,,,,,,,,,,,,,
1114,1,,なｎく゚い,,[naŋui],C,(名詞),193,,音。気配。,,,(語源)日本語ナゴリ〈名残〉と同源か。また はナゴエ〈名声〉か。,,,,【例】とぅない なんく゚い きらぬんすや ぬーん あいびかや  ぬび=ない んにてぃ=しー=んに,〈隣の家、人の気配がしないね、何かあったのか、覗いて見てきてごらん〉,,,,,,,,,,,,,,,,,,,,
1115,1,,なぐだ,,[naguda],,(名詞),193,,次男(じなん)。「なが」〈中〉と「すだ」〈兄・年上〉の複合語「ながすだ」の転か。,,,(語源)ナカセザ〈中兄〉 の意。,[nakaseza>nakasoza>naga(h)oda>naguda],,,【例】さくちんか゚ きならぬゆんがら なぐだんか゚どぅ うや んに=ぶる,〈長男がしっかりしていないから、次男が親をみている〉,,,,,,,,,,,,,,,,,,,,
1116,1,,なぐん,,[nag-],A,(動詞),193,,(1)泣く。痛みや悲しみで涙を流す。,,,,,,,【例】あぶたに むったかりてぃ しりし り なぐん,〈母親に叱られてしくしく泣く〉,,,,,,,,,,,,,,,,,,,,
1116,2,,なぐん,,[nag-],A,(動詞),193,,鳴く。鳥、虫、獣などが声を出す。,,,(語源)日本語ナクに対応。,[nak->nag-],,,【例】‘くばはとぅんか゚ なぐん,〈キジバトが鳴く〉,いてぃばん みったんか゚ なてゃん,〈一番鶏が鳴いた〉,,,,,,,,,,,,,,,,,,
1117,1,,なさぎ,,[nasagi],C,(名詞),194,,(1)情け。,,,,,,,【例】 ゆ な ぐ に ぬ   な さ ぎ   い-く と ぅ ば ど ぅ   な さ ぎ   ぬ て ぃ ぬ   ある あいや とぅやい=しゃびら,〈与那国の情けは別れに際して交わす良き言葉にあらわれる。命のある限りはお互いの消息をたずね合いましょう〉,,,,,,,,,,,,,,,,,,,,
1117,2,,なさぎ,,[nasagi],C,(名詞),194,,思いやり。,,,,,,,【例】ぬー うぬ あがみや なんどぅ なさぎ みぬんすや,〈なに、この子はあんまり人情がないね〉,,,,,,,,,,,,,,,,,,,,
1117,3,例文なし,なさぎ,,[nasagi],C,(名詞),194,,好意。,,,(語源)日本語ナサケ〈情 け〉に対応。,[nasake>nasage>nasagi],,,,,,,,,,,,,,,,,,,,,,,,
1118,1,,なだ,,[nada],C,(名詞),194,,(動物)ウナギ。,,,,,,,【例】むたぶるぬ なみとぅにや でぃー むい なだ ぼら うんから どぅんぱにぬ にむとぅに くるちちぬ てんぬ ある か んくんか゚ しみどぅ ぶたる。 うぬ なだんた なち あん なんき゚ とぅ い しゃな=きー はい=ぶたん,〈桃田原の「なみとぅ」(用水池)にはイグサが茂りウナギやボラ、それに尾の付け根に黒い斑点のあるオオクチユゴイがたくさんいた。それらウナギを夏に投げ網で捕って食べるのが楽しかった〉,,,,,,,,,,,,,,,,,,,,
1119,1,,なち,,[naCi],A,(名詞),194,〔季節〕,夏。,,,(語源)日本語ナツ〈夏〉 に対応。,[natu>naci>naCi],(関連用語)あきぬなち〈秋の夏。十月凪を含む最 も長い季節〉,,【例】くとぅちぬ なちや どぅ がんどぅに きりよ,〈今年の夏は体が健康でいろよ(体に気を付けて健康でいろよ)〉,,,,,,,,,,,,,,,,,,,,
1120,1,,なちら,,[naCira],C,(名詞),194,〔植物〕,(1)海人草。マクリ。紀伊半島から台湾までの干潮線下の岩上に産するフジマツモカ科の藻の一種。,,,,,,,【例】 し ゅ ー せ ん ご   ん ま ん=く ま ん   つ り みぬんき ない だまとぅがらん なちら ふさ=きたば どぅなん  ‘とぅまる=ばがいしゃ たらぬんき ない なんよーぬ プラタスんでぃ  んどぅ ちま ないぬ なんさんきばぎん とぅいんでぃ ひー=ぶたん,〈終戦後、至る所で薬がなくなり、日本本土からも海人草を欲しがるようになり、与那国周辺だけでは足りなくなり、南洋のプラタス、現在の南沙諸島にまで採りに行っていた〉,,,,,,,,,,,,,,,,,,,,
1120,2,,なちら,,[naCira],C,(名詞),194,,マクリを煎薬とした回虫駆除薬。,,,(語源)沖縄方言 ナチョー ラ /(0)nacyoora/ に対応。,[natiwara>naci'ara>nacyeera>naCira],,,【例】どぅなん にや んかちがら なちら ばたやぐぬ つーりんでぃ ‘かい=ぶたん,〈与那国では昔から、海人草を回虫の駆除薬として使ってきた〉,,,,,,,,,,,,,,,,,,,,
1121,1,,ななち,,[nanaCi],B,(数詞),195,,(1)七つ。,,,,,,,【例】ななちばぎんや どぅみゃん,〈七つまでは数えた〉,,,,,,,,,,,,,,,,,,,,
1121,2,,ななち,,[nanaCi],B,(数詞),195,,七歳。,,,(語源)日本 語ナナツ〈七つ〉に対応。,,,,【例】さくちや まー ななち なん,〈長男はもう七歳になった〉,,,,,,,,,,,,,,,,,,,,
1122,1,,なば,,[naba],C,(名詞),195,,茸(キノコ)。アダンに生える。,,,(語源)九州方言ナバ〈茸〉に対 応。,,,,【例】あだぬ なばや あらーぐ まーんどー,〈アダンに生えるキノコはとてもおいしいよ〉,,,,,,,,,,,,,,,,,,,,
1123,1,,なびら,,[nabira],C,(名詞),195,,糸瓜(ヘチマ)。,,,(語源)沖縄方言ナー ベー ラー /(0)naabeeraa/ に対応。 ,[nabe'ara>nabeera>nabira],,,【例】んかちや だーぬ みながに なびら-たなんでぃ か てぃてぃ なびら ならし=ぶたる。 たなや なちぬ てぃだんぬ かた が なたん,〈昔は家の庭にヘチマの棚を作って、ヘチマを実らせていた。ヘチマ棚は夏の日陰になった〉,,,,,,,,,,,,,,,,,,,,
1124,1,,なびるんたい,,[nabiruNTai],,(動名詞),195,,滑りやすいこと。,,,,,,,【例】あみ ふいぬ あとぅや あみてぃんか゚ なびるんたい=ぶるゆんがら あいてぃぐりさん,〈雨降りの後は、道が滑りやすいので歩きにくい〉,,,,,,,,,,,,,,,,,,,,
1125,1,,なびんた,,[nabiNTa],,(名詞),195,,焦げ。鍋の煤焼け。,,,,,,,【例】なびちゃし なびんた くさでぃ うとぅい,〈軽石で焦げをこすって落としなさい)〉,,,,,,,,,,,,,,,,,,,,
1126,1,,なびんでぃるん,,[nabiNdir-],,(動詞),195,,嘗める。舐める。,,,,,,,【例】でぃなぬ、なびんでぃんな!,〈汚い、舐めるな!〉, まがいに ある むぬ なびんでぃ はい,〈お茶碗にあるものを全部きれいに食べなさい〉,あし かてぃたや ます なびんでぃり,〈汗を掻いたら塩 をなめなさい〉,うゆびし ます くゎんき゚ なびんでぃるん,〈指で塩をす くってなめる〉,,,,,,,,,,,,,,
1127,1,,なみなみ,,[naminami],A,(副詞),196,,たくさん。満杯。,,,,,,,【例】コッ プんき なみなみ さぎ ちんき゚,〈コップにたっぷりと酒を注ぎなさい〉,なみなみ わる うやんた うとぅだんた あが みんた すー うんか゚まり ふがらさゆー,〈たくさんおいでの親、兄弟、子 供たち、お会いできて嬉しく思います〉,,,,,,,,,,,,,,,,,,
1128,1,,ならぬん,,[naranu-],C,(動詞),196,,(「なるん」の否定形)(1)できない。,,,,,,,【例】んだんか゚ んどぅんにや ならぬんど,〈あなたが言うようには出来ないよ〉,,,,,,,,,,,,,,,,,,,,
1128,2,,ならぬん,,[naranu-],C,(動詞),196,,(動詞の否定形「~ぬとぅ」とともに用いて〈義務〉を表す()~しなければ)ならない。,,,,,,,【例】だーに むぬ ば ちび だんき むどぅらぬとぅ ならぬん,〈家に物を忘れたので、家に戻らないといけない〉,,,,,,,,,,,,,,,,,,,,
1128,3,,ならぬん,,[naranu-],C,(動詞),196,,駄目だ。たまらない。どうしようもない。,,,,,,,【例】すでぃ  きたんてぃん あがみてぃんたんか゚ どぅんぐらし ならぬんすや,〈掃除をしても子供たちが汚すのでたまらない〉,みんぶる とぅった はいつぁり  むぬ かんがい ならぬん,〈頭におできがたくさん出来てどうしようもない〉,,,,,,,,,,,,,,,,,,
1129,1,,ならん,,[naras-],B,(動詞),196,,(1)教える。,,,,,,,【例】あがみんたんき どぅなんむぬい ならん,〈子供たちに与那国方言を教える〉,,,,,,,,,,,,,,,,,,,,
1129,2,,ならん,,[naras-],B,(動詞),196,,(子供を)躾ける。,,,(語源)日本語ナラワス〈習わす〉に対応。,[narawas->nara'as- >naras-],,,【例】あがみ ならしどぅ=ぶる,〈子供を躾けている〉,,,,,,,,,,,,,,,,,,,,
1130,1,,なりるん,,[narir-],,(動詞),196,,慣れる。,,,,,,,【例】あらくらしんき なりるん,〈新しい生活に慣れる〉,だいぐ  しかま なるんど,〈大工仕事に慣れたよ〉,あんか゚ んまや ‘とぅー なり らぬんすや,〈私の馬は人に慣れないね〉,くぬ あがみや ‘とぅ なりきぶ らぬんすや、‘とぅぬみんき すんてぃ あいぎ,〈この子は人慣れしていない ね、人が集まっているところに連れて歩きなさい〉,,,,,,,,,,,,,,
1131,2,,なるん,1,[nar],B,(動詞),196,,生る。実る。実などができる。,,,,,,,【例】まてぃに ばんするんか゚  まーしく ない=ぶん,〈牧場でグアバがたくさんなっている〉,くとぅちや  ちんなや ない=ぶらぬんすや,〈今年はグミがなっていないね〉,,,,,,,,,,,,,,,,,,
1131,3,,なるん,1,[nar],B,(動詞),196,,可能だ。できる。,,,(語源)日本語ナル〈成る〉に対応。,,,,【例】あったばぎんしや なるんがら しば きんな,〈明日までには出来るので心配するな〉,,,,,,,,,,,,,,,,,,,,
1132,1,,なるん,2,[nara-],B,(動詞),197,,学ぶ。教わる。習う。,,,(語源)日本語ナラウ〈習う〉に対応。,[naraw->nara'->nara-],,,【例】しんしがら どぅなんぬ んかちばなし なるん,〈先生から与那国の昔話を習う〉,んでぃむらんとぅんたんか゚ かぐり=ぶ たる ヒャ ンダグダヤに いくつぁぬ ばすぬ はなし ‘てぃー=ならい,〈比川の人たちが避難していたヒャンダグダヤで戦争の時の話を聞いて学ぶ〉,,,,,,,,,,,,,,,,,,
1133,1,,なん,1,[naN],B,(名詞),197,,波。,,,(語源)日本 語ナミ〈波〉に対応。,[nami>naN],(関連用語)なんてぃ〈さざ波〉,,【例】いす どぅい なん むどぅらぬた、ちぎぬ なん うんどぅし  ちぎや、わしき だんでぃるん,〈礒に寄せる波が戻らぬうちに、次の波が押し寄せ続ければ、天気が悪くなる。(『与那国のことわざ』より)〉,,,,,,,,,,,,,,,,,,,,
1134,1,例文なし,なん,2,[naN],C,(名詞),198,〔植物〕,茄子(ナス)。,,,(語源)日本語ナスビ〈茄子〉に対応。,[nasubi>naNN>naN],,,,,,,,,,,,,,,,,,,,,,,,
1135,1,,なん,3,[nas-],B,(動詞),198,,(子供を)産む。,,,(語源)日本語ナス〈生す〉に対応。,[nas-],,,【例】あてぃんか゚ びんがあがみ なしゃん,〈姉が男の子を産んだ〉,はっとぅんか゚ かいんく゚ なん,〈鳥が卵を産む〉,,,,,,,,,,,,,,,,,,
1136,1,,なんく,,[naNKu],C,(名詞),198,,南瓜(カボチャ)。,,,(語源)日本語ナンクヮ〈南 瓜〉の転か。,[naNkwa>naNko>naNKo>naNKu],,,【例】なんくや んぶしてぃ はいんか゚しゃ まーてぃ  まーん,〈南瓜は蒸して食べるととてもおいしいよ〉,,,,,,,,,,,,,,,,,,,,
1137,1,,なんだぐち,,[naNdaguCi],,(名詞),198,,竿(さお)。カンザンチクの物干し竿。,,,,,,,【例】だいみょーだぎや すーさびてぃ  くゎーんがら なんだぐちぬ ふがにん かやだぬ ちんぷるんきん どぅ がんきん ‘かい たくぬ ふにんきん、たがさんきん ‘かい=ぶたん,〈カンザンチクは強くて堅いので、物干し竿のほかに茅葺き家の屋根にも床にも使い、凧の骨にも、竹馬にも使っていた〉,,,,,,,,,,,,,,,,,,,,
1138,1,例文なし,なんたなが,,[naNTanaga],,(名詞),198,,波多(ナンタ)港(現祖納港)。,,,,,,,,,,,,,,,,,,,,,,,,,,,,
1139,1,,なんち,,[naNCi],C,(名詞),198,〔植物〕,桑(クワ)。シマグワを指す。,〔同〕はぬてぃ、くゎーぎ、くゎーぬ=きー(文化的・民俗学的背景)神が降臨しやすい木、また「きでぃむぬ(妖怪)」が棲む木とされ、魔除けになるといわれる。タンスなど指物に適し、馬や牛の鞍、「うぶか゚い(馬の面をはさむ二本の木片。おもがい)」、牛のきばな、三線の竿、くさびなどにもよく使われる。虫歯で痛い時、若芽をすりつぶして虫歯の穴に詰める。方言名「はぬてぃ」の由来。,,,,,,【例】なんちぬ はや かいく ‘かない ないや さぎんき ‘きーんたり、あがみてぃんたんか゚ とぅい はい=ぶたんか゚ きーや どぅがぬ ひらん たんき ‘かたん,〈桑の葉は蚕の餌にして、実は酒に漬けたり、子供が採って食べたりしていたが、材は床柱などに使った〉,,,,,,,,,,,,,,,,,,,,
1140,1,,なんてぃ,,[naNTi],,(名詞),199,,杵(きね)。〈稲搗き〉の意。中央がくびれて両端で搗く形の杵。精米や、魚を搗いてかまぼこを作るのに使う。デイゴの木で作った。,,,(語源)八重山方言イナチゥ キゥ /inacïkï/ に対応。,[inaduki>Nnazici>naNTi],(関連用語)つぁんき゚-かば〈柄が付いている杵。精げ杵。餅を搗くときに使う〉,,【例】まいや なん てぃし つぁんき゚るん,〈米は杵で精(しら)げる〉,なんてぃし むてぃぬく  ばいんたり、むん んに つぁんき゚る ばすや うちぬ すばに かでぃら  ‘くいてぃ とぅばぬんに つぁんき゚=ぶたる,〈杵で餅の粉を割ったり、麦や米 を精げるときは臼のまわりにとばないよう囲いをつくってついていた〉,,,,,,,,,,,,,,,,,,
1141,1,,なんどぅ,,[naNdu],,(副詞),199,,あまり。それほど。,,,,,,,【例】くどぅや なんどぅ いー=くとぅんか゚ みぬたん,〈去年はあまりいいことがなかった〉,,,,,,,,,,,,,,,,,,,,
1142,1,,なんぬ=はな,,[naNnuhana],B,(名詞),199,,波の花。水面に立つ泡をいう。,,,,,,,【例】 な ん ぬ=は な   さ て ぃ   う ん な が   ‘ たたらい,〈波の花が咲いて海が荒れている〉,,,,,,,,,,,,,,,,,,,,
1143,1,,〜に,,[ni],,(助詞),199,,~に。~で。場所を表す格助詞。,,,,,,,【例】かぬ さぎや ちむにやにどぅ ある ,〈あの酒は台所にある〉,うんながに うでぃ あんぶん,〈海で泳いで遊ぶ〉,むちに いらりるん,〈虫に刺される〉,,,,,,,,,,,,,,,,
1144,1,,にー,,[ni],B,(名詞),199,,荷物。,,,(語源)日本語ニ〈荷〉に対応。,,,(文化的・民俗学的背景)稲、芋、薪をよく 牛馬に付けた。,【例】んまんき うぬ にー うし=とぅらい,〈馬にこの荷を負わせてくれ〉,,,,,,,,,,,,,,,,,,,,
1145,1,,にぐらん,,[niguraN],,(形容詞),199,,恐ろしい。,,,,,,,【例】までぃむぬぬ はなしや にぐらんすや,〈お化けの話は恐ろしい〉,かぬとぅや くんどぅぐらしんか゚しや にぐらんど,〈あの人を怒ら せたら恐いよ〉,,,,,,,,,,,,,,,,,,
1146,1,,にだむてぃなし,,[nidamuTinasi],,(名詞),199,,内輪でする結婚式。,,,,,,,【例】にだむてぃなしぬ ちー きみるん,〈結婚式の日取りを決める〉,,,,,,,,,,,,,,,,,,,,
1147,1,,にち,,[niCi],A,(名詞),200,,北。,,,(語源)日本語ニシ〈西〉に対応。,[nisi>niCi],,(文化的・民俗学的背景) 船乗りたちの訓(おし)え。「ちちやてぃ」は、海面から五、六メー トルくらい に現れる。きれいな半円の虹は「あみぬみゃ」という。,【例】にちんき ちちやてぃ んでぃんか゚しや わしき だんでぃ うん なが ありるん,〈北に虹が出ると天気が崩れ、海が荒れる。『与那国のことわざ』より〉,,,,,,,,,,,,,,,,,,,,
1148,1,,にち-かでぃ,,[niCikadi],A,(名詞),200,,北風。,,,(語源)日本語ニシカゼ〈西風〉に対応。,[nisikaze>niCika di],,,【例】かんるぬ してぃぬ ついまいや にち-かでぃ すさるゆんが ら んにむてぃや どぅだん きんな,〈寒露の節季の前後は北風が強いから船持ちは油断するな〉,,,,,,,,,,,,,,,,,,,,
1149,1,,にでぃ,,[nidi],A,(名詞),200,,右。,,,(語源)日本語ミギリ〈右〉に対応。,[migiri>nizii>nidi],,,【例】んだい にでぃぬ うやんた うとぅだんた すー うんか゚まり  ふがらさ,〈左、右の先輩方、兄弟たち、今日拝むことができて嬉しいです(挨拶の表現)〉,,,,,,,,,,,,,,,,,,,,
1150,1,,にでぃるん,,[nidir-],,(動詞),200,,ねじる。つねる。,,,,,,,【例】ぎー=きらぬんか゚しゃ むむ にでぃるんどー,〈言うことを聞かないと腿をつねるぞ〉,,,,,,,,,,,,,,,,,,,,
1151,1,,にばり,,[nibari],,(名詞),200,,根。〈根張り〉の意。,,,,,,,【例】きぬないや にばりんきどぅ うってぃる,〈木の実は根元に落ちる(困ったとき最後は親戚の所に相談に来る)〉,,,,,,,,,,,,,,,,,,,,
1152,1,,にぶ,,[nibu],C,(名詞),200,,柄杓(ひしゃく)。柄の付いた「さい」と異なり、ユウガオの実やビロウの葉など、一つのもので出来ている。,,,(語源)沖縄方言ニー ブ /nii bu/ に対応。,,,,【例】はんどぅ=かみんた いち=たらいん たがら みん んむんでぃや くばぬ はし ‘くゎる にぶどぅ ‘かい=ぶたる,〈「はんどぅ=かみ,〈」流しの口の大きな水瓶〉や石たらいから水を汲む にはビロウの葉で作った「にぶ」を使っていた〉,,,,,,,,,,,,,,,,,,,
1153,1,,にぶとぅ,,[nibuTu],C,(名詞),201,,腫(は)れ物。できもの。おでき。芯がある。,,,(語源)日本語ネブト〈根太〉に対応。,,,,【例】にぶとぅ あやし,〈おできを潰す(おできの芯を出す)〉,,,,,,,,,,,,,,,,,,,,
1154,1,,にりうぎ,,[niri'ugi],,(名詞),201,,漆塗(うるしぬ)り。,,,,,,,【例】にりうぎ どぅばぐ,〈漆塗りの重箱〉,,,,,,,,,,,,,,,,,,,,
1155,1,,にるん,,[nir-],A,(動詞),201,,煮(に)る。,,,(語源)日本語ニル〈煮る〉に対応。,[ni->nir-],,,【例】うぶに にーんだんぎ,〈大根を煮よう〉,いゆ にゃーる=むぬ,〈魚を煮たもの。煮付け〉,,,,,,,,,,,,,,,,,,
1156,1,,にんさん,,[niNsaN],A,(形容詞),201,,遅い。,,,(語源)日本語ニブイ〈鈍い〉に対応。 ,[nibusaN>niNsaN],,,【例】どぅびや にんさぐ くたなー?(にんさぐ なるたなー?),〈昨晩は遅くなるまで(いたの)か?〉,にんさどぅ ありゃ んだ まー ひ り,〈遅いからおまえはもう帰りなさい〉,,,,,,,,,,,,,,,,,,
1157,1,,にんたん,,[niNTaN],A,(形容詞),201,,眠たい。,,,(語源)日本語ネブタイ〈眠 たい〉に対応。,[neburitasaN>neNTahaN>niNTaN],,,【例】あらーぐ にんたぬ,〈とても眠たい〉,,,,,,,,,,,,,,,,,,,,
1158,1,,にんでぃ,,[niNdi],,(名詞),201,,寝ること。居眠り。「にんどぅん」〈眠る〉の連用形の名詞に転じたもの。,,,(語源)日本語ネブリ〈眠り〉に対応。,[nebur i>neNdi>niNdi],,,【例】 ばーりどぅ わるさ。 いび つまにんでぃ きー=わり はい,〈お疲れでしょう。少し昼寝でもなさったら〉,,,,,,,,,,,,,,,,,,,,
1159,1,,にんどぅん,,[niNd-],A,(動詞),201,,寝る。眠る。,,,(語源)日本語ネブル〈眠る〉に対応。,[nebur->neNd->niNd-],,,【例】うどぅ かんでぃ にんどぅん,〈布団を被って寝る〉,は なぶてぃ きーだたな にんでぃ=ぶんすやー,〈いびきをかいて眠っている〉 ,あがみんか゚ ‘とぅーん にんだぬん,〈子供がちっとも眠らない〉,かぬ  あがみや までぃ ちなさび、はやぐ にんどぅてぃら,〈あの子供はまだ幼 いので、早く寝るのだろう〉,かちまさるた さんさんか゚ なてぃ ‘とぅむ てぃばぎん にんだにぬん,〈セミの鳴き声で朝まで眠れない〉,んだや　だぎどぅ=ぶりゃ　うんに　あんび=ぶらぬんき　にんでぃ,〈お前は発熱しているんだからこんなに遊んでいないで寝なさい〉,,,,,,,,,,
1160,1,,,,,,,202,,,,,,,,,,,,,,,,,,,,,,,,,,,,,,
1161,1,,ぬいみ,,[nuimi],C,(名詞),202,,縫い目。縫い糸。,,,(語源)日本語ヌイメに対応。,[*noime>nuimi],,,【例】ぬいみんか゚ あらんすや,〈縫い目が粗いね〉,,,,,,,,,,,,,,,,,,,,
1162,1,,ぬー,1,[nu],B,(名詞),202,,野(の)。,,,(語源)日本語ノ〈野〉に対応。,[no>nu],,,【例】ぬーに んまんきゃる うち さらいよ,〈野につないでいる牛、移動しなさいよ〉,,,,,,,,,,,,,,,,,,,,
1163,1,,ぬー,2,[nu],C,(疑問詞),202,,物事を指す疑問の代名詞。(1)何。/,,,,,,,【例】うや ぬーや?,〈それは何だ?〉,,ぬーあるばんしくん=きーんだい〈何であっても(いいから)準備して出しなさい。〔不意の来客があった場合など〕〉/んぬやぬーきー=わたんか゚?〈昨日は何をなさいましたか?〉/ぬーかやんぬんすーんぬくさんか゚〈何だろう、昨日も今日も暖かいが〉,,,,,,,,,,,,,,,,,,
1163,2,,ぬー,2,[nu],C,(疑問詞),202,,どれ。,,,(語源)沖縄方言ヌー /(0)nuu/〈何〉に対応。,[nawo>na'o>noo>nu],,,【例】 う や   ぬ ん か゚ ば   い っ てぃん まちかや,〈それはどれが一番良いだろうか?〉,,,,,,,,,,,,,,,,,,,,
1164,1,例文なし,ぬがん,,[nugaN],,(名詞),202,,糠(ぬか)。(関連用語)ぬがんす〈糠味噌〉,,,,,,,,,,,,,,,,,,,,,,,,,,,,
1165,1,,ぬｎき゚るん,,[nuŋir-],,(動詞),202,,(1)抜ける。,,,,,,,【例】あぬや んだ ふんがら ぬんき゚るん,〈私はあなたの組から抜ける〉,たや ぬんき゚,〈力が抜けた〉,,,,,,,,,,,,,,,,,,
1165,2,例文なし,ぬｎき゚るん,,[nuŋir-],,(動詞),202,,(釘などを)抜く。3(帳簿から)抹消する。,,,,,,,,,,,,,,,,,,,,,,,,,,,,
1166,1,,ぬくさん,,[nuKusaN],,(形容詞),202,,温かい。暖かい。,,,(語源)日本語ヌクイ〈温い〉に対応。,[nu kusaN>nuKusaN],,,【例】うぬ んなにや あらーぐ ぬくさん,〈この着物は大変温かい〉,くとぅちぬ ふゆや ぬくいぬくいどぅ ぶんすや,〈今年の冬 はぬくぬくとしているね(暖冬だね)〉,,,,,,,,,,,,,,,,,,
1167,1,,ぬぐしてぃ,,[nugusiTi],C,(疑問詞),202,,どうやって。どのようにして。,,,,,,,【例】 う み   と ぅ ん で ぃ=ぶ る   ま る む ぬ や  ぬぐしてぃば しくん=きゃんか゚?,〈ここに出ているご馳走はどのようにして支度をしたの?〉,,,,,,,,,,,,,,,,,,,,
1168,1,,ぬぐでぃ,,[nugudi],B,(名詞),203,,鋸(のこぎり)。,,,(語源)日本語ノコギリ〈鋸〉に対応。,[nokogiri>nogozii>nugudi],(関連用語)ちまぬぐでぃ〈横鋸〉/だいぐ=ぬぐでぃ〈大工用の鋸〉/だまぬぐでぃ〈山鋸。山で木を伐採するのに用いる〉/ゆくひき〈横引き〉/くびき=ぬぐ でぃ〈木挽き鋸〉,,【例】ぬぐでぃし きー ばぐん,〈のこぎりで木を挽く〉,ぬ ぐでぃぬ みー たてぃるん,〈のこぎりの目を立てる(すり減った歯を鋭くす る)〉,,,,,,,,,,,,,,,,,,
1169,1,,ぬぐむん,,[nugum-],B,(動詞),203,,温まる。暖まる。,,,(語源)日本語ヌクム〈温む〉に対応。 ,[nukum->nugum-],,,【例】かまどぅぬ ちーし ぬぐみ,〈かまどの火で温まりなさい〉,ちーし ぬぐむん,〈火で温まる〉,,,,,,,,,,,,,,,,,,
1170,1,,ぬしとぅ,,[nusiTu],B,(名詞),203,,泥棒。,,,(語源)日本語ヌスッ ト〈盗人〉に対応。,[*nosuto>nosito>nusiTu],,,【例】はまぬ ちなんか゚ ちんぎりるとぅん ぬしとぅぬ たにや ち んぎらぬん,〈浜の砂が尽きるとも、泥棒の種は尽きない〉,,,,,,,,,,,,,,,,,,,,
1171,1,,ぬしるん,,[nusir-],A,(動詞),203,,(1)乗せる。,,,,,,,【例】あがみ んにんき ぬしるん,〈子供を舟に乗せる〉,あぬ  んだ くるまんき ぬしみ=とぅらし=わり,〈私をあなたの車に乗せてくだ さい〉,,,,,,,,,,,,,,,,,,
1171,2,,ぬしるん,,[nusir-],A,(動詞),203,,載せる。上に置く。,,,,,,,【例】にー たなぬ ういんき ぬし,〈荷物を棚の上に載せる〉,,,,,,,,,,,,,,,,,,,,
1171,3,,ぬしるん,,[nusir-],A,(動詞),203,,だます。口車にのせる。,,,,,,,【例】‘とぅーぬ ‘てぃーに ぬ しらり,〈他人の口車に乗せられる(だまされる)〉,,,,,,,,,,,,,,,,,,,,
1172,1,,ぬだ,,[nuda],B,(名詞),203,,涙(なみだ)。目から出る液体。,,,(語源)日本 語ナミダ〈涙〉に対応。,[namida>nauda>nooda>nuda],,,【例】だんさりゃん しゃなりゃん ぬだ ん だしどぅ=きるどー(んでぃ=くんどー),〈悲しくてもうれしくても涙が出てくるよ〉,ぬだ んでぃるた ばらい,〈涙が出るほど笑った〉,,,,,,,,,,,,,,,,,,
1173,1,,ぬちむん,,[nuCim-],B,(動詞),203,,盗む。人の物を取る。,,,(語源)日本語ヌスム〈盗む〉に対応。,[*nosum->nosim- >nuCim-],,,【例】きゃー=とぅないぬ まゆんか゚ いゆ ぬちみゃ ん,〈隣の猫が魚を盗んだ〉, ‘とぅぬ むぬ ぬちまぬ=くとぅ,〈他人の 物を盗まないこと〉,,,,,,,,,,,,,,,,,,
1174,1,,ぬってぃ　きりるた,,[nuTi+kiruruTa],,(連語),203,,一生懸命。命のかぎり。,,,,,,,【例】ぬってぃ きりるた、かりんか゚ くとぅや きー= とぅらし=ぶんか゚、かりや ぬんでぃ うまぬん,〈一生懸命、彼の事をしてあげているのに、彼はなんとも思わない〉,,,,,,,,,,,,,,,,,,,,
1175,1,,ぬてぃ,1,[nuTi],B,(名詞),204,,命。,,,(語源)日本語イノチ〈命〉に対応。,[inoti>Nnoci>NnoTi>nuTi],,,【例】ぬてぃ かでぃり しかま きりよ,〈命かけて仕事しなさい〉,ぬ てぃなー あやんか゚らし=たばらみ=とぅらし=わりよ,〈長命にあやからせ てください〉,,,,,,,,,,,,,,,,,,
1176,1,,ぬてぃ,2,[nuTi], ,(名詞),204,,織物の横糸。,〔対〕かし〈縦糸〉,,,,,,【例】ぬぬぬ あびゃんすや ぬてぃがら,〈布の美しいのは横糸から〉,,,,,,,,,,,,,,,,,,,,
1177,1,,ぬぬ,,[nunu],A,(名詞),204,,布。,,,(語源)日本語ヌノに対応。,[*nono>nunu],,,【例】ぬぬ うい,〈布を織る〉,,,,,,,,,,,,,,,,,,,,
1178,1,,ぬび,1,[nubi],A,(名詞),204,,坂。,,,(語源)日本語ノボリ〈登り〉に対応。,[nobori>noboi >nubui>nubi],,,【例】ダンヌ ぬびや すさどぅ ある,〈ダンヌの坂は急だ〉, ムティ ダ ナぬ あんか゚ばたぬ ぬびや うり=ぬい ばーりどぅ=きる,〈松村家の東 の坂は上り下りに疲れる〉,,,,,,,,,,,,,,,,,,
1179,1,,ぬび,2,[nubi],C,(名詞),204,,首。日本語ノドブエ〈喉笛〉の転か。,,,(語源)〈喉笛〉に対応 するか。,[nodobuye>noboe>nubui>nubi],,,【例】ぬび みんく゚らし,〈首を回す〉,とぅ ないぬ あさ ぬんに わるかやんでぃ ぬび ない んによー,〈隣のおじ いさんはどんなご様子か、首を入れて確認しなさいよ〉,,,,,,,,,,,,,,,,,,
1180,1,,ぬみみん-かみ,,[numimiNkami], ,(名詞),204,,飲料水、天水、淡水用の水瓶。,,,,,,,【例】うみ　いちぶぐ　なんき゚　あんびんか゚しや　ぬみみん-かみ　ばるんど,〈ここで石を投げて遊んだら水瓶を割るぞ〉,,,,,,,,,,,,,,,,,,,,
1182,1,,ぬりるん,,[nurir-],,(動詞),205,,濁(にご)る。透明でなくなる。,,,(語源)沖縄方言ミングィ ユン /(0)miNgwiyuN/〈濁る〉に対応。,[migure->ni'ure(r)->nyurer->nurir-],,,【例】みん ぬり,〈水が濁る〉,かー ぬりる た うぶあみ ふい,〈川が濁るほど大雨が降った〉,,,,,,,,,,,,,,,,,,
1183,1,,ぬるん,1,[nur-],A,(動詞),205,,〔他〕(~を)塗る。,,,(語源)日本語ヌル〈塗る〉に対応。,,,,【例】だーぬ くびんき ペンキ ぬいんだぎ,〈家の壁にペンキを塗ろう〉,,,,,,,,,,,,,,,,,,,,
1184,1,,ぬるん,2,[nur-],A,(動詞),205,,(1)上る。,,,,,,,【例】だーぬ ちんぷるんき ぬんな。 うどぅぶさんどー,〈屋根に上るな。危ないよ〉,,,,,,,,,,,,,,,,,,,,
1184,2,,ぬるん,2,[nur-],A,(動詞),205,,登る。,,,(語源)日本語ノボル〈上る〉に対応。,[nobor->nowor->no'or->nur-],,,【例】なちぬ つぁば ちらびんでぃ だまん き ぬろ,〈夏の植物を調べに山に登ろう〉,,,,,,,,,,,,,,,,,,,,
1185,1,,ぬるん,3,[nur-],A,(動詞),206,,乗り物などに乗る。,,,,,,,【例】あがみんたや あったぬ んにんきや ぬらぬんどー,〈子供たちは明日の船には乗らないよ〉,,,,,,,,,,,,,,,,,,,,
1186,1,,ぬるん,4,[nur-], ,(動詞),206,,(1)直る。,,,,,,,【例】 わ し き   ぬ い=ひ り よ ー ,〈天気直っていけよ(良くなれよ)〉,,,,,,,,,,,,,,,,,,,,
1186,2,,ぬるん,4,[nur-], ,(動詞),206,,治る。,,,(語源)日本語ナオル〈直る〉に対応。,[nawor->na'or->noor->nur-],,,【例】うぬ だみや うてぃかたな きー ぶぶ きたや ぬるん どー,〈この病気はカミソリを当てて瀉血すると治るよ〉,,,,,,,,,,,,,,,,,,,,
1188,1,,ぬん,1,[nuN],B,(名詞),206,,鑿(のみ)。,,,(語源)日本語ノミ〈鑿〉に対応。,[nomi>noN>nuN],(関連用語)いち ぬん〈石鑿(いしのみ)。石を彫刻するのに用いる硬い鑿(のみ)〉,,【例】ぬんし くまんき あなんぷ あぎり,〈鑿でここに穴を開けなさい〉,,,,,,,,,,,,,,,,,,,,
1189,1,,ぬん,2,[nuN],C,(名詞),206,〔虫〕,蚤(ノミ)。,,,(語源)日本語ノミ〈蚤〉に対応。,[nomi>noN>nuN],,,【例】ぬん はいつぁり,〈ノミがたかっている〉,,,,,,,,,,,,,,,,,,,,
1190,1,,ぬん,3,[nu-],B,(動詞),206,,(1)縫(ぬ)う。,,,,,,,【例】だびに かんどぅ ぬぬや まー ぬゎな?,〈葬式で被る布はもう縫ったか?〉,,,,,,,,,,,,,,,,,,,,
1190,2,,ぬん,3,[nu-],B,(動詞),206,,綯(な)う。,,,(語源)日本語ヌウ〈縫う〉 に対応。,[nuw->nu'->nu-],,,【例】んな のう,〈縄をなおう〉,ん な ぬい とぅらしわりよ,〈縄をなってくださいね〉,,,,,,,,,,,,,,,,,,
1191,1,,ぬん,4,[nus-],B,(動詞),207,,(1)直す。修理する。元通りにする。,,,,,,,【例】 あ み   む り=ぶ る=ど ぅ ぐ る   ぬ しゃん,〈雨漏りしているところを直した〉,まんく゚んか゚ すたば ちむ ぬし  しゃな=きー=ぶんさい,〈孫が来たから機嫌を直し喜んでいるよ〉,,,,,,,,,,,,,,,,,,
1191,2,,ぬん,4,[nus-],B,(動詞),207,,治す。病気やケガから回復させる。,,,(語源)日本語ナ オスに対応。,[nawos->na'os->noos->nus-],,,【例】だみ ぬし,〈病気を治す〉,,,,,,,,,,,,,,,,,,,,
1192,1,,ぬん,5,[nu-], ,(動詞),207,,伸びる。,,,,,,,【例】うんに はいぐ たぎ ぬい,〈急に背が伸びたね〉ぬんかまるん[nuNKamar-](動詞)喉にものが引っかかる。,【例】いゆぬ ふに ぬんかまいてぃ いさぬやんき ひたる=くとぅ あいどぅ=ぶる,〈魚の骨が喉に引っかかって医院に行ったことがあるんだ〉,,,,,,,,,,,,,,,,,,
1193,1,,ぬんでぃ,,[nuNdi],C,(疑問詞),207,,なぜ。どうして。「ぬー〈」何〉に「~んでぃ〈」~のために〉が付いた形か。に対応するか。,,,,,,,【例】 ぬんでぃや たいぐ たいぐんでぃ んどぅんすや?,〈なぜ早く早くと急き立てるの?〉,ぬんでぃ なてぃ=ぶんか゚? ぬー きびや?,〈どうして泣 いているの? 何をしたの?〉(語源,〈)何して〉,,,,,,,,,,,,,,,,,
1194,1,,ぬんに,,[nuNni],C,(疑問詞),207,,どのように。「ぬー」〈何〉に「~んに」〈~のように〉が付いた形。,,,,,,,【例】んだや  いやんか゚ んたる=くとぅ ぬんに うむい=ぶんか゚?,〈お前はお父さんが言ったことをどのように思っているの?〉,,,,,,,,,,,,,,,,,,,,
1195,1,,ぬんにてぃ,,[nuNniTi],C,(疑問詞),207,,どうやって。どのようにして。「ぬんに」に「~てぃ」〈して〉が付いた形。,,,,,,,【例】 つまどぅぎぬ かてぃむぬ まーたんすや ぬんにてぃ ‘くたんか゚?,〈昼食のおかずとてもおいしかったね、どうやって作ったの?〉,,,,,,,,,,,,,,,,,,,,
1196,1,,〜ば,,[ba],,(接辞),207,,~ので。~たら。条件形を作る接辞。,,,,,,,【例】すでぃ きたば、だー あだぎさ ない あびゃんすや,〈掃除したので、座敷がさっぱりしてきれいなことよ〉,,,,,,,,,,,,,,,,,,,,
1197,1,,はー,1,[ha],A,(名詞),208,,葉。植物の栄養器官の一つ。(文化的・民俗学的背景)500年余前の朝鮮人の漂流記『李朝実録』に「くばぬ葉餅」の記述がある,,,,,,,【例】くばぬは むてぃや みゃーる んかちが ら ‘くらり=ぶたんか゚えー,〈クバの葉で包んだ餅は遠い昔から作られていたんだね〉,ちばてぃぬ はぬ てんぷら だてぃ むてぃ=しんに,〈ヒハ ツモドキのてんぷらを揚げて持ってきて〉,,,,,,,,,,,,,,,,,,
1198,1,,はー,2,[ha],B,(名詞),208,,(1)人や動物などの歯。,,,,,,,【例】はー だみ むぬ うまにぬん,〈歯が痛くてものが考えられない(たまらない)〉,はー ぬでぃてぃ=すん,〈歯を抜いてきた〉,,,,,,,,,,,,,,,,,,
1198,2,,はー,2,[ha],B,(名詞),208,,下駄や櫛などの歯。,,,(語源)日本語ハ〈歯〉に対応。,[pa>ha],,,【例】あちだぬ はー ぬんき゚=みぬんすや,〈下駄の歯が抜けてしまったよ〉,,,,,,,,,,,,,,,,,,,,
1199,1,例文なし,ばー,,[ba],,(代名詞),208,,私。私たち。単独では用いず、「ばや」〈私の家〉、「ばんた」〈私たち〉、「ばーはが」〈私たちの墓〉のように他の要素とともに用いる。,,,,,,,,,,,,,,,,,,,,,,,,,,,,
1200,1,,ばーりるん,,[barir-],C,(動詞),208,,疲(つか)れる。,,,(語源) 本土方言オガレルに対応。,[wogare->bo'are(r)->barer->barir],,,【例】すーや あらぐ ばり,〈今日はとても疲れた〉,ばーり てぃ にんでぃ=わんなよー,〈疲れて居眠りなさらにでくださいね〉,,,,,,,,,,,,,,,,,,
1201,1,,はい,1,[hai],A,(名詞),208,〔虫〕,蝿(ハエ)。,,,(語源)日本語ハエ〈蝿〉に対応。,[*pai>hai],,,【例】はい=うてぃむぬ むってぃ=こー。 はい ぶんたい=ならぬん,〈ハエタタキを持ってこい。蝿が群がってならない〉,はいむぬ んき はいどぅ とぅまい=ぶるんでゃー,〈食べ物に蝿が止まっているん だよ〉,,,,,,,,,,,,,,,,,,
1202,1,,はい,2,[hai],B,(名詞),208,,南。,,,(語源)西日本方言ハエ〈南風〉に対応。,,,,【例】だーや はいばらんき とぅんかし ‘くるんすどぅ んさんでぃ  ある,〈家は南向きに造るのがよいとしている〉,んかちや んでぃむらん  ‘とぅんたんか゚ はいどぅなん きーんでぃ ちまがら とぅんでぃ ひーんでぃ んどぅんさい,〈昔は比川村の人たちが、南与那国を目指して島抜けしたそうだ〉,,,,,,,,,,,,,,,,,,
1203,1,,はい,3,[hai],C,(名詞),209,,針(はり)。,,,(語源)日本語ハリ〈針〉に対応。,[pari>hai],,,【例】ぬぬんき はい つぁみ,〈布に針を刺しなさい〉,,,,,,,,,,,,,,,,,,,,
1204,1,,ばい,,[bai],B,(名詞),209,,芽。,,,,,,,【例】はがら うんてぃ きらぬゆんがら うんてぃぬ ばい とぅん でぃ=しー=ぶんそ,〈丁寧に芋を耕さないから(残った)芋の芽が出てきているぞ〉(関連用語)きぬばい,〈木の芽〉,,,,,,,,,,,,,,,,,,,
1205,1,,はい-かでぃ,,[haikadi],B,(名詞),209,,南風。の祈り言葉。南風が吹いたら、北の畦を枕にするように、稲をたわわに実らせてください。,,,,,,,【例】はい-かでぃ ‘くん,〈南風が吹く〉,はい-かでぃ ‘てぃーんか゚ しや にちぬ あぶち まぐら,〈南風が吹いたら北の畦が枕〉,はい-かでぃ  ‘てぃ うるぎさんすや すーや,〈南風が吹いて涼しいね。今日は〉(文化的・ 民俗学的背景),〈種取り〉,,,,,,,,,,,,,,,
1206,1,,はいだま,,[haidama],A,(名詞),209,,食いしん坊。大食い。,,,(語源)八重山方言ファ イダマ /Faidama/〈食いしん坊〉に対応。,,,,【例】うとぅんか゚いに ある あだや はいだま あだ んでぃどぅ んだり=ぶたる,〈あごにあるほくろは食いしん坊の印といわれていた〉,,,,,,,,,,,,,,,,,,,,
1207,1,,はいつぁりるん,,[haiCarir-],,(動詞),209,,群(むら)がる。,,,,,,,【例】つぁん はいつぁり,〈シラミが群がっている(いっぱい)〉,,,,,,,,,,,,,,,,,,,,
1208,1,,はいむぬ,,[haimunu],A,(名詞),209,,〈食らい物〉の意。(1)食べ物。食糧。,,,,,,,【例】たーびぬ はいむぬや しくん きゃな?,〈田植えの食べ物は準備したか?〉,,,,,,,,,,,,,,,,,,,,
1208,2,,はいむぬ,,[haimunu],A,(名詞),209,,牛や馬などの餌。,,,(語源)沖縄方言クェー ムン /(1)kweemuN/ に対応。,[kurawimono >hura'imono>haimono>haimunu],,,【例】うち=んまぬ はいむぬ したぐいきりゃどう なる,〈牛馬の餌を用意しなければならない〉,,,,,,,,,,,,,,,,,,,,
1209,1,,はが,,[haga],A,(名詞),209,,墓。大型のものが多い。,,,(語源)日本語ハカ〈墓〉に対応。,[paka>haga],,,【例】にんばら=んに=きー はが うぶさる どぅぐるや ふがに みぬんでぃどー,〈北浦野のように、墓が多いところは他にないというよ〉,,,,,,,,,,,,,,,,,,,,
1210,1,,〜ばがい,,[bagai],C,(助詞),210,,~ばかり。~だけ。限度・程度を表す。,,,(語源)日本語バカリに対応。,[bakari>bagai],,,【例】さぎ=ばがい ぬみ=ぶる,〈酒ばかり飲んでいる〉,あんびてぃ=ばがいどぅ ぶる,〈毎日遊んでばかりい る〉,,,,,,,,,,,,,,,,,,
1211,1,,ぱｎか゚い,,[Paŋai],A,(名詞),210,,鍬(くわ)。,,,(語源)日本語ク ワ〈鍬〉に対応。,[*kuwagai>h(u)paŋai>Paŋai],,,【例】ぱんか゚い かたみてぃ うんてぃ きしんでぃ ひー=ぶた ん,〈鍬を担いで芋を掘りに行っていた〉,ぱんか゚い どぅいや てぃぐてぃ=きーしどぅ ‘くゎる,〈鍬の柄はシャ リンバイの木で作る〉,,,,,,,,,,,,,,,,,,
1212,1,,ばが=うるむ,,[baga+urumu], C+B,(名詞),210,〔季節〕,初春。(文化的・民俗学的背景)「むでぃ」はねじれることを指す。茎をまっすぐ伸ばし、淡紅色の小さな華がねじれるように並んで咲く。,,,,,,,【例】んかち ‘とぅんたや あんか゚いさてぃんたに むでぃむでぃばなんか゚ さぐんす んにてぃどぅ ばがうるむ なんでぃ んでぃ=わたる,〈昔の人たちは東崎などでナンゴクネジバナが咲くのを見て初春になったと言っていらした〉,,,,,,,,,,,,,,,,,,,,
1213,1,,ばがさん,,[bagasaN],,(形容詞),210,,おかしい。,,,,,,,【例】んだ はなしや きんぐいに=きー ばがさんすや,〈君の話は狂言のようにおかしいね〉,,,,,,,,,,,,,,,,,,,,
1214,1,例文なし,ばがどぅりんたい,,[bagaduriNTai],,(動名詞),210,,野菜が青々としていること。,,,,,,,,,,,,,,,,,,,,,,,,,,,,
1215,1,,ばがなち,,[baganaCi],,(名詞),210,〔季節〕,初夏。旧暦四・五月頃〈若夏〉の意。,,,(語源)ワカナツ〈若夏〉の意。,,,,【例】うりじみぬ ばがなちや なりようりば,〈陽春の若夏の季節になっていたので(与那国民謡「かみんぐばたぶし」より)〉,,,,,,,,,,,,,,,,,,,,
1216,1,,はがま,,[hagama],,(名詞),210,,袴(はかま)。,,,,,,,【例】うぬ はがま ちー=んに=んに,〈この袴を穿(は)いてみてごらん〉,,,,,,,,,,,,,,,,,,,,
1217,1,,ばがむぬ,,[bagamunu],B,(名詞),211,,若者。青年。,,,,,,,【例】ばんたや ういとぅどう あんさい。 ばがむぬとぅ ま どぅんでぃや ならぬんさい,〈私たちは老人だろう。若者と一緒とはならないだろう〉,ばがむぬ あちみ=くぬとぅ くがらてぃ しかまや きら にぬん,〈若者を集めてこないと、これだけの仕事はできない〉,,,,,,,,,,,,,,,,,,
1218,1,,はがら,,[hagara],,(副詞),211,,よく。しっかり。,,,,,,,【例】はがら んにゃな?,〈よく見たか?〉,はがら ‘きー よ,〈しっかり聞けよ〉,はがら あいぶりよ,〈しっかりしなさいよ〉,てぃむ ぬ からてぃ=ぶらぬゆんがら はがら むいらぬ きぶんつぁぬ,〈薪が乾 いていないのでしっかり燃えず煙たい〉,はがら しかま きり,〈しっかり 仕事しなさい〉,,,,,,,,,,,,
1219,1,,はがるん,,[hagar-],,(動詞),211,,はかる。長さや量を調べる。,,,(語源)日本語ハカル〈計る・測る・量る〉に対応。,[pakar->hagar-],,,【例】んなにぬ たぎ はがい,〈着物の丈を測れ〉,,,,,,,,,,,,,,,,,,,,
1220,1,,ばがるん,,[bagar-],B,(動詞),211,,はかる。長さや量を調べる。,,,(語源)日本語ワカル〈分かる〉に対 応。,[wakar->bagar-],,,【例】んなにぬ たぎ はがい,〈着物の丈を測れ〉,んだんか゚どぅ ばがる,〈あなたが分かる〉,,,,,,,,,,,,,,,,,,
1221,1,,ばぎ,,[bagi],,(名詞),211,,(民具)竹で編んだ半球形の大きな笊(ざる)。,,,,,,,【例】 ど ぅ ぬ=ど ぅ し   ば ぎ んた いでぃるんた ‘くい=つぁぬ ‘とぅんたや どぅでぃな ‘とぅんたん き さぎてぃ さんく゚、まい ぐんく゚ なし たぬみ ‘くらみ=ぶたる,〈自分で笊や弁当入れなどを作れない人たちは上手な人たちにお酒三合、米五合で頼んで作らせていた〉,ばぎ、どぅらち、かさんたん んだだぎ とぅい=しー どぅぬ=どぅし ‘くい=ぶたる,〈笊、箕(み)、笠などもホウライチ クを採ってきて自分で作っていた〉,,,,,,,,,,,,,,,,,,
1222,1,,ばぎぶん,,[bagibuN],,(名詞),211,,分け前。,,,,,,,【例】くや んだんきぬ ばぎぶんど,〈これはあなたの分け前だよ〉,,,,,,,,,,,,,,,,,,,,
1223,1,,はｎき゚るん,,[haŋir-],,(動詞),212,,禿(は)げる。,,,,,,,【例】いやてぃや さんどぅぐるがら はんき゚どぅ=ぶる,〈おじは三十代から禿げている〉,,,,,,,,,,,,,,,,,,,,
1224,1,,〜ばぎん,,[bagiN],,(助詞),212,,~までも。~まで。~も。,,,,,,,【例】どぅんく゚ いちばぎん あたら-きるん,〈道具はいつまでも大事にする〉,んだどぅ ないばぎん まてぃ=ぶたんど,〈あ なたを今まで待っていたよ〉,,,,,,,,,,,,,,,,,,
1225,1,,はぐ,1,[hagu],A,(名詞),212,,箱(はこ)の総称。紙、木、竹などで作る。,,,(語源)日本語ハコ〈箱〉に対応。関連用語) あんか゚らしはぐ〈蒸し箱。蒸し餅を蒸すための箱〉/あちだはぐ〈下駄箱〉/ かびはぐ〈紙箱〉/どぅんく゚=はぐ〈道具箱〉/とぅぶばぐ〈豆腐箱。豆腐の型 入れ箱〉/むみはぐ〈籾箱(もみばこ)。籾を入れる箱〉/んにはぐ〈米箱。精 米した米を保管する箱〉,[pako>hago>hagu(],,,【例】はぐんき むぬ いりるん,〈箱に物を入れる〉,,,,,,,,,,,,,,,,,,,,
1226,1,,はぐ,2,[hagu],B,(名詞),212,,弁償(べんしょう)。,,,,,,,【例】うぬ はぐ でぃんし うてぃ,〈この弁償は金でやりなさい〉,,,,,,,,,,,,,,,,,,,,
1227,1,,ばぐ,,[bagu],,(名詞),212,,大勢が集まって仕事を手伝うこと。,,,,,,,【例】いやや とぅないぬ すくぬ ばぐ  てぃがないんでぃ ひゅる,〈父は隣の焼香の準備の手伝いに行った〉,,,,,,,,,,,,,,,,,,,,
1228,1,,ばぐ=むたかい,,[bagu+muTaKai], ,(名詞),212,,仕事を手伝う大勢の人の食事を作ること。,,,,,,,【例】 ば ぐ=む た か い   た ー   は たぎぬ しかまぬ くちどぅぐいにや ひびだどぅ くるし はい=ぶた る,〈法事などを手伝う大勢の人の食事を作るときや田畑の仕事の慰労会には山羊を潰して食べていた〉,,,,,,,,,,,,,,,,,,,,
1229,1,,はｎく゚ん,1,[haŋ-],A,(動詞),212,,配(くば)る。,,,(語源)沖 縄方言ハジュ ン /(1)hazuN/ に対応。,[pag->haŋ-],,,【例】すーや うさい はんく゚ん,〈今日はご馳走を配る〉,,,,,,,,,,,,,,,,,,,,
1230,1,,はｎく゚ん,2,[haŋ-],B,(動詞),212,,剥(は)ぐ。,,,,,,,【例】いちぶぐんき はん きっとぅし でぃどぅりてぃ ちでぃ んか はでぃ=ぶんかし,〈石に足を引っかけ、つまづいて肘をはいでしまったよ〉,,,,,,,,,,,,,,,,,,,,
1231,1,,はさん,,[hasaN],C,(名詞),213,,鋏(はさみ)。,,,(語源) 日本語ハサミに対応。,[pasami>hasaN],,,【例】くぬ はさんや あらーぐ つんすや,〈このハサミはよく切れるね〉,んみ はさんし ちー=ぶる,〈爪をハサミで切っている〉,,,,,,,,,,,,,,,,,,
1232,1,,〜ばす,,[basu],C,(形式名詞),213,,~(の)とき。~(の)場合。,,,(語源)日本語バショ〈場所〉に対応。,,,,【例】‘とぅんか゚ はなし きー=ぶる=ばすや  ‘とぅー むなぬんき ‘きー,〈人が話をしているときはじっと黙って聞きなさい〉,くんにぬ ばすや くんにどぅ いる,〈こんな場合はこのようにす るのだ〉,,,,,,,,,,,,,,,,,,
1233,1,,はた,,[haTa],C,(名詞),213,〔虫〕,蜂(ハチ)。,,,(語源)日本語ハチ〈蜂〉に対応。,[pati-a>pacya>haTa],,,【例】はたんか゚ きーぬ うやびんき ちー ‘くいんか゚しや くなちや うぶ-かでぃや ‘かぬん。 はたんか゚ でぃーに ちー ‘くいんか゚ しや うぬ とぅちや かでぃ すさん,〈蜂が木の上に巣を作ると今夏は台風は吹かない。蜂が地面に巣を作るとその年は風が強い〉,はたんか゚ いー,〈蜂が刺した〉,,,,,,,,,,,,,,,,,,
1234,1,,ばた,,[baTa],B,(名詞),213,,お腹。腹。,,,(語源)沖縄 方言ワタ /(0)wata/ に対応。,[wata>baTa],,,【例】ばた だむん,〈腹が痛む〉,ばた ぴーり だーさぬ なら ぬん,〈お腹がへっ込み空腹でならない〉,かりや ばたぬが あいてぃ な らぬん,〈彼は腹黒くてならない(=どうしようもない)〉,どぅなんだぎ だっ てぃぬ つばり はーとぅぬ ばた ‘くいち ‘くいち なぐんでゃ いが びあぶ,〈与那国岳の小屋の後ろに鳩が腹をふくらましふくらまし鳴いている よ、イガビばあさん。(「与那国民謡どぅなん歌、わらべ唄」より)〉,,,,,,,,,,,,,,
1235,1,,はたぎ,,[haTagi],A,(名詞),213,,畑(はたけ)。,,,,,,,【例】はたぎ ぶる きしゃな?,〈畑は全部耕したか?〉,あが みんたんき はたぎ きし かいし きみる,〈子供たちに畑を耕す手伝いをさせる〉(関連用語)うんてぃ=はたぎ,〈芋畑〉,つぁーはたぎ,〈草畑〉,,,,,,,,,,,,,,,
1236,1,,はたぎ-きるん,,[haTagikir-],A,(動詞),214,,畑作業をする。,,,,,,,【例】「んまんき　わるんか゚?」「えー、はたぎ=きーんでぃ」〈「どちらへ行かれるの?」「ええ。畑作業に」〉,,,,,,,,,,,,,,,,,,,,,
1237,1,,ばたつぁり,,[baTaCari],,(動名詞),214,,残念でならないこと。とても悔しいこと〈腹腐れ〉の意。,,,,,,,【例】うんに かし きたんてぃん まぎ=ぶんかし ばたつぁり,〈こんなに応援しても負けてしまって残念でならない〉,,,,,,,,,,,,,,,,,,,,
1238,1,,ばたふｎく゚ん,,[baTahuŋ-],B,(動詞),214,,ひどい嫌味を言って、癪(しゃく)にさわらせようとする。,,,,,,,【例】うぬ=むぬや  すーする ばたふでぃ=むぬい きるんすや,〈こいつは呆れるほど気に障る言葉使いをするなあ〉,すーする ‘とぅー ばたふんく゚んすや,〈あまりにも 人を怒らせようとするなあ〉,,,,,,,,,,,,,,,,,,
1239,1,,はだむてぃ,,[hadamuTi],B,(名詞),214,,(1)肌の感触。肌心地。,,,,,,,【例】すーや わしき ぬいてぃ はだむてぃ でぃぎ どぅ=ぶる,〈今日は天気が良くなって肌心地がよい(=さわやかだ)〉,,,,,,,,,,,,,,,,,,,,
1239,2,,はだむてぃ,,[hadamuTi],B,(名詞),214,,気候が肌に与える感触,,,,,,,【例】くんがち ない いー はだむてぃ ない,〈九月になってよい肌心地になった〉,,,,,,,,,,,,,,,,,,,,
1240,1,,はたらぐん,,[haTarag-],A,(動詞),214,,働く。,,,(語源)日本語ハタラク〈働く〉に対応。,[patarak->haTarag-],,,【例】かぬとぅや まーてぃ はたらぐんど,〈この人はとてもよく働くよ〉,,,,,,,,,,,,,,,,,,,,
1241,1,音韻要確認,はたらんぎてぃ,,[haTaraNgiTi(?)],,(名詞),214,〔植物〕,アリサンバライチゴ。,,,,,,,【例】 は た ら ん ぎ て ぃ や   ぬ ー に   む い る ん か゚  あびゃる つー=はな さてぃ みーや あがんたり うみ はりるんか゚  あまんくりてぃ まーんど,〈アリサンバライチゴは原野に生えるが、きれいな白い花が咲き、実は赤く熟れて食べられるが甘くておいしいよ〉,,,,,,,,,,,,,,,,,,,,
1242,1,,ばだるん,,[badar-],,(動詞),214,,(魚の腹を)切り開く。三枚に下ろす。,,,,,,,【例】いゆ ばだり,〈魚を三枚に下ろしなさい〉,,,,,,,,,,,,,,,,,,,,
1243,1,,はたんたい,,[haTaNTai],,(動名詞),215,,とても固いこと。,,,,,,,【例】 す る ぬ   く む て ぃ ぬ   く が し や   は た ん た い ど ぅ=ぶんがら まー ふんな,〈お盆のお供え物の粉菓子はすごく固くなっているので、もう食べるな〉,,,,,,,,,,,,,,,,,,,,
1244,1,,はち,1,[haCi],A,(名詞),215,,橋(はし)。,,,(語源)日本語ハシ〈橋〉に対応。,[pasi>haCi],,,【例】ななはち ばたいてぃ はなぬ かでぃんまや,〈七橋を渡って花のカディンマヤ(九十七歳のお祝い)〉,,,,,,,,,,,,,,,,,,,,
1245,1,,はち,2,[haCi],C,(名詞),215,,箸(はし)。,,,(語源)日本語ハシ〈箸〉に対応。,[pasi>haCi],,,【例】 あ ん か゚   ぐ ま る た や   だ ー に や   な い ん   あ る   あ が と ぅ   きーるぬ はち ‘かい=ぶたんか゚ あさんたや うるしぬ はちしどぅ う やし=わったる,〈私が小さい頃は家では今もある赤と黄色の箸を使っていたが、おじいさんたちは漆(塗り)の箸で召し上がっていらっしゃった〉,は ちや どぅぬどぅし ‘くるんすん うぶさたん。 はたぎんたにや たぎし  ‘くるんすんか゚ うぶさたんか゚、たぎんか゚ みぬ=どぅぐるにや どぅしき、き ぬ どぅだんた すばっつぁに ある=むぬし ‘くい=ぶたる,〈箸は自分自 身で作ることも多かった。畑(仕事)のときなどには竹で作ることが多かった が、竹がないところではススキ、木の枝など周囲にあるもので作っていたよ〉,,,,,,,,,,,,,,,,,,
1246,1,,はち,3,[haCi], ,(名詞),215,,裾(すそ)。,,,,,,,【例】んなにぬ はち あんき゚るん,〈着物の裾を上げる〉,,,,,,,,,,,,,,,,,,,,
1247,1,,はちち,,[haCiCi],C,(名詞),215,,歯茎(はぐき)。,,,(語源)日本語ハジシ(ハシシ)〈歯茎〉に対応。,[pasisi>Fasisi >haCiCi],,,【例】はちちがら ちー んでぃどぅ=ぶる,〈歯茎から血が出ている〉,どぅびがら はちち だーみ ならぬんすや,〈昨晩から歯茎が痛 んでならないよ〉,,,,,,,,,,,,,,,,,,
1248,1,例文なし,はちなん,,[haCinaN],,(数詞),215,,八男(はちなん)。,,,,,,,,,,,,,,,,,,,,,,,,,,,,
1249,1,,ばちるん,,[baCir-],A,(動詞),215,,忘(わす)れる。,,,(語源)日本語ワスレ ル〈忘れる〉に対応。,[wasure->basire(r)->baCer->baCir-],,,【例】くるまに でぃんくる ばち=みぬん,〈車に財布を忘れた〉,ちまぬくとぅば ばちんか゚しや まりでぃま ばちるん。 ちま ばち んか゚しや うや ばちるん,〈島の言葉を忘れたら生まれ島をも忘れる 島を 忘れたら親までも忘れる〉,ぬば ばちや?,〈何を忘れたの?〉,ばちどぅ=きる うんにぬ くとぅや,〈忘れよう、こんなことは〉,,,,,,,,,,,,,,
1250,1,,ばっぱい,,[baPai],,(名詞),216,,失敗(しっぱい)。間違い。,,,,,,,【例】‘とぅ=ばっぱい きー はでぃ かってぃ=みぬんでぃや,〈人違いをして恥をかいたよ〉,さんみん ばっぱい きんな よー,〈計算間違うなよ〉,,,,,,,,,,,,,,,,,,
1251,1,,〜はでぃ,,[hadi],,(形式名詞),216,,~だろう。~はず。推量を表す形式名詞。,,,(語源)日本語ハズに対応。,[hazu >hazi>hadi],,,【例】がんどぅさる はでぃど,〈丈夫だろう。元気だろう〉,かりんか゚ むてぃ=する くゎちんか゚どぅ まる=はでぃ,〈あいつが持ってきたお菓子がおいしいだろう〉,くーぬ はな  さてぃ あびゃんす にんか゚い とぅいどぅ=ぶる はでぃど,〈線香の花が 咲いてきれい。願い事が通っているはずね〉,,,,,,,,,,,,,,,,
1252,1,例文なし,ばてぃ,,[baTi],,(名詞),216,,罰(ばつ)。,,,(語源)日本語バツに対応。,,,,,,,,,,,,,,,,,,,,,,,,,
1253,1,品詞を修正,はでぃち,,[hadiCi],C,(名詞),216,,入れ墨。〈針突き〉の意。,,,(語源)沖縄方言ハジチ /(0)hazici/ に対応。,[pariduki> haizici>hadiCi],,,,,,,,,,,,,,,,,,,,,,,,
1254,1,,はでぃまるん,,[hadimar-],A,(動詞),216,,始まる。,,,(語源)日本語ハジマル〈始まる〉に対応。,[pazimar->hadimar-],,,【例】さぎ ぬむたし むんどぅ はでぃまい,〈酒を飲んでいるうちにけんかが始まった〉,すーん ひっとぅい はでぃまるんど,〈今日も一日 が始まるよ〉,,,,,,,,,,,,,,,,,,
1255,1,,はでぃみるん,,[hadimir-],A,(動詞),216,,始める。,,,,,,,【例】しかま はでぃみるん,〈仕事を始める〉, ‘きむぬ ‘きー は でぃみるんでぃどぅ=ぶる,〈漬け物を漬け始めようとしている〉,,,,,,,,,,,,,,,,,,
1256,1,,はとぅ,,[haTu],C,(名詞),217,,鳥。日本語のハトに対応するが、ハト以外の鳥も表す。,,,(語源)日本語ハト〈鳩〉に対応。,,(関連用語)はとぅぬ ちー〈ハトの巣〉,,【例】はとぅ だーぬ  ながんき はやんなよ,〈鳥を家の中へ入れさせるなよ(鳥が家に入るのは縁起が悪いという)〉,,,,,,,,,,,,,,,,,,,,
1257,1,,はどぅや,,[haduya],C,(名詞),217,〔鳥〕,雀(スズメ)。,,,(語源)クラド リに対応。(沖縄方言クラー〈雀〉など),[kuradori-a>huradoryaa>hadoya>had uya],,,【例】はどぅや ばんぎりよ,〈雀を見張れよ〉,,,,,,,,,,,,,,,,,,,,
1258,1,,はな,1,[hana],A,(名詞),217,,鼻。,〔同〕はなぶる,,,,,,【例】はな かみ,〈鼻をかみなさい〉,,,,,,,,,,,,,,,,,,,,
1259,1,,はな,2,[hana],B,(名詞),217,,花。,,,,,,,【例】うるむしってぃ ないんか゚しや どぅゆ、でぃんく゚いんか゚ きびさる  つーはな あがはな さがん,〈春の季節になると、テッポウユリ、デイゴが見事な白い花、真紅の花を咲かせる〉,,,,,,,,,,,,,,,,,,,,
1260,1,,はな,3,[hana],B,(名詞),217,,仏花。クロトンやイヌマキなどの枝葉もの。,,,,,,,【例】とぅぐぬ はなや からし や ならぬんど,〈仏壇の花を枯らしてはいけないよ〉,,,,,,,,,,,,,,,,,,,,
1261,1,,はなｎき゚,,[hanaŋi],,(名詞),217,,戯(たわむ)れること。ふざけること。冗談。「はなんぎ」とも。,,,(語源)宮古 方言パナズ /panazï/ に対応。,[panage>hanaŋe>hanaŋi],,,【例】んだとぅ や はなんき゚ きらにぬん,〈君とは冗談ができない〉,うんか゚ いる=くとぅ や はなんき゚んか゚どぅ うぶさる,〈これのすることは冗談が多い〉,,,,,,,,,,,,,,,,,,
1262,1,,はなぐみ,,[hanagumi],,(名詞),217,,花米。神仏にお供えするため重箱一杯に盛ったお米。,,,,,,,【例】はなぐみ いっす  んだい,〈花米を一升出しなさい〉,,,,,,,,,,,,,,,,,,,,
1263,1,,はなだぎ,,[hanadagi],B,(名詞),217,,花酒。泡盛を蒸留するとき一番初めに出る酒。「はな」は〈最初〉の意。アルコール度数が六十度を超える強烈な酒で、与那国ならでは。の際、最後は花酒で清めたのち、骨壺に入れる。,,,,,,,【例】てぃんだば なに はなだぎ ぬみ あんび=ぶたる ‘とぅんか゚ ぶでぃ=きーだたな  はん ぱんだしや うってぃ=ひたんでぃど,〈ティンダバナで花酒を飲んで遊んでいた人が踊りながら足を踏み外して下に落ちていったというよ〉,は なだぎや みっく=きどぅ ぬむどー,〈花酒は気を付けて飲むんだよ〉(文 化的・民俗学的背景)死後三年目より日を選んで行われる「ふちぎらい」,〈洗 骨〉,,,,,,,,,,,,,,,,,
1264,1,,はなでぃ,,[hanadi],A,(名詞),218,,鼻血。,,,,,,,【例】うったりてぃ うんに はなでぃ んでぃどぅ=ぶる,〈殴られてこんなに鼻血が出ているんだ〉,,,,,,,,,,,,,,,,,,,,
1265,1,,はなぶる,,[hanaburu],A,(名詞),218,,鼻。顔にあって匂いを嗅いだりする器官。,,,,,,,【例】はなぶるんか゚ つぁいどぅ=ぶる,〈鼻がつまっている〉,,,,,,,,,,,,,,,,,,,,
1266,1,,はなりるん,,[hanarir-],,(動詞),218,,遠ざかる。,,,(語源)日本語ハナレル〈離 れる〉に対応。,[panare->hanarir-],,,【例】んに はなりるん,〈船が遠ざかる〉,,,,,,,,,,,,,,,,,,,,
1267,1,,はなんき,,[hanaNKi],,(名詞),218,,感冒(かんぼう)。風邪(かぜ)。ウイルスによる呼吸器系の炎症。,,,(語源)ハナビキ〈鼻引き〉に対応するか。,[panabiki>hanaNKi],,,【例】はなんき かがんなよー,〈感冒にかかるなよ〉,,,,,,,,,,,,,,,,,,,,
1268,1,,はなんむん,,[hana'Nm-],A,(動詞),218,,鼻水を拭く。,,,(語源)ハナツム〈鼻摘む〉の意 か。,,,,【例】あぶたんか゚ まいし、はなんみや なてぃ=なてぃ,〈母親が亡くなり、鼻水を拭いては泣き続けている〉,,,,,,,,,,,,,,,,,,,,
1269,1,例文なし,はに,,[hani],A,(名詞),218,,羽(はね)。,,,(語源)日本語ハネ〈羽〉に対応。,,,,,,,,,,,,,,,,,,,,,,,,,
1270,1,例文なし,ばに,,[bani],C,(名詞),218,〔植物〕,クロツグ。,,,(語源)沖縄方言マー ニ /(0)maani/ に対応。,[bane>bani],,,,,,,,,,,,,,,,,,,,,,,,
1271,1,,ばぬ,,[banu],C,(代名詞),218,,一人称複数。(聞き手を含まない)私たち。,,,(語源)古 語ワヌ〈我〉に対応。,[wanu>banu],,,【例】ばぬ んたいんとぅや ぶ どぅい ならい=ぶん,〈私たち三人は踊りを習っている〉,ばぬや うんに  いるんでぃどぅ きみゃる,〈私たちはこのようにしようと決めた〉,,,,,,,,,,,,,,,,,,
1272,1,,はばぐん,,[habag-],,(動詞),219,,積極的に行う。精力的に仕事をする。,,,(語源)沖縄方言ハバチュ ン /(0)habacyuN/ に対応。 ,[pabak->habag-],,,【例】くぬ あがみてぃや あらーぐ  はばぐんでゃ。 まいふな あがみどー,〈この子供はとても物事を積極的にやる、お利口な子供だよ〉,,,,,,,,,,,,,,,,,,,,
1273,1,,はびる,,[habiru],C,(名詞),219,,蝶や蛾の仲間。,,,(語源)古語ヒヒル〈蝶・蛾〉に対応。,[*paberu>haberu>habiru],,,【例】 は び る ん か゚   ま ー し く   と ぅ び=ぶ ん す や ,〈蝶がたくさん飛んでいるね〉,(関連用語),あやみ=はびる〈ヨナグニサン,(世界最大級の蛾の一種)〉,,,,,,,,,,,,,,,,,
1274,1,,,,,,,219,,,,,,,,,,,,,,,,,,,,,,,,,,,,,,
1275,1,,はぶでぃ,,[habudi],,(名詞),219,,先祖。「うやぶでぃ=はぶでぃ」(御先祖様)ともいう。,,,,,,,【例】 ば や に や   は ぶ でぃがらぬ いぐん あいどぅ ぶる,〈我が家には先祖からの遺言があるのだ〉,うやぶでぃ=はぶでぃ たんでぃ あぬ まぶい=とぅらし=わり,〈御 先祖様、お願い。私を守ってください〉,,,,,,,,,,,,,,,,,,
1276,1,,ばぶり,,[baburi],,(動名詞),219,,青々と茂ること。,,,,,,,【例】ばやぬ かぐ つぁーんか゚ ばぶり=ぶん,〈我が家の野菜畑は草が生い茂っている〉,くとぅちぬ なちや あみ ふったば だ さいん ばぶり でぃぎ=ぶんさい,〈今年の夏は雨が降ったので野菜も青々 として出来栄えがいい〉,,,,,,,,,,,,,,,,,,
1277,1,,はま,,[hama],,(名詞),219,,浜。,,,(語源) 日本語ハマ〈浜〉に対応。,,,,【例】なんたはまに うでぃ あんぶん,〈ナンタ浜で泳いで遊ぶ〉,,,,,,,,,,,,,,,,,,,,
1278,1,,はまうり,,[hama'uri],,(名詞),219,,浜下り。年間で最大干潮となる旧暦三月三日にご馳走を持っていって浜で飲食して過ごす行事。,〔同〕さにてぃ,,,,,,【例】さにてぃにや はまうり きてぃ どぅばたにんか゚い きる=くとぅど,〈(旧暦)三月三日は浜下りして健康願いをすることだよ〉,,,,,,,,,,,,,,,,,,,,
1279,1,,ばや,,[baya],C,(名詞),220,,私の家。我が家。,,,,,,,【例】ばやぬ あぶや みんたふ とゎーんど,〈私の家のおばあさんは耳が遠いよ〉,,,,,,,,,,,,,,,,,,,,
1280,1,,はやん,1,[hayas-],B,(動詞),220,,はやし立てる。おだてられる。,,,,,,,【例】かりに はやりてぃ うとぅぎ みぬばん,〈彼にはやし立てられ思わぬ大損をした〉,,,,,,,,,,,,,,,,,,,,
1281,1,,はやん,2,[hayaN],C,(形容詞),220,,(1)早い。,,,,,,,【例】んでぃや はやぐがら しーな?,〈お前たちは早くから来ていたのか?〉,んまんに はやんすやー,〈馬みたいに早いね(たとえて、早く 目的地に着いた時に使う言葉)〉,,,,,,,,,,,,,,,,,,
1281,2,例文なし,はやん,2,[hayaN],C,(形容詞),220,,速い。,,,(語源)日本語ハヤイに対応。,[pay asaN>hayahaN>hayaN],,,,,,,,,,,,,,,,,,,,,,,,
1282,1,,はゆん,,[hay-],B,(動詞),220,,入る。,,,(語源)日本語ハイル〈入る〉に対応。,[pair->pairy- >haiy->hay-],,,【例】かいく ‘かない=ぶる だんき はゆんなよー,〈蚕を飼っている家に(無断で)入るなよ〉,,,,,,,,,,,,,,,,,,,,
1283,1,,〜ばら,,[bara],,(接辞),220,,~の方、~の側を表す接尾辞。,,,,,,,【例】んとぅいどぅぐる まいばらがら しみ てぃ んとぅい=とぅらし=わり,〈席を前の方から詰めて座ってください〉(関連用語)にんばら,〈北の方〉,はいばら,〈南の方〉,,,,,,,,,,,,,,,,,
1284,1,,ばら,,[bara],B,(名詞),220,,稲藁。縄、俵、縄むしろ、わらじ、箒(ほうき)、鍋ぶたなど用途が広い。豊年祭の綱引きの大綱も。。文字の代わりに稲藁で数字を表す方法。結び目、本数などが数を表した。文字のなかった時代に納税のために用いられた。,,,,,,(文化的・民俗学的背景)「ばらさん」〈藁算〉,【例】んかちや ばらさんしどぅ さんみん きー す く きー=ぶたる,〈昔は藁算で計算したり証拠にしたりしていた〉,,,,,,,,,,,,,,,,,,,,
1285,1,,ばらさ,,[barasa],,(名詞),220,,謝ること。謝罪。,,,,,,,【例】うぐりてぃ むーるんき ばらさ きー,〈遅刻をしたのでみんなに謝る〉,,,,,,,,,,,,,,,,,,,,
1286,1,,はらむん,,[haram-],B,(動詞),221,,妊娠する。,,,,,,,【例】とぅんや はらみどぅ=ぶる,〈妻は妊娠しています〉,,,,,,,,,,,,,,,,,,,,
1287,1,,ばり,,[bari],A,(名詞),221,,(1)谷。谷間。,,,,,,,【例】ついかたばり,〈地名。ミトゥティ(地名)にある谷間の名〉,ばりみ,〈島の東部にある水田地帯〉,くぶらばり,〈久部良集落の北海岸にあ る割れ目〉,,,,,,,,,,,,,,,,
1287,2,,ばり,,[bari],A,(名詞),221,,割れた物。破片。欠片(かけら)。,,,(語源)ワレ〈割れ〉に対応。,[ware>bar e>bari],,,【例】ガラスぬ ばり んた くらんなよ,〈ガラスの破片を踏むなよ〉,,,,,,,,,,,,,,,,,,,,
1288,1,,ばり-かみ,,[barikami],C,(名詞),221,,割れ甕(かめ)。転じて酒豪。大酒飲み。,,,,,,,【例】あぬや さぎ ぬみつぁぬんか゚  うとぅとぅや ばり-かみ,〈私は酒を飲めないが、弟は大酒飲みだ〉,,,,,,,,,,,,,,,,,,,,
1289,1,,はるや,,[haruya],,(名詞),221,,畑小屋。〈墾る屋〉の意。の意。,,,,,,,【例】 い く つ ぁ ぬ=ば す   は る や ん き   ひ な ん   きてぃ だぎ かがい でゃーでぃどぅ あたる,〈戦争の時、畑小屋に避難してマラリアにかかり大変だったよ,〈〉原屋〉,,,,,,,,,,,,,,,,,,,
1290,1,,はるん,,[har-],A,(動詞),221,,貼る(は)る。,,,,,,,【例】たくんき かび はいてぃ とぅばしんだぎ,〈凧に紙を貼って飛ばそう〉,,,,,,,,,,,,,,,,,,,,
1291,1,,ばるん,1,[bara-],A,(動詞),221,,笑(わら)う。,,,(語源)日本語ワラウ〈笑う〉に対応。,[waraw->bara'->bara-],,,【例】ぬだ んでぃるた ばらい,〈涙が出るほど笑った〉,はな し うむつぁびてぃ てぃんだ うってぃ ばらたん,〈話が面白くて手をた たいて笑った〉,,,,,,,,,,,,,,,,,,
1292,1,,ばるん,2,[bar-],A,(動詞),221,,割る。,,,(語源)日本語ワル〈割る〉に対応。,[war->bar-],,,【例】くぬ どぅてぃ むてぃ=いてぃてぃ てぃむぬ ばり,〈この斧を持って行って薪を割りなさい〉,,,,,,,,,,,,,,,,,,,,
1293,1,,はん,,[haN],C,(名詞),221,,足。下肢全体。腿の付け根から足先までを指す。,,,(語源)日本語ハギ〈脛〉に対応。,[pagi>hazi>haN],,,【例】どぅるあみてぃ あい ぐ=ばすや はんぬ うゆびてぃ がんみてぃ あいぎ,〈泥道を歩くときは足の指を曲げて歩け〉,,,,,,,,,,,,,,,,,,,,
1294,1,,〜ばん,,[baN],,(接辞),222,,~(し)ても。動詞の連体形に接続して〈逆接〉を表す。,,,,,,,【例】あまてぃ ある  ばん どぅだん=きゃるばや でゃーでぃどぅ あたる,〈少しでも油断したなら大変だった〉,,,,,,,,,,,,,,,,,,,,
1295,1,,ばん,,[baN],,(名詞),222,,椀。単独では用いない。,,,,,,,【例】しむぬ たいぐ うぬ しむぬばんき いりり,〈吸い物を急いでこの吸い物椀に入れろ〉,,,,,,,,,,,,,,,,,,,,
1296,1,,ぱん,,[Pas-],B,(動詞),222,,(1)(魚を)釣る。,,,,,,,【例】いしゃんさい。 だいばん カジキ ぱしゃんさい,〈やった。大きなカジキを釣った〉,,,,,,,,,,,,,,,,,,,,
1296,2,,ぱん,,[Pas-],B,(動詞),222,,(ハサミで)切る。,,,(語源)日本語クワス〈食わす〉に対応。 ,[kuwas->h(u)pas->Pas-],,,【例】 か ら ん   ぱ し=とぅらし=われ,〈髪を切ってください〉,,,,,,,,,,,,,,,,,,,,
1297,1,,はんがま,,[haNgama],A,(名詞),222,,釜(かま)。飯を炊いたり湯を沸かしたりするための器具。,,,,,,,【例】かまどぅてぃ んき はんがまんとぅしり,〈かまどに釜を座らせなさい(据えなさい)〉,,,,,,,,,,,,,,,,,,,,
1298,1,,ばんぎらん,,[baNgiras-],,(動詞),222,,沸かす。沸騰させる。,,,,,,,【例】どぅー ばんぎらい,〈湯を沸かしなさい〉,,,,,,,,,,,,,,,,,,,,
1299,1,例文対応せず。採り直し。,はんきるん,,[haNkir-],,(動詞),222,,はじける。,,,,,,,【例】はなび はんかい,〈花火を点火しなさい〉,,,,,,,,,,,,,,,,,,,,
1300,1,,はんぎるん,,[haNgir-],,(動詞),222,,弁償(べんしょう)する。,〔同〕はぐん,,(語源)hagi と kir- の複合語。,,,,【例】うや でぃんし はんぎり,〈これはお金で弁償しなさい〉,,,,,,,,,,,,,,,,,,,,
1301,1,例文なし,はんくや,,[haNKuya],,(名詞),222,,磯の物を捕るための竹製の錐。,,,,,,,,,,,,,,,,,,,,,,,,,,,,
1302,1,,はんくらん,,[haNKuras-],,(動詞),222,,解(ほど)く。,,,,,,,【例】いとぅ むんばいどぅ=ぶりゃ はんくらい,〈糸がもつれているから解きなさい〉,,,,,,,,,,,,,,,,,,,,
1303,1,,はんくりるん,,[haNKurir-],,(動詞),223,,縛ったものがほどける。,,,,,,,【例】ちんとぅ はんくらんなよ。 でぃば さんでぃ どぅ いしぶりゃ,〈カンプー(結い上げた髪)ほどくなよ。かんざしを差そうとしているんだから〉, ‘とぅん しみ んまんきりよ。 はんくりるんど,〈帯はしっかり締めなさいよ。ほどけるよ〉,,,,,,,,,,,,,,,,,,
1304,1,,はん　さんくん,,[haN saNK-],,(連語),223,,足を引きずる。足に力が入らない様子。,,,,,,,【例】 は ん   さ ん て ぃ=ぶ ん す や   んま あるばん だましかや,〈足を引きずっているけどどこか痛めたのかな〉,,,,,,,,,,,,,,,,,,,,
1305,1,,ばんする,,[baNsuru],,(名詞),223,,バンジロウ。グアバ。フトモモ科の熱帯性の常緑低木。に仏壇に供える「するぬない」に使われる。,,,,,,(文化的・民俗学的背景)山野や牧場などに生え、白い花を咲かせ、果実は熟すると甘い香りを放つ。果肉は淡紅色で甘くおいしい。材は鍬の柄などに使う。葉は煙草の代用品として使われたことがあった。実は「、する」〈盆〉,【例】 ば ん す る-き ぬ   すばにや はたぬ ちんか゚ あいてぃ ばんするぬ ない とぅるんでぃ  いしてぃや はたに いらり=ぶたん,〈グアバの木の傍には蜂の巣があってグアバの実を採ろうとしては蜂に刺されていたよ〉,,,,,,,,,,,,,,,,,,,,
1306,1,,はんた,,[haNTa],,(名詞),223,,崖(がけ)。,,,(語源)沖縄方言 ハンタ /haNta/ に対応。,,,,【例】てぃんだはんた,〈ティンダバナともいう崖〉,,,,,,,,,,,,,,,,,,,,
1307,1,,ばんた,1,[baNTa],C,(名詞),223,,腋(わき)。,,,(語源)宮古方言バ ぎスタ /bagïsïta/ に対応するか。,,,,【例】 ば ん た   ば ん く゚ い ,〈腋をくすぐる〉, に で ぃ ぬ   ば ん た に   にぶとぅんか゚ あるんでぃや,〈右の腋に根太があるんだよ〉,,,,,,,,,,,,,,,,,,
1308,1,,ばんた,2,[baNTa],C,(代名詞),223,,聞き手を含む一人称複数形。私たち。俺たち。一人称「ば」に複数接辞「~んた」が付いた形。,,,,,,,【例】ばんたや ばんた。 かんたてぃや かんたてぃ,〈私たちは私たち。彼らは彼ら〉,ばんた ‘たいんとぅや いちばぎん まどぅんどー,〈私たち二人はいつまでも一緒だよ〉,うんたてぃや ひらぬんでぃ んどぅんさい。 ばんたや ひろ,〈彼らは行かないそうだ。私たちは行こう〉,,,,,,,,,,,,,,,,
1309,1,,はんでぃるん,,[haNdir-],,(動詞),224,,脱ぐ。,,,,,,,【例】んなにどぅ はでぃ=ぶる,〈着物を脱いでいる〉,,,,,,,,,,,,,,,,,,,,
1310,1,,はんどぅ-かみ,,[haNdukami], ,(名詞),224,,口の大きい水甕。,,,,,,,【例】 ち む ぬ や ぬ   す や て ぃ に   は ん ど ぅ-か み ん き   み ん   いり=うとぅてぃてぃ うぶるし みん んみ ‘かい=ぶたる,〈炊事場の流しで口の大きな水瓶へ水を入れておいてウブルで水を汲んで使っていた〉,,,,,,,,,,,,,,,,,,,,
1311,1,,はんぬ=ちでぃｎく゚てぃぬ=すに,,[haNnu+CidiŋuTinu+suni], C+X+C,(名詞),224,,踝(くるぶし)。足首の両側にある突起。,,,,,,,【例】 は ん ぬ=ち で ぃ ん く゚ て ぃ ぬ=す に だまし=みぬんすや,〈踝を痛めてしまったよ〉,くるび はんぬ=ちでぃ んく゚てぃぬ=すにがら ちー んだし,〈転んで踝から血を出した〉,,,,,,,,,,,,,,,,,,
1312,1,,〜び,,[bi],,(接辞),224,,~ので。活用語の連用形に接続して〈順接確定条件〉を表す。,,,,,,,【例】くとぅちん  がり むてぃび むーるし はがまいり きんだんぎ,〈今年も健康だったのでみんなで墓参り(お礼参り)に行きましょう〉,,,,,,,,,,,,,,,,,,,,
1313,1,,ひー,1,[hi], ,(名詞),224,,珊瑚礁。,,,,,,,【例】うす んてぃ=するゆんがら ひーんき あんか゚り,〈潮が満ちてきたから、珊瑚礁に上がりなさい(潮干狩り中に)〉,ひーぬ うやびに  どぅだん=きんか゚しや うぶすに しらりるんど,〈珊瑚礁の上で油断すると 大潮にやられるよ〉,,,,,,,,,,,,,,,,,,
1314,1,,ひー,2,[hi],B,(名詞),224,,屁(へ)。,,,(語源)日本語ヘ〈屁〉に 対応。,[pe>he>hi],(関連用語)ひちむさ〈よく屁を放る人〉,,【例】うんてぃ=ばがい ふんがら ひー ちー ならぬん,〈芋ばかり食べるから屁が出てならない(=屁が止まらない)〉,,,,,,,,,,,,,,,,,,,,
1315,1,,びー,,[bi],,(名詞),224,,酔い。「びるん」〈酔う〉の名詞形。,,,,,,,【例】びー さまん,〈酔いを醒ます〉,びー むぬい,〈酔っぱらった言い方〉,びーだま,〈酔っぱらいに憑りついて暴れさせ るもの〉,,,,,,,,,,,,,,,,
1316,1,,びーする,,[bisuru],,(名詞),225,,酔っぱらい。酒好き。,,,,,,,【例】かぬ びーする うむっつぁんがえー,〈あの酔っ払い、面白いね〉,,,,,,,,,,,,,,,,,,,,
1317,1,,びーたりるん,,[biTarir-],,(動詞),225,,酒に酔い潰れる。,,,,,,,【例】くぬさや びーたりるた さぎ ぬみどぅ あんすや,〈こいつは酔い潰れるぐらい酒を飲んでいるね〉,,,,,,,,,,,,,,,,,,,,
1318,1,,ひかでぃいり,,[hiKadi'iri],,(名詞),225,,秋。,,,,,,,【例】ひかでぃいり しださぐ ない あぎだん とぅび=あいぐんすや,〈秋になって涼しくなって、トンボも飛び交っている〉,,,,,,,,,,,,,,,,,,,,
1319,1,,ひかるん,,[hiKar-],,(動詞),225,,光る。,,,,,,,【例】なちや はいぬてぃんに んまぬふち ひかい,〈夏は南の空に南十字星が光る〉,,,,,,,,,,,,,,,,,,,,
1320,1,,〜びき,,[biKi],,(接辞),225,,~べき。動詞の連用形に接続して〈...するのが当然だ〉などの意味を表す。,,,,,,,【例】きーびき。 ‘てぃーびき,〈やるべき。聞くべき〉,,,,,,,,,,,,,,,,,,,,
1321,1,,びぎ,,[bigi],,(名詞),225,,姉妹からの男兄弟の呼称。,,,(語源)沖縄方言ウィ キー /wikii/ に対応。,[wekeri>begei>bigi],,,【例】かぬとぅや あんか゚ びぎ,〈彼は私の兄だよ〉,,,,,,,,,,,,,,,,,,,,
1322,1,,びぎぶない,,[bigibunai],,(名詞),225,,兄弟姉妹。,〔同〕うとぅだな、びぎぶない,,,,,,【例】ばぬや びぎぶないどぅ ない=ぶる,〈私たちは兄弟姉妹になっているのですよ〉,,,,,,,,,,,,,,,,,,,,
1323,1,,びきる=むぬ,,[biKiru+munu],A+B,(名詞),225,,おまけ,,,,,,,【例】びきる=むぬ あんど,〈おまけがあるよ〉,,,,,,,,,,,,,,,,,,,,
1324,1,クワズイモの後に「。」補った。,びｎく゚い,,[biŋui],,(名詞),225,〔植物〕,クワズイモ。〈抉(えぐ)り〉の意か。,,,(語源)沖縄(伊 江島)方言ユグイ /yugui]/ に対応。,[weguri>beŋui>biŋui],,,【例】びんく゚いぬ ちる びっかいん か゚しや びゃーどぅ=ある,〈クワズイモの汁が付くと、かゆい〉,,,,,,,,,,,,,,,,,,,,
1325,1,,ひぐん,,[higuN],C,(名詞),225,,灰(はい)。,,,,,,,【例】かまどぅぬ ひぐん,〈かまどの灰〉,,,,,,,,,,,,,,,,,,,,
1326,1,,ひｎく゚ん,,[hiŋ-],,(動詞),226,,削(けず)る。,,,(語源)日本語 ヘグ〈剥ぐ〉に対応。,[peg->heŋ->hiŋ-],,,【例】かなし きー ひでぃ,〈かんなで木を削る〉,,,,,,,,,,,,,,,,,,,,
1327,1,,ひさん,,[hisaN],,(形容詞),226,,寒い。,,,,,,,【例】くとぅちぬ ふゆや ひさんすや,〈今年の冬は寒いね〉,ひさぐ  なんがえー,〈寒くなるね〉,ひさんすやー。どぅさいや ぬば はりるかや?,〈寒いね。夕飯は何を食べるかね?〉,,,,,,,,,,,,,,,,
1328,1,,びだぐるん,,[bidagur-],,(動詞),226,,からかう。,,,,,,,【例】‘とぅー びだぐんな,〈人をからかうな〉,,,,,,,,,,,,,,,,,,,,
1329,1,,ひちんたい,,[hiCiNTai],,(動名詞),226,,とても冷たいこと。「ひっちんたい」とも。,,,,,,,【例】んぬがら れいぞーこんき  ビー ル いりどぅ ありゃ、ないでぃぶんや ひちんたいどぅ=ぶる=は でぃ,〈昨日から冷蔵庫にビールを入れてあるから、今時分とても冷えているはずだよ〉,たー びる=ばすや てぃはん ひっちんたい ならぬゆ んがら たぬすいに ちー たき、どぅー あちらしだたなどぅ しかま  きー=ぶたる,〈田植えのとき、手足がとても冷たくてならないので、畦で火 を焚き、体を温めながら仕事をしたんだよ〉,,,,,,,,,,,,,,,,,,
1330,1,,ひっか,,[hiKa],,(名詞),226,,(1)小さな穴。,〔同〕ひっかてぃ,,,,,,【例】まいする ‘とぅや ぐすぬ ひっかてぃ がら みやどぅんき ‘かいししてぃ みん あんしみる,〈亡くなった人は後生の小さな穴を通り、裏座に移して湯かんする〉,,,,,,,,,,,,,,,,,,,,
1330,2,例文なし,ひっか,,[hiKa],,(名詞),226,,隙間。,,,,,,,,,,,,,,,,,,,,,,,,,,,,
1331,1,,びっかるん,,[biKar-],A,(動詞),226,,(~が)付く。くっ付く。,,,,,,,【例】ぬーんか゚ びっかい=ぶんか゚ かがん んに=んにんに,〈何が付いているか鏡を見てみてごらん〉,ちらんき ひぐん びっかい=ぶんそ,〈顔に灰が付いているぞ〉,,,,,,,,,,,,,,,,,,
1332,1,,びっきるん,,[biKir-],A,(動詞),226,,(1)(~を)付ける。くっ付ける。,,,,,,,【例】ういや まーす びきてぃん はりるん どー,〈キュウリは塩を付けても食べられるよ〉,だーぬ からんき うる  びっきるん,〈家の瓦に漆喰をくっ付ける(塗る)〉,,,,,,,,,,,,,,,,,,
1332,2,,びっきるん,,[biKir-],A,(動詞),226,,貼る(ぬり薬や貼り薬を使う時に)。,,,,,,,【例】サロンパス びっき とぅらしんに,〈サロンパスを貼ってちょうだい〉,,,,,,,,,,,,,,,,,,,,
1332,3,,びっきるん,,[biKir-],A,(動詞),226,,おまけする。,,,,,,,【例】うや びっきるたよ,〈これはおまけだよ〉,,,,,,,,,,,,,,,,,,,,
1333,1,,ひっくん,,[hiK-],,(動詞),227,,突く。突き刺す。,,,,,,,【例】くぶしみ ひってぃ=くたよ,〈クブシミ突いてくるね〉,,,,,,,,,,,,,,,,,,,,
1334,1,,ひっとぅ,,[hiTu],C,(名詞),227,,(動物)イルカ。「ひとぅ」とも。,,,(語源)沖縄方言フィー トゥ /(0)hwiitu/ に対応。,[peto>heto>heTo>hiTu],,,【例】あがみてぃ あるたや ひっとぅぬ ん すに まーしく はい=ぶたん,〈子供だったころはイルカの味噌煮をよく食べた〉,,,,,,,,,,,,,,,,,,,,
1335,1,,ひっとぅい,,[hiTui],,(名詞),227,,一日。一日中。,,,(語源)日本語ヒヒトヒ〈日一日〉に対応。,[pipitowi>hihito'i>his(i) Toi>hiTui],,,【例】すーん ひっとぅい はでぃまるんどー,〈今日も一日が始まるよ〉,,,,,,,,,,,,,,,,,,,,
1336,1,,〜びてぃ,,[biTi],,(接辞),227,,~ので。,,,,,,,【例】くぬ うぶにや まいさびてぃ はいんく゚りさん,〈この大根は大きすぎて食べにくい〉,,,,,,,,,,,,,,,,,,,,
1337,1,,ひびだ,,[hibida],C,(名詞),227,,(動物)山羊(ヤギ)。肉や内臓を煮た汁物、刺身がよく食べられている。,,,(語源)沖縄方言フィー ジャー /(0)hwiizaa/〈山羊〉に対応。,[pewida>hebida>hibida],,,【例】ひびだ いちがらしや うち ‘とぅがらとぅ みでぃ つぁー はいどぅ  きる,〈山羊五匹だと牛一頭と同じ量の草を食べる〉,ひびだとぅ どぅぬ=むぬ ‘てぃぶに=ばがい ういがしてぃ んだや,〈山羊と同じ、口ばかり動 かして(食べてばかりで)、お前は〉,,,,,,,,,,,,,,,,,,
1338,1,,ひぶち,,[hibuCi],,(名詞),227,,悪口(わるぐち)。人を悪く言うこと。,〔同〕あっく,,,,,,【例】 ‘ と ぅ ぬ   ひ ぶ ち  ‘てぃーむぬ,〈人の悪口を言う者〉,,,,,,,,,,,,,,,,,,,,
1339,1,,ひま,,[hima],,(名詞),227,,暇。,〔同〕まどぅ,,,,,,【例】 ひ ま   ん で ぃ る ん ,〈暇になる〉, い ち   ま ん ぐ る ば   ひまんか゚ あんか゚?,〈いつ頃暇がありますか?〉,どぅどぅ んでぃ ひま  みぬんき ない=みぬんすや,〈急用ができて暇がなくなってしまったよ〉,,,,,,,,,,,,,,,,
1340,1,,ぴみんたい,,[PimiNTai],,(動名詞),228,,湿っているさま。,,,,,,,【例】あらいむぬ までぃ ぴみんたいどぅ=ぶる,〈洗濯物がまだ湿っぽい〉,,,,,,,,,,,,,,,,,,,,
1341,1,,ひゃぐす,,[hyagusu],,(名詞),228,,百姓・農家。農業。,,,,,,,【例】ひゃぐすや つぁーとぅぬ あらし,〈農家は草との闘い〉,かりや うんなぬ ちまに ひゃぐすぬ べんきょー=きゃる=はでぃ,〈彼は沖縄の島で農業の勉強をしたはずだよ〉,,,,,,,,,,,,,,,,,,
1342,1,,ひやさ,,[hiyasa],,(感動詞),228,,よいしょ。「ひやささ」「ひゃくりさ」とも。,,,,,,,【例】ぬ、くぬ-きや いんさんすや。 ひやささ,〈なに、この木の重いことよ。よいしょ〉,,,,,,,,,,,,,,,,,,,,
1343,1,,ひゃに,,[hyani],C,(名詞),228,,お玉。杓子。汁をすくうのに用いる。,,,,,,,【例】 ん か ち   み や ら び あ が や ん で ぃ   んどぅ かいんき たぎし どぅい ‘くいてぃ あんだなびんた ちるな びんたぬ ひゃーに きー=ぶたんどー,〈昔、トラフザラガイという貝に竹で柄を作って油鍋や汁鍋などのお玉にしていたよ〉,,,,,,,,,,,,,,,,,,,,
1344,1,,ひゅーぬ=いゆ,,[hyunu+iyu], ,(名詞),228,〔魚〕,シイラ。,〔同〕まんびか,,,,,,【例】ひゅーぬいゆや かんだい きるばん さしみし ふーばん まーんど,〈シイラは干物にしても刺身で食べてもおいしいよ〉,,,,,,,,,,,,,,,,,,,,
1345,1,,ひゅーり,,[hyuri],A,(名詞),228,,日より。,,,,,,,【例】ひゅーり ちらみり,〈日和を調べろ〉,,,,,,,,,,,,,,,,,,,,
1346,1,,びゅっか,,[byuKa],,(名詞),228,,年上の甥(おい)。第一の甥。,,,,,,,【例】 く ぶ ら に   い っ て ぃ ん   あ て ぃ ぬ い ゆ   とぅい=ぶんすや あんか゚ びゅっかどぅ ない=ぶる,〈久部良で一番カジキを捕っているのは私の,〈年上の〉甥である〉(関連用語)ながびゅっか,〈第二 の甥〉,びゅっかてぃ,〈年上の甥。第三の甥〉,,,,,,,,,,,,,,,,
1347,1,,ひら,1,[hira],C,(名詞),228,,柱。,,,(語源)日本語ハシラ〈柱〉に対応。,[pasira>paira>hee ra>hira],,,【例】だーぬ ひらんきや ヒノキ きゃんき゚んたんか゚どぅ うぶさぐ  ‘かり=ぶたる,〈家の柱にはヒノキ、イヌマキなどが多く使われていた〉,はでぃぬ ひら いんぎんた ぶーる どぅぬ だまぬ きゃんき゚-きしどぅ  いり-かい きゃる,〈家の軒の柱、一番外の縁側の垂木、全部自分の山のイヌ マキで入れ替えをした〉,,,,,,,,,,,,,,,,,,
1348,1,,ひら,2,[hira],C,(名詞),229,,箆(へら)。,,,(語源)日本語ヘラ〈箆〉に対応。,,,,【例】うぬ ひらし つぁー はらい,〈この箆で草を払いなさい〉,,,,,,,,,,,,,,,,,,,,
1349,1,,ひらい,,[hirai],,(名詞),229,,付き合い。交際。,,,,,,,【例】かぬとぅんか゚ んどぅんすや ひらいむぬい,〈あの人が言っていることはうわべだけだ〉,,,,,,,,,,,,,,,,,,,,
1350,1,,ひらいｎく゚りさん,,[hiraiŋurisaN],,(形容詞),229,,付き合いにくい。「ひらい」に接辞「~んく゚りさん」が付いた形。,,,,,,,【例】にきにぐさびてぃ ひらいんく゚りさぬ,〈近づきにくくて付き合いにくい〉,,,,,,,,,,,,,,,,,,,,
1351,1,,ひらいだっつぁん,,[hiraidaCaN],,(形容詞),229,,付き合いやすい。,,,,,,,【例】まーてぃ あいすん あいてぃ ひらいだっつぁん ,〈とても愛想もあって付き合いやすい〉,,,,,,,,,,,,,,,,,,,,
1352,1,,ひらぎさん,,[hiragisaN],,(形容詞),229,,涼しい。,,,,,,,【例】ひらぎさる ‘とぅむてぃ ないぬてぃん つぁー とぅり,〈涼しい朝のうちに草取りしなさい〉,,,,,,,,,,,,,,,,,,,,
1353,1,,びらぎるん,,[biragir-],,(動詞),229,,(~を)開く。,,,,,,,【例】まーびん はん びらぎり,〈もっと足を開きなさい〉,,,,,,,,,,,,,,,,,,,,
1354,1,,ひらぎんたい,,[hiragiNTai],,(動名詞),229,,冷たいこと。冷えること。とても冷たいさまをいう。,,,,,,,【例】かてぃむぬんか゚  ひらぎんたいどぅ=ぶんか゚え,〈おかずが冷めているよ〉,あらーぐ うんな がに うでぃてぃ てぃー ひらぎんたい=ぶんそ,〈ずっと海で泳いで手が 冷たくなっているぞ〉,ちる ひらぎんたい,〈お汁が冷たくなっている〉,,,,,,,,,,,,,,,,
1355,1,,ひらん,,[hiras-],,(動詞),229,,冷ます。,,,,,,,【例】どぅー ひらい,〈湯をさませ〉,,,,,,,,,,,,,,,,,,,,
1356,1,,ぴらんかん,,[PiraNKas-],,(動詞),229,,潰(つぶ)す。押し付けて壊す。,,,,,,,【例】はぐ ぴらんかし,〈箱を潰す〉,,,,,,,,,,,,,,,,,,,,
1357,1,,びりるん,,[birir-],,(動詞),230,,糸や繊維がもつれる。,,,,,,,【例】いとぅ びりどぅ=ぶる,〈糸がからまっている〉,,,,,,,,,,,,,,,,,,,,
1358,1,,ひる,,[hiru],A,(名詞),230,,植物名。ニンニク。強壮剤として食用、また薬用にも重宝がられる。,,,(語源)日本語ヒ ル〈蒜〉に対応。,[*peru>heru>hiru],(関連用語)ひるさぎ〈ニンニク酒〉/ひ るぎっち〈ニンニクを泡盛と砂糖に漬けたもの〉,,【例】ひ るぬ かだい きー つぁぬ,〈ニンニクの匂いがして臭い〉,,,,,,,,,,,,,,,,,,,,
1359,1,,ひるぐ,,[hirugu],,(名詞),230,,寒気。冷え込み。天候が崩れること。,,,,,,,【例】にんがち ひるぐ ない くゎいたたまい どぅー きるんすや,〈二月の寒気が襲来し、かじかんで体が激しく縮こまるほどだ〉,,,,,,,,,,,,,,,,,,,,
1360,1,,〜ひるん,1,[hir-],A,(助動詞),230,,~(て)くれる。~(て)あげる。~(て)くださる。動詞「ひるん(1)」が助動詞化したもの。,,,,,,,【例】 あ さ ー   ど ぅ な ん-く と ぅ ば   し っ ぱ い   な ら し=ひ り よ ,〈おじいちゃん、与那国方言をたくさん教えてくださいね〉,うるま=たぶ ぐ ‘たーぶぐ とぅらし=ひり,〈「うるまタバコ」を二つください〉,うんに いし=ひり,〈そのようにやってください〉,,,,,,,,,,,,,,,,
1361,1,,〜ひるん,2,[hir-], ,(助動詞),230,,~(て)いく。動詞「ひるん(2)」が助動詞化したもの。,,,,,,,【例】 あ ぬ や   だ ま ぬ みんき はい=ひるん,〈私は山中に入っていく〉,,,,,,,,,,,,,,,,,,,,
1364,1,,びるん,1,[bir-],A,(動詞),231,,〔他〕(～を)植える。,,,(語源)日本語ウエル〈植 える〉に対応。,[uwe->we(r)->ber->bir-],,,【例】うんてぃ びるん,〈サツマイモを植える〉,いややはたぎんき ひてぃ ないどぅ びー=ぶる=はでぃどー,〈父は畑に行っ て苗を植えているはずだよ〉,すー つまがらや ういぬ たな あまだ  びんだぎよ,〈今日の昼からは上の畑にサトウキビを植えようよ〉,うー う まんき びー=うとぅぎ,〈これをここに植えておけ〉,,,,,,,,,,,,,,
1365,1,,びるん,2,[bir-], ,(動詞),232,,酔(よ)う。,,,(語源)日本語ヨウ(ヱフ〈)酔う〉に対応。,[wew- >be'->bi->bir],,,【例】かぬとぅや、んぬ さぎ ぬむ まいに びらぬ つり ぬ みたばどぅ びらぬたるてぃら,〈あの人は昨日酒を飲む前に酔い止め薬を飲んだので酔わなかったのだね〉,うぬとぅや だーさばたんきどぅ さぎ  ぬみ=ぶるゆんがらどぅ、うんに びー=ぶる,〈この人は空腹で酒を飲んだ ので、このように酔っている〉,,,,,,,,,,,,,,,,,,
1366,1,,びんが,,[biNga],A,(名詞),232,,男。男性。,,,(語源)沖縄方言ウィキガ/wikiga/ に対応。,[*wekuga>beNga>biNga],(関連用語)びんがみぬんか゚〈男勝り。女傑〉,,【例】びんがや うまぬ かたに いす-かばい きー=とぅらし=わり,〈男性の方はこちらでお着替えください〉,びんがんでぃ んでぃてぃ  うぬ さぐどぅ しから あるな,〈男のくせにこの程度の力しかないのか〉,,,,,,,,,,,,,,,,,,
1367,1,,ひんぎるん,,[hiNgir-],,(動詞),232,,逃げる。,,,(語源)沖縄 方言フィ ンギユン /(1)FiNgiyuN/ に対応。,,,,【例】ひびだんか゚ だまんき ひんぎ,〈山羊が山に逃げた〉,,,,,,,,,,,,,,,,,,,,
1368,1,,ひんぐ,,[hiNgu],,(名詞),232,,鍋などに付く煤(すす)。,,,,,,,【例】てぃむぬ むやば ひんぐ びっかい てぃん  んまん=くまん どぅんぐりるゆんがら うー うっとぅんでぃ あはり=きー=ぶたる,〈薪を燃やすと煤がくっ付き手もあっちもこっちも汚れるのでそれを落とそうと苦労したものだ〉,なびぬ ひんぐ うっとぅんでぃや  はまがら なびちゃ みき=してぃ がばら=がばら ちっつし=ぶたる,〈煤を落とすためには浜から軽石を探してきて、ガランガランと(音を立てな がら)擦っていた〉,,,,,,,,,,,,,,,,,,
1369,1,,ひんたくみるん,,[hiNTaKumir-],,(動詞),233,,押さえ込む。押し込む。,,,,,,,【例】‘てぃぶにんき はいむぬ ひんたくみ いりる んでぃ いし=ぶる,〈口に食べ物を押し込んで入れようとしている〉,かり や くとぅばし ‘とぅー ひんたくみるんでぃ いしどぅ=きる,〈彼は言葉 で人を押さえ込もうとする〉,,,,,,,,,,,,,,,,,,
1370,1,,びんだらい,,[biNdarai],,(名詞),233,,洗面器(せんめんき)。,,,,,,,【例】びんだらいんき みん たみり,〈洗面器に水をためなさい〉,,,,,,,,,,,,,,,,,,,,
1371,1,,びんでぃるん,,[biNdir-],,(動詞),233,,飽(あ)きる。,,,,,,,【例】すーん ぐやな? まー びんでゃん,〈今日もニガウリ？　もう飽きた〉,どぅぬ はなし=ばがいし びんでぃ ならぬん,〈同じ話ば かりで飽きてしまった〉,,,,,,,,,,,,,,,,,,
1372,1,,ひんなるん,,[hiNnar-],A,(動詞),233,,減(へ)る。少なくなる。,,,(語源)沖縄方言フィ ナユン /(1)FinayuN/ に対応。 ,[penar->henar->hiNnar-],,,【例】さぎんか゚ ひんないどぅ=ぶるゆんがら あさ んか゚ ぬみゃるてぃら,〈お酒が少なくなっているからおじいさんが呑んだだろうね〉,ちでぃみ=うとぅてぃたる かちんか゚ ばがらぬた うんに ひ んない=ぶんすや,〈しまっておいた菓子が知らない間にこんなに減っている ね〉,むぬや かがしんか゚し(からがしんか゚しゃ) ひんないどぅ きる,〈物 は乾燥させたら減るものだ〉,,,,,,,,,,,,,,,,
1373,1,例文なし,ぶいか,,[buiKa],,(名詞),233,,甥(おい)。自分より年上の第一の甥。,,,,,,,,,,,,,,,,,,,,,,,,,,,,
1374,1,,ふいつぁらん,,[huiCaras-],,(動詞),233,,散らす。(種を)蒔く。,,,,,,,【例】くまみ ふいつぁらし,〈青豆をまく〉,,,,,,,,,,,,,,,,,,,,
1375,1,,ぷい=つん,,[PuiC-],B,(動詞),233,,(1)噛む(かむ)。咬む。噛み切る。,,,,,,,【例】‘たー ぷい=ちゃん,〈舌を噛んだ〉, いぬてぃんか゚ てぃー ぷいち,〈子犬が手を咬んだ〉,,,,,,,,,,,,,,,,,,
1375,2,,ぷい=つん,,[PuiC-],B,(動詞),233,,〔他〕(虫などが)刺す。咬む。食う。,,,,,,,【例】ぬんに ぷい=つぁりたん,〈蚤に食われた〉,かだんくんか゚  ぷい=ちー,〈蚊が刺す〉,んかでぃんき ぷいつぁり,〈ムカデに咬まれた〉,,,,,,,,,,,,,,,,
1376,1,,ぶいは,,[buiha],A,(名詞),234,,甥(おい)。姪(めい)。「ぶいか」とも。,,,,,,,【例】うぬ びんが あがみてぃとぅ  みぬんか゚ あがみてぃや あんか゚ ぶいはどぅ,〈この男の子と女の子は私の甥姪です〉,かりや あんか゚ ぶいはどぅ ない=ぶる,〈彼(彼女)は私の甥(姪)だよ〉(関連用語)びゅっか,〈年上の娚〉,ながびゅっか,〈年上の二番目の 娚〉,びゅっかてぃ,〈年上の三番目の娚〉,みまに,〈年上の姪〉,みまにてぃ,〈年上の妹姪〉,,,,,,,,,
1377,1,,ふー,1,[hu],A,(名詞),234,,帆(ほ)。,,,(語源)日本語ホ〈帆〉に対応。 ,[po>ho>hu],,,【例】かたふ むたしば かたみぬ ぬだ うとぅし むるふ むた しば むるみぬ ぬだ うとぅし,〈片帆を揚げたら、片目の涙を落とし、諸帆を揚げたら、両目の涙を落とし。(「スンカニ」より)〉,んかちや はい-か でぃ ‘くんす まてぃてぃどぅ ふー あんき゚ んに んだし=ぶたる,〈昔 は南風が吹くのを待って帆を揚げ船出していた〉,,,,,,,,,,,,,,,,,,
1378,1,,ふー,2,[hu],B,(名詞),234,,穂。,,,,,,,【例】うらぶだぎぬ むとぅぬ たんたや まい でぃぎ ふーぬはな  さてぃ あびゃんすやー,〈宇良部岳のふもとの田などでは稲穂が咲いて米の出来栄えがよく黄金色になってきれいだね〉,すーや ふーむぬんでぃ ん どぅんさい,〈今日は稲穂の物忌祭だというよ〉(関連用語)あーぬ ふー,〈粟 の穂〉,ふーむぬん,〈穂ばらみの頃の物忌祭〉,まいぬ ふー ,〈稲の穂〉, むんぬ ふー,〈麦の穂〉,,,,,,,,,,,
1379,1,,ふー,3,[hu], ,(名詞),234,,運。幸運。,,,,,,,【例】‘たいんか゚ まいさる ‘とぅや ふーんか゚ すさんでぃどぅ  んだり=ぶる,〈額の広い人は運が強いといわれている〉,,,,,,,,,,,,,,,,,,,,
1380,1,,ぶー,1,[bu], ,(名詞),234,,(1)緒(お)。下駄(げた)、草履(ぞうり)などの鼻緒(はなお)。,,,,,,,【例】あちだぬ  ぶー ちっち=みぬん,〈下駄の鼻緒が切れてしまった〉,,,,,,,,,,,,,,,,,,,,
1380,2,,ぶー,1,[bu], ,(名詞),234,,紐(ひも)。,,,,,,,【例】 かがんぬ ぶー。 かさぬ ぶー,〈カガンの紐。笠の紐〉,,,,,,,,,,,,,,,,,,,,
1381,1,,ぶー,2,[bu], ,(名詞),234,,棒(ぼう)。,,,,,,,【例】ぶー むてぃ こー,〈棒を持っておいで〉,,,,,,,,,,,,,,,,,,,,
1382,1,,ぶー,3,[bu], ,(名詞),235,,苧麻(ちょま)。,,,,,,,【例】あぶんか゚ ぶー うみ=ぶん,〈おばあさんが苧麻を紡いでいる〉,ぶー とぅいんでぃ はたぎんき でぃ,〈苧麻を採りに畑に行こ う〉,,,,,,,,,,,,,,,,,,
1383,1,,ぶーる,,[buru],,(名詞),235,,皆。全部。全て。「むーる」とも。,,,,,,,【例】ぶーる はい=ちでぃみ,〈みんな食べ尽くした〉,んかちや がっくに ぶーるぬ せいとんき なちら ぬまみ=ぶたん,〈昔は学校で(回虫駆除のため)全生徒に海人草を飲ませていた〉,,,,,,,,,,,,,,,,,,
1384,1,,ふが,,[huga],C,(名詞),235,,外。,,,(語源)日本語ホカ〈他〉に対応。,[poka>hoga>huga],,,【例】ふがや あっつぁりゃ ながんき はい=わり,〈外は暑いので中へお入りください〉,,,,,,,,,,,,,,,,,,,,
1385,1,,ふがらさ,,[hugarasa],A,(感動詞),235,,ありがとう。,,,,,,,【例】ぱしゃる いゆんきん ふがらさーんでぃ かんがい な らいよーんでぃ いやんか゚ んでぃ=わたんど-,〈釣った魚にも感謝しろと親父がおっしゃっていた〉,,,,,,,,,,,,,,,,,,,,
1386,1,,ふがらさん,,[hugarasaN],,(形容詞),235,,ありがたい。嬉しい。,,,(語源)日本語ホコラシイ〈誇らしい〉に対応。,[pokorasisaN>ho gorasaN>hugarasaN],,,【例】くんに いし=とぅらし=わい しかーとぅ ふ がらさんでぃどぅ うまりる,〈このようにしてくださり、たいへんありがたいと思います〉,,,,,,,,,,,,,,,,,,,,
1387,1,,ぶぐりるん,,[bugurir-],,(動詞),235,,溺(おぼ)れる。,,,(語源)古語オボホレル〈溺れ る〉に対応。,[*obokure->bogure(r)->bugurir-],,,【例】あがみんか゚ かーに ぶぐりどぅ=ぶるどー,〈子供が川で溺れているぞ〉,あらーぐ うっか かんでぃ みだてぃ ぶぐり,〈とっ ても借金がかさんで頭がすっぽり沈んでいる〉,,,,,,,,,,,,,,,,,,
1388,1,,ふぐん,1,[huguN], ,(名詞),235,,フクギ。オトギリソウ科の常緑小高木。「ふぐん-き」とも。,,,(語源)西日本方言フクギ〈福木〉に対応。,[pukugi>huguzi>huguN],,,【例】 ふ ぐ ん-き や かたがんでぃどぅ だしきぬ とぅまるんき びーぶる,〈フクギは防風林として家の周囲に植えられている〉,,,,,,,,,,,,,,,,,,,,
1389,1,,ふぐん,2,[hug-], ,(動詞),236,,掃(は)く。,,,(語源)日本語ハク〈掃く〉に対応。 ,[pawak->pauk->hoog->hug-],,,【例】だーぬ なが ‘くん かんでぃどぅ=ぶんか゚ら ふぎ,〈家の中にほこりが溜まっているから掃きなさい〉,,,,,,,,,,,,,,,,,,,,
1390,1,,ふぐんどぅみいる,,[huguNdumi'iru],,(名詞),236,,黄色。フクギ染めの色。,,,,,,,【例】ふぐんぬ いしどぅ ふぐんどぅみいる すみ る,〈フクギの実(の染料)で黄色を染めている〉,,,,,,,,,,,,,,,,,,,,
1391,1,,〜ぶさん,,[busaN],,(接辞),236,,~(し)たい。動詞の連用形に接続して〈希望〉を表す。「ふさん」〈欲しい〉が接辞化したもの。,,,,,,,【例】あぬや がっくぬ べんきょー いてぃばん ないぶ さん,〈私は学校の勉強で一番になりたい〉,うんにぬ くちさや まー きー ぶさ みぬん,〈こんな苦しさはもうしたくない〉,,,,,,,,,,,,,,,,,,
1392,1,,ふす,,[husu],A,(名詞),236,,臍(へそ)。,,,(語源)古語ホゾ(ホソ)に対応。,,(関連用語)ふ すちあぶ〈助産婦〈臍(の緒)切り婆〉の意〉,,【例】あんか゚どぅ うぬ あがみてぃぬ ふす ちゃる,〈私がこの子の臍(の緒)を切ったんだよ〉,,,,,,,,,,,,,,,,,,,,
1393,1,,ふた,,[huTa],C,(名詞),236,,「ふった」とも。包丁(ほうちょう)。,,,(語源)日本語ホウチョ ウ〈包丁〉に対応。,[pautyau>hoocya>huTa],,,【例】うぬ ふたや つぁぬんすや,〈この包丁は切れないな〉,うみ ある ふた とぅい=とぅらし=んに,〈そこに ある包丁を取ってくれ〉,(関連用語)ふったうや。法事やお祝いなどの行 事 の 調 理 責 任 者 。,【例】 い や   ど ゎ い=き ー=う や ん で ぃ ど ぅ   い し=ぶ る ゆんがら ふたうや ない うったい=とぅらし=わり,〈父上のお祝いをし てさし上げようと思っておりますので、どうか調理責任者になり、指示して ください〉,,,,,,,,,,,,,,,
1394,1,,〜ぶた,,[buTa],,(接辞),236,,〈~の大きな人〉という意味を表す接尾辞。,,,,,,,【例】いー まーしく はいてぃ ばたぶた なんなよ,〈ご飯をたくさん食べてお腹の大きな人になるなよ-〉,,,,,,,,,,,,,,,,,,,,
1395,1,,ふたｎき゚るん,,[huTaŋir-],,(動詞),237,,撒(ま)く。,,,,,,,【例】ちなん ふたんき゚るんど,〈砂を撒くよ〉,,,,,,,,,,,,,,,,,,,,
1396,1,,ぶださ,,[budasa],,(名詞),237,,伯父。,,,,,,,【例】ぶたさんか゚ あった だまぬちまがら んにし わるんさい,〈伯父が明日、石垣島から船でいらっしゃる〉,,,,,,,,,,,,,,,,,,,,
1397,1,,ふち,1,[huCi],A,(名詞),237,,星。,,,(語源)日本 語ホシに対応。,[posi>hosi>huCi],,(文化的・民俗学的背景)しかまふち。仕事 星の意。宵の明星。この星が東の方に出る時が粟の植え付けによいとされた。 また「しかまふち」は、人頭税時代、農民がこの明かりを頼ってまで働かな ければ貢納を果たすことができなかったことの名残だという。,【例】なーりふち んなりたんど,〈流れ星が見えたよ〉,しかまふち い りるた はたらぎよ,〈仕事星(宵の明星)が出るまで働きなさい〉,,,,,,,,,,,,,,,,,,
1398,1,,ふち,2,[huCi], ,(名詞),237,,灸(きゅう)。,,,,,,,【例】 か や   だ み ど ぅ=ぶ り ゃ   ふ ち   だ て ぃ=と ぅ ら し=ん に,〈肩が凝っているので、お灸をしてください〉,,,,,,,,,,,,,,,,,,,,
1399,1,,ぶち,,[buCi],,(名詞),237,,節(ふし)。,,,,,,,【例】たぎぬ ぶち,〈竹の節〉,,,,,,,,,,,,,,,,,,,,
1400,1,,ふち　きるん,,[huCi+kir-],,(連語),237,,歌う。,,,,,,,【例】くちさぬ ながに あいてぃん ふち きりゃ ちむ すりるん,〈苦しさの中にあって歌は楽しみであった〉,,,,,,,,,,,,,,,,,,,,
1401,1,,ふちぬは,,[huCinuha],,(名詞),237,,蓬(ヨモギ)。,,,,,,,【例】さにてぃや ふちぬはむてぃ ‘くい どぅばぐ むてぃ  うんながんき みぬんか゚ぬ だぐばらいんでぃ はん ‘きーんでぃ ひー=ぶんど,〈旧三月三日はヨモギ餅を作り重箱を持って海に女の厄払いのため足を浸けに行っていたよ〉,,,,,,,,,,,,,,,,,,,,
1402,1,,ぶったるん,,[buTar-],A,(動詞),237,,疲れ果てる。根が尽きる。,,,(語源)沖縄方言ウゥ タユン /(1)wutayuN/ に対応。,[wotar- >botar->buTar-],,,【例】ぶったるた ‘とぅに ‘かり,〈精根尽きるまで人に使われた〉,,,,,,,,,,,,,,,,,,,,
1403,1,,ふてぃ,1,[huTi],C,(名詞),238,,箒(ほうき)。,,,(語源)日本語ホウキに対応。,[pauki>hooci>h uTi],(関連用語)たぎふてぃ〈竹箒〉/あんく゚いふてぃ〈クロツグの箒〉/どぅ しきふてぃ〈ススキの箒〉/ばらふてぃ〈藁箒〉/ふてぃてぃ〈小さい箒〉 /とぅでぃちぬ ふてぃ〈ソテツの箒〉/ばらふてぃ〈藁箒。藁で作った箒〉,,【例】きーぬ はー ふてぃし はてぃ どぅしるん,〈木の葉を箒で掃いて集める〉,たぎふてぃや つぁだぎ くさんだぎ うんなるんた  んまなが まいだぎがら とぅい=してぃどぅ どぅーし ‘くい=ぶたる,〈竹箒はリュ ウキュ ウチク、ホテイチク、タイミンチクなどを嶋仲、前岳から 採ってきて自分で作っていた〉,,,,,,,,,,,,,,,,,,
1404,1,,ふてぃ,2,[huTi], ,(名詞),238,,稲光(いなびかり)。,,,(語源)ホテリ〈火照り〉に対応。,[poteri>hotei>hoTei>hu Ti],,,【例】どぅびぬ ふてぃんか゚ にぐらたんすや,〈夕べの稲光はすごかったね〉,,,,,,,,,,,,,,,,,,,,
1405,1,,ふでぃ,,[hudi],,(名詞),238,,筆(ふで)。,,,(語源)日本語フデに対応。,[pude>hudi],,,【例】ばんか゚ ぐまるたや いー かぐんでぃや クレヨン みぬ たるゆんがら ふでぃんき ちん びきてぃ かてぃ=ぶたる,〈私が小さい頃は絵を描くにはクレヨンがなかったので、筆に墨を付けて書いていたよ〉,,,,,,,,,,,,,,,,,,,,
1406,1,,ぶでぃ,,[budi],A,(名詞),238,,歌。踊り。「ぶどぅい」とも。,,,,,,,【例】ぶでぃ=はにんき どぅでぃどぅ あんが ら んにてぃん うむつぁんすや,〈テンポよく、華やかに上手に踊るので見ていても面白いね〉,ないがら どぅなんちまぬ ぶでぃぬ かでぃかでぃ  あんぎ つぁりるんがら、んに とぅらしわり,〈今から与那国島の踊りの 数々をご披露しますので、どうぞご覧ください〉,,,,,,,,,,,,,,,,,,
1407,1,,ぶとぅ,,[buTu],A,(名詞),238,,夫(おっと)。,,,(語源)日本語オッ ト〈夫〉に対応。,[wopito>boTo>buTu],,,【例】ぶとぅや どぅーにんまいに まいすん,〈夫は十年前に亡くなった〉,,,,,,,,,,,,,,,,,,,,
1408,1,,ぶとぅ　むとぅん,,[buTu+muT-],A+B,(連語),238,,結婚する。「夫を持つ」の意。女性に対して用いる。,,,,,,,【例】 み ぬ ん か゚ あ が み や  はやぐ ぶとぅ むたし だらい,〈女の子は早く嫁がせなさい〉,,,,,,,,,,,,,,,,,,,,
1409,1,,ぶどぅい,,[budui],A,(名詞),239,,踊(おど)り。,,,(語源)日本語オドリに対応。,[wodori>bodoi>budui],,,【例】ばぬ んたいんとぅや ぶどぅい ならい=ぶん,〈私たち三人は踊りを習っている〉,,,,,,,,,,,,,,,,,,,,
1410,1,例文なし,ふとぅぎ,,[huTugi],B,(名詞),239,,仏(ほとけ)。,,,,,,,,,,,,,,,,,,,,,,,,,,,,
1411,1,,ぶとぅてぃ,,[buTuTi],A,(名詞),239,,一昨日(おととい)。,,,(語源)日本語オトトイ(ヲトトヒ)に対応。,[wototoi>botot oi>buTuTi],,,【例】 ぶ と ぅ て ぃ   し て ぃ   ま て ぃ=ぶ る ,〈一昨日来て待っているんだよ〉,,,,,,,,,,,,,,,,,,,,
1412,1,,ふどぅるん,,[hudur-],A,(動詞),239,,大きくなる。成長する。育つ。,,,(語源)沖縄(伊江島)方言プ ドゥ ウィー ユン /pudu]wiiyuN/ に対応〈程生いる〉の意。,[podo+oi->hodoi(r)- >huduir-...>hudur-],,,【例】うぬ あがみてぃんか゚ ふどぅるん す はやんすや,〈この子が成長するのは早いね〉,,,,,,,,,,,,,,,,,,,,
1413,1,,ふとぅんてぃら,,[huTuNTira],,(名詞),239,,束子(たわし)。,,,,,,,【例】なびらぬ ふとぅんてぃら,〈ヘチマの束子〉,,,,,,,,,,,,,,,,,,,,
1414,1,,ぶない,,[bunai],,(名詞),239,,姉妹。男から言う語。,〔対〕びぎ,,(語源)沖縄方言ウゥ ナイ /wun ai/ に対応。,[wonari>bonai>bunai],(関連用語)すだぶない〈年上の姉妹〉/う とぅとぅぶない〈年下の姉妹〉,,【例】すだぶないや ぶらぬん。 うとぅとぅ ぶないんか゚どぅ ぶる,〈姉はいない。妹がいる〉,,,,,,,,,,,,,,,,,,,,
1415,1,,ふに,,[huni],C,(名詞),239,,骨(ほね)。,,,(語源) 日本語ホネ〈骨〉に対応。,[pone>hone>huni],(関連用語)亡くなった人の骨〈亡 くなった人の骨を「んにとぅぬ ふち」という。「ふに」でなく「星(ふち)」になる,,【例】 い ゆ ぬ   ふ に   ぬ ん か ま い て ぃ   い さ ぬ や ん き   ひ た る=くとぅ あいどぅ=ぶる,〈魚の骨を喉に引っかからせて医院に行ったことがある〉,ふに ぶい しかま きたや ‘とぅー=まさいに たたりるんどー,〈骨を折って(=真面目に)仕事すれば他人よりよい生活ができるよ〉,,,,,,,,,,,,,,,,,,
1416,1,,ぶぬ,,[bunu],,(名詞),240,,斧(おの)の総称。てぃむぬばいぶぬ(薪割り斧)、だましぶぬ(山斧)など。,,,(語源)日本語オノ〈斧〉に対応。,[wono>bono>bunu],,,【例】 まいさる てぃむぬや ぶぬし あがし ばい=ぶたる,〈大きな薪は斧を使って裂き割っていた〉,,,,,,,,,,,,,,,,,,,,
1417,1,,ぶはり,,[buhari],,(名詞),240,,大雨の後、雨が小降りになること〈小晴れ〉の意。,,,(語源)奄美(与 論)方言フバリュ ン /hubaryuN/〈小降りになる〉に対応。,[wopare>bohare>bu hari],,,【例】ぶはり なんさい。 あみ だむ=はでぃど,〈小降りになってきた。雨は止むはずよ〉,,,,,,,,,,,,,,,,,,,,
1418,1,,ぶはりるん,,[buharir-],,(動詞),240,,大雨の後、雨が小降りになる。〈小晴れる〉の意。,,,(語源)奄美(与論)方言フバリュ ン /hubaryuN/〈小降りになる〉に対応。,[wopare>bohare>buhari],,,【例】あみ ぶはるんどー,〈雨が小降りになったよ(ほとんど降っていないよ)〉,,,,,,,,,,,,,,,,,,,,
1419,1,,ぶぶ,,[bubu],,(名詞),240,,瀉血(しゃけつ)。「ぷぷ」とも。治療のために血を抜く民間療法。発熱や化膿した時に行う。,,,,,,,【例】 う ぬ   だ み や   う て ぃ=か た な   き ー   ぶ ぶ   き た や   ぬるんどー,〈この病気はカミソリを当てて瀉血すると治るよ〉,,,,,,,,,,,,,,,,,,,,
1420,1,,ぷむん,,[Pum-],,(動詞),240,,しゃぶる。,,,,,,,【例】あがみ なてぃ=ぶんがら ちー ぷまみてぃ しかま  きり,〈子供が泣いているから乳をしゃぶらせ仕事しなさい〉,,,,,,,,,,,,,,,,,,,,
1421,1,,ふむんたい,,[humuNTai],A,(動名詞),240,,燻(くすぶ)ること。,,,,,,,【例】てぃむぬんか゚ ふむんたい。 きぶんつぁ ならぬ んすや,〈薪が燻っている。煙たくてならない〉,,,,,,,,,,,,,,,,,,,,
1422,1,,ふゆ,,[huyu],A,(名詞),240,〔季節〕,冬。(1)(2)月~翌(2)月頃をいう。,,,(語源) 日本語フユ〈冬〉に対応。,,,,【例】 だ ま と ぅ が ら   ん で ゃ   ば ん た =ちまぬ ふゆんたや ふゆんでぃや んだにぬんてぃら,〈本土からいえば、我々の島の冬などは冬とはいえないね〉,ふゆや ひさぬ,〈冬は寒い〉,,,,,,,,,,,,,,,,,,
1423,1,,ふゆん,,[huyuN],A,(名詞),241,,怠け者。物ぐさ。無精者。,,,(語源)古語フヨウ〈不用・怠惰〉に対応。,[puyou>huy uu>huyuN],,,【例】かりや ふゆん=ばがいどぅ きー=ぶる,〈彼は怠けてばかりいる〉,ふゆん きんか゚しや いー はにぬんど,〈怠けたら ご飯は食べられないよ〉,,,,,,,,,,,,,,,,,,
1424,1,,ふらみ,,[hurami],A,(動名詞),241,,暗くなること。,〔類〕ふらんだまい。,,,,,,【例】きっつぁ ふらみ=すんすや,〈こんな早く暗くなるとは〉,,,,,,,,,,,,,,,,,,,,
1425,1,,ふらむん,,[huram-],,(動詞),241,,暗くなること。,,,,,,,【例】てぃんや ふらみ はでぃみ,〈空が暗くなり始めた〉,,,,,,,,,,,,,,,,,,,,
1426,1,,ふらんだまい,,[huraNdamai],,(動名詞),241,,曇っていること。今にも雨が降りそうな様子。,,,,,,,【例】はいばたぬ てぃん ふ らんだまい=ぶんそ。 まい したた ちでぃみり,〈南の空が曇ってきたぞ。(干してある)お米を早く片付けなさい〉,ふらんだまい=すんすや あみ  ふるんでぃてぃら,〈薄暗くなってきたけど、雨が降るかもね〉,,,,,,,,,,,,,,,,,,
1427,1,,ぶり,,[buri],,(名詞),241,,無礼。,,,(語源)日本語ブレイ〈無礼〉に対応。,[burei>buri],,,【例】ぶり きみとぅらい,〈無礼させてください〉,,,,,,,,,,,,,,,,,,,,
1428,1,,ふりとぅ,,[huriTu],,(名詞),241,,気違い。精神状態が正常でないこと。,,,,,,,【例】ぬ-。くぬ ふりむぬ こー,〈なに。お前、気でも触れたか〉,ふりとぅ ない はいん にちん ばがらぬん,〈気 違いになって南も北も分からない〉,ふりむぬ,〈(冗談で)馬鹿だなあ〉,,,,,,,,,,,,,,,,
1429,1,,ふりや,,[huriya],,(名詞),241,,便所。大小便をするための場所。「ふるや」とも。,,,,,,,【例】ふりやんき ひぶさる  ‘とぅや いててぃ こー,〈トイレに行きたい人は行ってきなさい〉,,,,,,,,,,,,,,,,,,,,
1430,1,,ぶりるん,,[burir-],,(動詞),241,,(~が)折れる。,,,(語源)日本語オレル(ヲレル〈)折れる〉に対応。,[wore->bore(r)->burir-],,,【例】うゆびぬ ふに ぷり=みぬばん,〈指の骨が折れた〉,,,,,,,,,,,,,,,,,,,,
1431,1,,ふりんがるん,,[huriNgar-],,(動詞),241,,震(ふる)える。,,,,,,,【例】んだ くい ふりんがいどぅ=ぶる。 ちむ んとぅしりー,〈あなたの声、震えているよ。気を鎮めなさい〉,,,,,,,,,,,,,,,,,,,,
1432,1,,ぶる,,[buru],,(名詞),242,,皆。全部。全て。「ぶーる」とも。,,,(語源)日本語モロ〈諸〉に対応。 ,[*boro>buru],,,【例】でぃん ぶる ‘かい= ‘かってぃ=み ぬんすや,〈お金を全部使い切ってしまった〉,,,,,,,,,,,,,,,,,,,,
1433,1,,ぶるさ,,[burusa],,(名詞),242,,塊(かたまり)。,,,(語源)沖縄方言 ムルシ /(1)murusi/ に対応。,[morosi-a>borosya>burusa],,,【例】あんか゚ あがみてぃ あるたや ふるさたぬ ‘とぅぶる さ あらーぐ あたら-きてぃどぅ はい=ぶたるどー,〈私が幼い頃は黒糖の一塊をとても大事に食べていたよ〉, ‘とぅぶるさ,〈一塊〉,,,,,,,,,,,,,,,,,,
1434,1,,ふるさた,,[hurusaTa],B,(名詞),242,,黒糖(こくとう)。黒砂糖。,,,(語源)クロサトウ〈黒砂糖〉に対応。,[kurosatau>hurosata>hurusaTa],,,【例】ふるさたや あまだがら ‘くらりるんど,〈黒糖はサトウキビから作られるよ〉,,,,,,,,,,,,,,,,,,,,
1435,1,,ぶるさてぃ,,[burusaTi],,(名詞),242,,小さな塊。「ぶるさ」〈塊〉に指小辞「~てぃ」が付いた形。,,,,,,,【例】さたぬ ぶるさてぃ あぬんき とぅらし=んに,〈砂糖の小塊を私にください〉,,,,,,,,,,,,,,,,,,,,
1436,1,,ふるつ,,[huruCu],C,(名詞),242,,垢(あか)〈フロ糞〉の意か。,,,,,,,【例】みん あみたや はがら ふるつ うとぅし あみりよ,〈水浴びしたらしっかりと垢を落とし浴びなさいよ〉,,,,,,,,,,,,,,,,,,,,
1437,1,,ふるや,,[huruya],,(名詞),242,,便所。大小便をするための場所。「ふりや」とも/豚小屋。,,,(語源)沖縄方言フル /(0)huru/ に対応。 日本語フロ〈風呂〉と同源か。,[puroya>huroya>huruya],,,【例】わーふるやんき わーぬ  あがみてぃ いりゃるゆんがら はまい はみりよ,〈豚便所に子豚を入れたから餌を食べさせなさいよ〉,,,,,,,,,,,,,,,,,,,,
1438,1,,ぶるん,,[bur-],,(動詞),242,,〔他〕(~を)折る。,,,(語源)日本語オル(ヲル)〈折る〉に対応。,[wor->bor->bur-],,,【例】どぅだ ぶい,〈枝を折る〉,あがみんか゚ むんどぅ=きー かんな ぶい=みぬんすや,〈子供がけんかをして腕を折ってしまった〉,,,,,,,,,,,,,,,,,,
1439,1,,ぷるん,,[Pur-],,(動詞),243,,吸う。しゃぶる。,,,,,,,【例】あがみ ながんな。 ちー ぷらみり,〈赤ちゃんを泣かすな。お乳を吸わせなさい〉,,,,,,,,,,,,,,,,,,,,
1440,1,,ふん,1,[huN], ,(名詞),243,,釘。「くん」「くでぃ」とも。舟を造る時の木材用の釘。現在の釘は「うんか゚にん」「ういがに」という。,,,(語源)日本語クギ〈釘〉に対応。,[kugi>huzi>hudi>huN],,,【例】うんか゚にん むてぃ こー,〈釘を持ってこい〉,か らしき とぅみるりゃ くぅわるーき いらび、ふん しくんきれ,〈広小舞 (瓦を留める平板)をたる木に留めるので、堅い木で釘を準備しなさい〉,ふん うってぃ=とぅらしんに,〈釘を打ってください〉,,,,,,,,,,,,,,,,
1442,1,,ふん,3,[ha-],B,(動詞),244,,(植物の蔓などが)這(は)う。,,,(語源)日本語ハウに対応。,[paw->ha'->ha-],,,【例】カンダ かまくま はいぶんすや,〈カズラがあちらこちらにと這っているね〉,,,,,,,,,,,,,,,,,,,,
1443,1,〔他動詞〕要検討。,ふん,4,[hus-],A,(動詞),244,,〔他動詞〕(~を)閉める。閉じる。,,,,,,,【例】ひーさんがら だどぅ ふい,〈寒いから戸を閉めろ〉,,,,,,,,,,,,,,,,,,,,
1444,1,,ふん,5,[hus-],B,(動詞),244,,干(ほ)す。,,,(語源)日本語ホス〈干す〉に対応。,[pos->hos-],,,【例】てぃだんき ふい,〈太陽に干しなさいよ〉,,,,,,,,,,,,,,,,,,,,
1445,1,,〜ぶん,,[bur-],A,(助動詞),244,,~(て)いる。動詞の連用形に接続し、進行や結果の残存を表す。動詞「ぶん」が助動詞化したもの。,,,,,,,【例】ぬー きー=ぶたんか゚?,〈何をしていたの?〉, ひびだんか゚ ‘とぅむてぃがら ‘たー なてぃ=ぶん,〈山羊が朝からずっと鳴 いている〉,,,,,,,,,,,,,,,,,,
1447,1,,〜ぶんかん,,[buNKas-],,(助動詞),245,,~(て)しまう。動詞「ぶんかん」〈放る〉の助動詞化したもの。,,,,,,,【例】つーま いんく゚りさびてぃ んびるみ きでぃ ‘きー=ぶんかし,〈大便をするのに難儀して肛門を傷つけてしまったよ〉,いちぶぐんき はん きっとぅし  でぃどぅりてぃ ちでぃんか はでぃ=ぶんかし,〈石に足を引っかけ、つま づいて肘をはいでしまったよ(なんということをしてしまったのか)〉,,,,,,,,,,,,,,,,,,
1448,1,,ぶんぎるん,,[buNgir-],,(動詞),245,,化膿(かのう)する。,,,,,,,【例】 あ し ぶ ば   う ん に   ぶ ん ぎ み て ぃ   ‘ か っ て ぃ=う とぅてぃ あんすや,〈おできをこんなに膿ませて放っておいてあるとは〉, ぐまたてぃぬ きでぃんか゚どぅ うんに ぶんぎ=みぬん,〈小さな傷口がこ うも膿んでしまった〉,,,,,,,,,,,,,,,,,,
1449,1,,ふんだい,,[huNdai],,(名詞),245,,甘(あま)えること。,,,,,,,【例】 う と ぅ と ぅ   あ が み や   あ ぶ た ん き   ふ ん だ い   きるん,〈一番下の子がお母さんに甘える〉,,,,,,,,,,,,,,,,,,,,
1450,1,,ぶんでぃ,,[buNdi],A,(名詞),245,,恩義(おんぎ)。,,,(語源)日本語オンギ〈恩義〉に対応。,[*woNgi>boNzi>buNdi],,,【例】‘とぅぬ ぶんでぃや ばっちんなよ,〈人の恩義は忘れるなよ〉,,,,,,,,,,,,,,,,,,,,
1451,1,,ほー,,[ho],,(感動詞),245,,(1)呆れた。(2)驚いた,,,,,,,【例】ほー、たまち てぃんき とぅび=ひゅん,〈ほー、魂が天に飛んでいった〉,,,,,,,,,,,,,,,,,,,,
1451,2,,ほー,,[ho],,(感動詞),245,,感心した。,,,,,,,【例】ほ-、すらさんすや,〈ほー、立派だね〉,,,,,,,,,,,,,,,,,,,,
1452,1,,まー,1,[ma], ,(名詞),245,,最期。今際(いまわ)。,,,,,,,【例】まーんでぃ ないどぅ=わる,〈最期になっていらっしゃる〉,,,,,,,,,,,,,,,,,,,,
1453,1,,まー,2,[ma], ,(副詞),246,,もう。,,,,,,,【例】まー いしゃん,〈もうやった〉,まー いびたてぃ,〈もう少し〉 ,まー うがらてぃ,〈もうそこまで〉,まー うし んさな?,〈もうそれで 良いか?〉,まー しゃんさい,〈もう少しだ〉,まー すっとぅ,〈もう少し〉 ,まー みぬん,〈もうない〉,まー んさんでぃ んどぅた むてぃ=ぶり,〈もうよいというまで持っていろ〉,,,,,,
1454,1,,まー,3,[ma], ,(感動詞),246,,さあ。では。,,,,,,,【例】ぶーる いしゃん。 まー ないや んだ ばん,〈皆やった。さあ今度は君の番だ〉,,,,,,,,,,,,,,,,,,,,
1455,1,,まーしく,,[masiKu],,(副詞),246,,たくさん。,,,,,,,【例】あぬんき まーしく とぅらいよ,〈僕にたくさんくれよ〉, むぬや まーしく あるゆんがら しば きんな,〈物はたくさんあるから心 配するな〉,,,,,,,,,,,,,,,,,,
1456,1,,まーてぃ,,[maTi],,(副詞),246,,とても。大変。,,,,,,,【例】 か ぬ と ぅ や   ま ー て ぃ   ひ ら い=だ っ つ ぁ ん ど ー ,〈あの人はとても付き合いやすいですよ〉,かりんか゚ あぶたや まーてぃ まり あびゃる ‘とぅどぅ あったる,〈彼のお母さんはとても容姿の美しい人だっ た〉,,,,,,,,,,,,,,,,,,
1457,1,,まーびん,,[mabiN],,(副詞),246,,もう少し。もっと。「まびん」、「まーみん」とも。,,,,,,,【例】 ま ー び ん   ば ぎ=と ぅ らい,〈もっと分けてください〉,まーびん べんきょー きらぬとぅ うや びぬ がっくんき ひらにぬんどー,〈もっと勉強しないと上の学校に行けな いよ。(= 進学できないよ)〉,,,,,,,,,,,,,,,,,,
1458,1,,まーみん,,[mabiN],,(副詞),246,,もう少し。もっと。「まーびん」とも。,,,,,,,【例】まーみん はいてぃ ひり,〈もう少し食べて行きなさい〉,,,,,,,,,,,,,,,,,,,,
1459,1,,まーるむぬ,,[marumunu],,(名詞),246,,(1)おいしいもの。,,,,,,,【例】あんか゚ はでぃみてぃ ラムネ ぬみたる=ばすに  うんに まーるむぬんか゚ あんすやーんでぃ うむたん,〈私が初めてラムネを飲んだとき、こんなにおいしいものがあるのかと思った〉,,,,,,,,,,,,,,,,,,,,
1459,2,,まーるむぬ,,[marumunu],,(名詞),246,,料理〈おいしいもの〉の意。,,,,,,,【例】どぅちんたんか゚ まーしく どぅるんでぃ あいてぃ  うぬ ‘とぅんたぬ まーるむぬ ‘くるんでぃ みーふっきら とぅび=ぶ る,〈友達が大勢来るというので、その人たちの料理を作るので多忙を極めている〉,,,,,,,,,,,,,,,,,,,,
1460,1,,まい,1,[mai],A,(名詞),247,,稲。米。精米する前の米。,,,(語源)日本語マイ〈米〉に対応。,,,,【例】 ま い   ふ し=ぶ り ゃ   は ど ぅ や   う い よ ,〈稲を干しているからスズメを追っ払いなさいよ〉,,,,,,,,,,,,,,,,,,,,
1461,1,,まい,2,[mai],C,(名詞),247,,前。,,,(語源)日本語マエ〈前〉に対応。,[mawe>ma'e>mai],,,【例】んだ まいぬ ‘とぅや たーや?,〈あなたの前の人は誰だ?〉,,,,,,,,,,,,,,,,,,,,
1462,1,,まいさん,,[maisaN],C,(形容詞),247,,大きい。,,,(語源)沖縄方言マギサン /magisaN/〈大きい〉に対応。,[magesaN>ma' esaN>maisaN],,,【例】あまてぃ んなぬたし うんに まいさぐ なんすや,〈少し見ない間にこんなに大きくなったんだね〉,かりんか゚ かんなや まいさん,〈彼 の腕は大きい〉,まんどぅいや まいさぐ ない,〈パパイヤが大きくなる〉 ,かぬとぅや むぬ はぬ=はでゃんか゚ さぎや ‘とぅか まいさぐ ぬ みどぅ きるてぃら,〈あの人はご飯を食べないだろうが、酒は人より飲むん だろう〉,まいさる ‘とぅんか゚どぅ かとぅ=はでぃや,〈大きい人が勝つだ ろうね〉,,,,,,,,,,,,
1463,1,,まいすｎか゚てぃ,,[maisuŋaTi],,(名詞),247,,ひんぷん。門のところにある目隠し用の垣根。,,,,,,,【例】んかちや まいすんか゚ てぃ つぁーだぎ、だいみょーだぎ、うんなる とぅい=しー あんく゚いん なし んまんきてぃ ‘くい=ぶたる,〈昔はひんぷんをリュウキュウチク、カンザンチク、タイミンチクを採ってきて、クロツグの縄で縛って造っていた〉,,,,,,,,,,,,,,,,,,,,
1464,1,,まいすん,,[mais-],,(動詞),247,,亡くなる。「んにるん」〈死ぬ〉の丁寧語。,,,,,,,【例】あぶや ぐにんまいに まいす る,〈おばあさんは五年前に亡くなっているんだ〉,,,,,,,,,,,,,,,,,,,,
1465,1,例文なし,まいでぃまぐ,,[maidimagu],,(名詞),247,,千歯こき。長さ60cmの角材に幅30cmほど長さ(2)6cmの鋳物の歯を取り付けたもの。足踏み脱穀機が普及する昭和8年頃まで使用された。与那国島への動力脱穀機の導入は昭和40年頃である。,,,,,,,,,,,,,,,,,,,,,,,,,,,,
1466,1,例文なし,まいぬひ,,[mainuhi],,(名詞),248,,稗。,,,,,,,,,,,,,,,,,,,,,,,,,,,,
1467,1,,まいばら,,[maibara],,(名詞),248,,前の方。前側。前方。,,,,,,,【例】まいばらぬ だーにや しんしんか゚どぅ わる,〈前の家には先生がいらっしゃる〉,,,,,,,,,,,,,,,,,,,,
1468,1,,まいび,,[maibi],,(名詞),248,,田植え。,〔同〕たーび,,,,,,【例】まいび とぅらしわりよ,〈田植えをしてくださいよ〉,,,,,,,,,,,,,,,,,,,,
1469,1,,まいふな,,[maihuna],,(名詞),248,,賢(かしこ)い人。利口な人。子供に対して用いる。,,,(語源)宮古方言マイフガ /maifuga/ に対応。※『おもろさうし』の「まゑけが」に対応する。,[maw ekuga>ma'ehuŋa>maihuna],,,【例】くぬ あがみや あ らーぐ はばぐんでゃ。 まいふな あがみど,〈この子供はとても物事を積極的にやる、お利口な子供よ〉,,,,,,,,,,,,,,,,,,,,
1470,1,,まいんぐい,,[mai'Ngui],,(名詞),248,,脱穀(だっこく)。脱穀の道具は「タキンダ」、「マインディマグ」(千歯扱き)、足踏み脱穀機、動力脱穀機と進化してきた。,,,,,,,【例】せんばし まいんぐい  きー=ぶたる でぃぶんや んに ざいらいまいどぅ あいてぃ んぎ  あるゆんがら ‘とぅ-たば ばぎてぃ せんばんき かぎてぃ はん か いてぃ たんく゚い=ぶたる。 んぎ うてぃらぬ むぬや あちみてぃ か てぃ-かばし してぃ んだい うとぅし=ぶたる,〈千歯で脱穀していた時分は、稲は在来米でトゲがあったから一束分けて千歯にかけ、足で押さえながら引っ張っていた。トゲの落ちないものは集めて、杵で打ち、落としていた〉,,,,,,,,,,,,,,,,,,,,
1471,1,,まがい,,[magai],,(名詞),248,,椀(わん)。,,,,,,,【例】 た い ぐ   ま が い   あ ら い   ち る   い り   む て ぃ=こ ー ,〈早く椀を洗ってお汁を入れて持ってこい〉,,,,,,,,,,,,,,,,,,,,
1472,1,,まがん,,[magas-],,(動詞),248,,炊く。,,,,,,,【例】「いー　まがし　はい=ぶな?」「おう　はい=ぶんど」〈「ご飯を炊いて食べているか?」「はい、食べていますよ」〉,,,,,,,,,,,,,,,,,,,,,
1473,1,,まぎるん,,[magir-],A,(動詞),249,,【完了形「まぐん」】(1)負ける。,,,,,,,【例】あいたらし まぐん,〈かけっこに負けた〉,かりんき あいたらし まぎ=みぬばん,〈彼にかけっこ負けてしまった〉 ,まぎるんでぃ うまぬたんか゚ どぅだん きー みぬんすや,〈負けるとは 思わなかったが、油断したんでしょう〉,,,,,,,,,,,,,,,,
1473,2,,まぎるん,,[magir-],A,(動詞),249,,かぶれる。,,,,,,,【例】むぬまぎ きー,〈物に負けた(かぶれた)〉,はんぎ まぎ,〈ハゼの木にかぶれる〉,なちまぎ  きー いー まー みぬん,〈夏負けしてご飯がおいしくない〉,,,,,,,,,,,,,,,,
1473,3,,まぎるん,,[magir-],A,(動詞),249,,悪阻(つわり)になる。,〔同〕さらまぎ,,(語源)日本語マケル〈負ける〉に対応。,[make- >mage(r)->magir-],,,【例】 ま ぎ ど ぅ   き ー=ぶ い   あ ら ぬ か や ? ,〈つわりをしているんじゃないの?〉,さらまぎ きー ならぬんすや,〈つわり がどうにもならない(ひどい)〉,,,,,,,,,,,,,,,,,,
1474,1,,まｎき゚るん,,[maŋir-],A,(動詞),249,,曲げる。,,,,,,,【例】かんな まんき゚るん,〈腕を曲げる〉,たぎ まんき゚るん,〈竹を曲 げる〉,,,,,,,,,,,,,,,,,,
1475,1,,まｎく゚,,[maŋu],,(名詞),249,,孫。,,,(語源)日本語マゴ〈孫〉に対応。,[*umago>maŋo>maŋu],,,【例】まんく゚に あたらぬ むぬや みぬん。 どぅーぬ あがみかん まぐや あたらん,〈孫ほど可愛いものはない。自分の子供より孫は可愛い〉,,,,,,,,,,,,,,,,,,,,
1476,1,,まぐら,,[magura],,(名詞),249,,枕(まくら)の総称。「きまぐら」(木製の枕)や「ぬぬまぐら」(布枕)などがある。,,,,,,,【例】あがみてぃんか゚ ‘くー まぐらや はやまみてぃんた ちんだまぬ  つみ=ぶる ないんた いりてぃ どぅぬどぅし ‘くい=ぶたる,〈子供が使う枕は、大豆やジュズダマの白い実などを入れて、自分で作っていた〉,,,,,,,,,,,,,,,,,,,,
1477,1,,まぐり,,[maguri],,(動名詞),249,,常軌を逸していること。耄碌(もうろく)していること。,,,,,,,【例】かぬ ‘とぅや  まぐりどぅ ぶる,〈あの人は耄碌している〉,,,,,,,,,,,,,,,,,,,,
1478,1,,まｎく゚りるん,,[maŋurir-],,(動詞),249,,なまる。,,,,,,,【例】かたなぬ はー まんく゚り,〈刀の刃がなまっている〉,,,,,,,,,,,,,,,,,,,,
1479,1,,まぐん,1,[mag-],A,(動詞),250,,巻く。,,,,,,,【例】ちぬ たに ながむてぃ きみるんでぃ ばら かたみるんでぃ  すさぐ まてぃ たばんき なし=ぶたる,〈火の種を長持ちさせるため、藁を固めようときつく巻き付けて束にしていた〉,すーや ひさりゃ しだり  ぬびんき まぎー,〈今日は寒いので、タオルを首に巻きなさい〉,,,,,,,,,,,,,,,,,,
1480,1,,まぐん,2,[mag-],B,(動詞),250,,蒔(ま)く。,〔同〕まぶるん,,(語源)日本語マク〈蒔く〉に対応。,[mak->mag-],,,【例】きんだぐにぬ たに まぐん,〈ニンジンの種を蒔く〉,,,,,,,,,,,,,,,,,,,,
1481,1,,〜まさい,,[masai],,(接辞),250,,~以上。~より一層。,,,,,,,【例】うやまさいに しきん あいてぃ=くーよ,〈親以上に世間を歩みなさいよ〉, ‘とぅーまさいに がくむん きる=くとぅど,〈他人よりも勉強することだよ〉,,,,,,,,,,,,,,,,,,
1482,1,,ます,,[masu],C,(名詞),250,,塩。,,,(語源)沖縄方言マー ス /maasu/ に対応。,[masiwo>masi'o>masyo>masu],,,【例】すーぬ ちるや あらーぐ ます いりび んだどぅ あんすや ,〈今日のお汁はたくさん塩が入っていて塩辛いね〉,,,,,,,,,,,,,,,,,,,,
1483,1,,また,1,[maTa], ,(名詞),250,,股(また)。足の股。両足の付け根。,〔同〕またぶす,,,,,,【例】‘とぅぬ まいばらに  また はいてぃ んとぅい=ぶんすや うぬ きならぬ=むぬ,〈人の前で股を張って座っているとは、この役立たず〉,木の枝の分かれているとこ ろ。【例】あがみてぃぬ=ばす きー=ぬい あんび=ぶるたし きぬ ま たんき はん ぱーり うりらにぬんき なったる=くとぅ あい,〈子供の 頃、木登り遊びをしていて、木の股に足を挟まれ、下りられなくなったこと があった〉,,,,,,,,,,,,,,,,,,
1484,1,,また,2,[maTa], ,(副詞),250,,また。,,,,,,,【例】どぅぬ くとぅ また んどぅんすや,〈同じことをまた言うのか〉,また がいどぅ きるな,〈また口答えをするのか〉,つまどぅぎん また  うんてぃどぅ ふーな,〈昼飯もまた芋を食べるのか〉,,,,,,,,,,,,,,,,
1485,1,例文なし,またぶす,,[maTabusu],,(名詞),251,,股(また)。足の股。両足の付け根。,〔同〕また1,,,,,,,,,,,,,,,,,,,,,,,,,,,
1486,1,,またまた,,[maTamaTa],,(副詞),251,,何度も。しばしば。再三。,,,,,,,【例】 ま ー   う ぬ=く と ぅ や   ん ど ぅ ん な よ ん で ぃ  んでゃ またまた どぅぬ はなし きるんすや,〈もうこのことは話題にするなと言ったのに、何度も同じ話を言い出すとは〉,,,,,,,,,,,,,,,,,,,,
1487,1,,またら,,[maTara],C,(名詞),251,〔鳥〕,ツバメ。,,,,,,,【例】うぶ-かでぃぬ まい わしき だんでぃる まいや ま たらんか゚ とぅぶん,〈台風の前、悪天候の前には、ツバメが飛ぶ〉,,,,,,,,,,,,,,,,,,,,
1488,1,,まち,1,[maCi], ,(名詞),251,〔植物〕,松。,,,(語源)日本語マツ〈松〉に対応。,,,,【例】どぅなんぬ まちや はでぃみ ウブユグんき びてぃ うんがら ハインダンき びたる。 ウブユグ また ハインダンや あが んたでぃ あいてぃ なんどぅ きー むいらぬたんか゚ ざいごーぐんじん たんか゚どぅ いぐ=とぅち かがいてぃ びたる,〈与那国の松は、最初ウブユグに植えてそれからハインダンに植えた。ウブユグ、またハインダンは赤土ということもあって双方ともあまり生えなかったが、在郷軍人たちが幾年もかけて植え付けた〉,,,,,,,,,,,,,,,,,,,,
1489,1,,まち,2,[maCi], ,(名詞),251,,勝ること。一方より良いこと。,,,(語源)日本語マシ〈増し〉に対応。,[masi>maCi],,,【例】あぬや あまる むぬか からる むぬどぅ まち,〈僕は甘いものより辛いものが好きだ〉,,,,,,,,,,,,,,,,,,,,
1490,1,,まちるん,,[maCir-],A,(動詞),251,,供える。,,,(語源)日本語マツル〈奉る〉に対応。,[matur->macir->maCir-],,,【例】みたぬちる びでぃりんたんき まち,〈鶏の汁をビディリにも供えた〉,,,,,,,,,,,,,,,,,,,,
1491,1,,まてぃぐ,,[maTigu],,(名詞),251,,ダイサンチク。,〔同〕まてぃぐだぎ,,,,,,【例】まてぃぐぬ ぶちたなが ちてぃ  さい きー=ぶたんか゚ さぎ-かみ きでぃ ‘きー ならぬんでぃ どぅい  なーさ なし かみんき ぬぐり さぎ んみ=ぶたん,〈サイサンチクの節の中ほどを切って、柄杓(ひしゃく)にしていたが、酒甕を傷つけてはいけないと、柄杓の柄(え)を長くし、それを酒甕に差し込んで酒を汲(く)んでいた〉,,,,,,,,,,,,,,,,,,,,
1492,1,,まとぅん,,[maT-],B,(動詞),252,,待つ。,,,,,,,【例】はびるかんき ひるんがら まてぃぶり,〈ハビル館に行くから待っていなさい〉,はびるかんき くんがら まてぃぶり,〈ハビル館に来る から待っていなさい〉,,,,,,,,,,,,,,,,,,
1493,1,,まどぅん,,[maduN],A,(副詞),252,,一緒に。,,,(語源)沖縄方言マジュ ン /mazuN/ に対応。,,,,【例】あがみんた まどぅん すいてぃ=ひらぬとぅ ならぬんでゃ,〈子供たちを一緒に連れていかないといけないんだよ〉,ばんたや ういとぅ どぅ あんさい。 ばがむぬとぅ まどぅんでぃや ならぬんさい,〈私たちは 老人だろ。若者と一緒はできない〉,,,,,,,,,,,,,,,,,,
1494,1,,まにあん,,[mani'as-],,(動詞),252,,間に合わせる。,,,,,,,【例】つまぬ いー まにあし しくん きるん,〈お昼ご飯間に合わせて支度をする〉,,,,,,,,,,,,,,,,,,,,
1495,1,例文なし,まにｎか゚ん,,[maniŋaN],,(名詞),252,,祈願(きがん)。,,,,,,,,,,,,,,,,,,,,,,,,,,,,
1496,1,,まみ,,[mami],B,(名詞),252,,豆。,,,(語源)日本語マメ〈豆〉に対応。,[mame>mami],,,【例】んかち ばやにや あがまみ、くまみ、でぃまみん、はたぎに ‘く い=ぶたんどー,〈昔、私の家では小豆、青豆、南京豆を畑で作っていたよ〉,,,,,,,,,,,,,,,,,,,,
1497,1,,まむ-かんだ,,[mamukaNda], ,(名詞),252,〔植物〕,キダチハマグルマ(キク科)。,〔同〕なーむん。「まま-かんだ」とも。家畜が好む。,,,,,,【例】 う ち=ん ま ぬ   つ ぁ ー   む ら に や  「 ま む-か ん だ 」 ん で ぃ   んでぃ=ぶんか゚ んでぃむらにや 「なーむん」んでぃどぅ んでぃ=ぶ る,〈キダチハマグルマを祖納では「まむかんだ」と言っているが、比川では「なーむん」と言っている〉,,,,,,,,,,,,,,,,,,,,
1498,1,,まゆ,,[mayu],C,(名詞),252,,猫。,,,,,,,【例】まゆんか゚ うむてぃ なでぃんか゚しや あみ ‘たーん,〈猫が顔をなでたら雨が近い〉,まゆや うやんとぅ とぅい どぅでぃど,〈猫はネズミ 捕りが上手だよ〉,,,,,,,,,,,,,,,,,,
1499,1,,まらん,,[maraN],A,(形容詞),253,,短い。,,,,,,,【例】はなしや なーさんか゚しや うむっつぁ みぬん。 まらぐ き りゃどぅ うむっつぁる,〈話は長いと面白くない。短くした方が面白い〉,,,,,,,,,,,,,,,,,,,,
1500,1,,まり,,[mari],,(名詞),253,,姿。容姿(ようし)。,,,,,,,【例】かりんか゚ あぶたや まーてぃ まりあびゃる  ‘とぅどぅ あったる,〈彼のお母さんはとても容姿の美しい人だった〉,,,,,,,,,,,,,,,,,,,,
1501,1,,まり-かいてぃ,1,[marikaiTi], ,(副詞),253,,ときどき。たまに。,,,,,,,【例】まりかいてぃ だーんき わいし とぅらし わり,〈たまには家にもいらっしゃってください〉,,,,,,,,,,,,,,,,,,,,
1502,1,,まり-かいてぃ,2,[marikaiTi],B,(感動詞),253,,久しぶり。,,,,,,,【例】まりかいてぃ。 んま たびば きたんか゚? ‘とぅーん んなにぬたんすや,〈久しぶり。どこかに旅行していたの?全く見えなかったね〉,,,,,,,,,,,,,,,,,,,,
1503,1,,まりゃん,,[maryaN],C,(名詞),253,,鞠(まり)。ボール。「みゃらん」とも。,,,(語源)日本語マリ〈鞠〉に対応。,[mari-a-N>maryaN],,,【例】まりゃんか゚ ちらんき あたたん ,〈ボールが顔に当たった〉,,,,,,,,,,,,,,,,,,,,
1504,1,,まりるん,,[marir-],A,(動詞),253,,(1)生まれる。,,,,,,,【例】ひびだぬ あがみてぃや までぃ まりらぬな,〈山羊の子はまだ生まれないのか〉,はちまんく゚んか゚ まるん,〈初孫が生まれた〉,,,,,,,,,,,,,,,,,,
1504,2,,まりるん,,[marir-],A,(動詞),253,,(人が~に)なる。,,,,,,,【例】まいふな まりりよ,〈立派な人になりなさいよ〉, ‘とぅ に うゆび ささりだぎぬ ‘とぅや まりんな,〈他人に指をさされるような 人になるな〉,,,,,,,,,,,,,,,,,,
1504,3,,まりるん,,[marir-],A,(動詞),253,,(酒、豆腐、味噌、醤油などが)出来上がる。,,,(語源)日本語ウマレル〈生まれる〉に対応。,,,,【例】さぎ ま りるた まてぃ=ぶらにぬん,〈泡盛が出来上がるまで待っていられない〉,,,,,,,,,,,,,,,,,,,,
1505,1,,まるばん,,[marubas-],A,(動詞),253,,転がす。,,,,,,,【例】てぃどぅぐん くぅみてぃ うってぃ まるばし,〈拳を固めて打ち転がした〉,,,,,,,,,,,,,,,,,,,,
1506,1,,まるるち,,[maruruCi],A,(名詞),253,,「まりたるちー」とも。生まれた日。誕生日。,,,,,,,【例】あんか゚ まるるちや ちんがち とぅどぅがぬ ちー,〈私が生まれた日は四月十四の日〉,,,,,,,,,,,,,,,,,,,,
1507,1,,まるんか,,[maruNKa],,(名詞),254,,丸い様子。丸い形。,,,,,,,【例】どぅんく゚やぬ ‘てぃや まるんか,〈十五夜の月は丸い〉,,,,,,,,,,,,,,,,,,,,
1508,1,,まん,,[maN],,(形容詞),254,,おいしい。,,,,,,,【例】あんか゚ むってぃ する むぬ まんさ,〈私が持ってきたものおいしいだろ〉,,,,,,,,,,,,,,,,,,,,
1509,1,,まんか,,[maNKa],,(副詞),254,,(1)正しく。,,,,,,,【例】まんか ひたや がっくんか゚ あん,〈真っ直ぐ行ったら、学校があります〉, ‘とぅぬ あみてぃや まー まんかどぅ あいぐ くとぅ ど,〈人の道は正しく歩むことだよ〉,,,,,,,,,,,,,,,,,,
1509,2,,まんか,,[maNKa],,(副詞),254,,真っ直ぐ。,,,(語源)マムカイ〈真向い〉の転か。,,(関連用語)たんかまん か〈正面に向き合う〉,,【例】まんか あいぎ,〈真っ直ぐ歩きなさいよ〉,,,,,,,,,,,,,,,,,,,,
1510,1,,まんぎらん,,[maNgiras-],,(動詞),254,,急に風が吹き荒れる。わめき散らす。,,,,,,,【例】かりや びーてぃ ばや まんぎ らしてぃ ひゅんさい,〈彼は酔って我が家でわめき散らしていったよ〉,く とぅちや うぶ-かでぃ まんぎらし だー うぶさぐ とぅり=ぶんかし,〈今年は台風が吹き荒れ家屋が多く倒壊した〉,かでぃ まんぎらし ばす  ぶる とぅし=‘かってぃ,〈風が急に吹き荒れ芭蕉がみんな倒れてしまった〉,,,,,,,,,,,,,,,,
1511,1,,まんさぐ,,[maNsagu],,(副詞),254,,あふれるほど。たくさん。,,,,,,,【例】まんさゆんがら ふがらさん,〈あふれるほどなのでありがとう(もう充分です)〉,,,,,,,,,,,,,,,,,,,,
1512,1,,まんてぃ,,[ma'NTi],A,(名詞),254,,再来年。「まー」〈もう〉と「んてぃ」〈三年〉の複合語。,,,(語源)宮古方言ンナみー ティ /Nnamïïti/ に対応。,[*imamite>Nma'NTe>ma'N Ti],,,【例】まんてぃ ならぬ んか゚しゃ どぅみすい きらにぬん,〈再来年にならないと結婚ができない〉,,,,,,,,,,,,,,,,,,,,
1513,1,,まんでぃるん,,[maNdir-],B,(動詞),254,,混合する。入れ合わせる。,,,,,,,【例】くでぃ とぅるた あが ‘つだーり ふる  まんでぃり,〈クジ引きを取るので、赤、白、黒、混ぜなさい〉,,,,,,,,,,,,,,,,,,,,
1514,1,,まんびき,,[maNbiKi],,(名詞),255,〔魚〕,和名シイラ。,〔同〕ひゅーぬいゆ※台湾原住民アミ族も「まんびき」と言っていた,,,,,,【例】まんびきぬ ふにや ますに きてぃ まんどー,〈シイラの骨は塩煮にするとおいしいよ〉,,,,,,,,,,,,,,,,,,,,
1515,1,,みー,1,[mi],A,(名詞),255,,肉。身。食用になる部分。,,,(語源)日本語ミ〈実〉に対応。,,(関連用語)んまぬみ わーぬみ うちぬみ ひびだぬみ みっ たぬみー〈馬の肉、豚の肉、牛の肉、山羊の肉、鶏肉〉,,【例】あんか゚いさてぃ ありしぬ いすに ぶる  あが=んぎだたや みーか はらんか゚どぅ うぶさびてぃ まーん,〈東崎、アリシの磯にいる赤いウニは身より卵が多く、おいしい〉,ばたむてぃぬ  ばすに んまぬみ はぬんすや あがみ なんす うぐりるんでぃ,〈妊娠中 に馬の肉を食べないのは出産が遅れるからだ(といわれる)〉,,,,,,,,,,,,,,,,,,
1516,1,,みー,2,[mi],B,(名詞),255,,目。視力(しりょく)。(関連用語)みーだり/みぬどぅるてぃ,,,,,,,【例】とぅち とぅい みー むどぅい=みぬんすや,〈年を取って視力が落ちてしまったね〉,ばやぬ むぬや みー かなん,〈家の 人は目が叶う(よく見える)〉,,,,,,,,,,,,,,,,,,
1517,1,,みー,3,[mi],A,(接辞),255,,新しい~。接頭辞。,,,,,,,【例】ミー スル,〈初盆〉、ミードゥルクニチ,〈初十六日祭〉,,,,,,,,,,,,,,,,,,,
1518,1,,みーすりるん,,[misurir-],,(動詞),255,,目覚める。,,,,,,,【例】ちら あらいてぃ みーすらしてぃ(みーすりてぃ) こー,〈顔を洗って目を覚ましてこい〉,みーすりてぃどぅ くるま むとぅど,〈目 が覚めてから車を運転するんだよ〉,,,,,,,,,,,,,,,,,,
1519,1,,みーち,,[miCi],A,(数詞),255,,(1)三つ。三個。,,,,,,,【例】むてぃ みーち むてぃ=しー=んに,〈餅を三個持ってきて〉,,,,,,,,,,,,,,,,,,,,
1519,2,,みーち,,[miCi],A,(数詞),255,,三歳。,,,,,,,【例】みーち なる あがみてぃ,〈三歳になる子供〉,,,,,,,,,,,,,,,,,,,,
1520,1,,みーつぁるん,,[miCar-],,(動詞),255,,(1)目をつぶる。,,,,,,,【例】てぃだん はんかさぬ みーつぁい,〈太陽がまぶしくて目をつぶった〉,,,,,,,,,,,,,,,,,,,,
1520,2,,みーつぁるん,,[miCar-],,(動詞),255,,(婉曲的に)亡くなる。,,,,,,,【例】とぅないぬ あさや あが とぅぶぎ みーつぁい わいんでぃ んどぅん=さい,〈隣のおじいさんは夜明け前にお亡くなりになったそうだ〉,,,,,,,,,,,,,,,,,,,,
1521,1,,みーはんかさん,,[mihaNKasaN],,(形容詞),256,,まぶしい。,,,,,,,【例】みーはんかさぬ まいばら んなにぬん,〈まぶしくて前が見えない〉,,,,,,,,,,,,,,,,,,,,
1522,1,,みーふっきら,,[mihuKira],,(名詞),256,,目から火花が飛ぶほど忙しいさま。,,,,,,,【例】どぅちんたんか゚ まーしく どぅ るんでぃ あいてぃ うぬ ‘とぅんたぬ まーるむぬ ‘くるんでぃ みー ふっきら とぅび=ぶる,〈友達が大勢来るというので、その人たちの料理を作るので目から花火が飛ぶように忙しい〉,,,,,,,,,,,,,,,,,,,,
1523,1,,みｎか゚でぃ,,[migaTi],,(名詞),256,,ものほしそうに見ること。「みんか゚どぅ」とも。,,,,,,,【例】あがみてぃぬ=ばす うやぐぬ だんき いてぃてぃ、まーるむぬ はい=ぶんす んに みんか゚ でぃ=きー,〈子供の頃、親戚の家に行って、おいしいものを食べているのを、ものほしそうに見たことがあった〉,,,,,,,,,,,,,,,,,,,,
1524,1,,みきるん,,[miKir-],B,(動詞),256,,「みっきるん」とも。探す。見つける。,,,(語源)日本語ミツケル〈見つける〉に対応するか。,[mituke- >micike(r)->mis(i)Ker->miKir-],,,【例】がっくぬ すんく゚てぃ みぬんき なし みっき=ぶんか゚ みっきらにぬんすや,〈学校の本(教科書)を失くしてしまい、探しているけど見つからないね〉,ぬーば みき=ぶんか゚?,〈何を 探しているの?〉,,,,,,,,,,,,,,,,,,
1525,1,,みく=きるん,,[miKu+kir-], ,(動詞),256,,(1)気をつける。用心する。,,,,,,,【例】 ん だ か ん   す だ ど ぅ   あ ん そ   み く=き ど ぅ   むぬど,〈あなたより目上だよ、言葉遣いに気をつけるんだよ〉,どゎんぬみ どぅ あんす、みく=きー あいげよ,〈暗闇だから気をつけて歩けよ〉,い た みく=きー いてぃてぃ=わり,〈では、(用心して)いってらっしゃい〉,,,,,,,,,,,,,,,,
1525,2,,みく=きるん,,[miKu+kir-], ,(動詞),256,,大事にする。,,,,,,,【例】うやぬ だいぐ どぅんく゚どぅ あんそ みく=き どぅ ‘くー=くとぅど,〈親の大工道具だから大事に扱いなさいよ〉,,,,,,,,,,,,,,,,,,,,
1526,1,,みｎく゚るん,,[miŋur-],,(動詞),256,,(1)巡回する。,,,,,,,【例】がっくぬ しんしんか゚ なー きない みんく゚い きるんでぃど,〈学校の先生が各の家庭を巡るそうだよ(家庭訪問をする)〉,,,,,,,,,,,,,,,,,,,,
1526,2,例文なし,みｎく゚るん,,[miŋur-],,(動詞),256,,回転する。,,,(語源)日本語メグル〈巡る〉に対応。,,,,,,,,,,,,,,,,,,,,,,,,,
1527,1,,みしや,,[misiya],,(名詞),257,,店。,,,(語源)日本語ミセヤ〈店屋〉に対応。 ,[miseya>misiya],,,【例】んぬ あぶたや あったや ‘とぅむてぃがら はたぎんき ひる んでぃ んでぃ=わたるゆんがら、うんにびどぅ みしやや しみたる=はでぃど,〈昨日、おばあさんは明日は朝から畑へ行くと言っていたから、そういうことだから店は閉めているはずだよ〉,,,,,,,,,,,,,,,,,,,,
1528,1,,みた,,[miTa],,(名詞),257,,鶏(ニワトリ)。「みった」とも,,,,,,,【例】みたぬ みんぶる,〈ニワトリの頭という意。物覚えが悪いこと〉,,,,,,,,,,,,,,,,,,,,
1529,1,,みたいんとぅ,,[miTaiNTu],A,(数詞),257,,三人。「んたいんとぅ」とも。,,,(語源)ミタリビト〈三人〉に対応。,[mitaribito>NTaiNTo>NTaiN Tu],,,【例】うがんふとぅてぃぬ んな かぐばすや  ‘とぅいや んな かちみ、まー たぎ しから あるとぅ みたいんとぅ し んな あでぃる,〈豊年祭の大綱をつくるときは、一人は綱をつかみ、同じような力のある三人が綱を交差させ、ねじり合わせる〉,みたいんとぅ  どぅりば かなでぃ どぅぬ しんし わるん,〈三人集まれば、必ず我が師 あり。(三人集まれば模範となる人がいる。他人のよいところを見習い、自ら を反省せよ)〉,,,,,,,,,,,,,,,,,,
1530,1,,みだが,,[midaga],,(名詞),257,,平等。対等。同等。,,,,,,,【例】すだ うとぅとぅんでぃ みぬ みだが なし む ぬんすや,〈目上、目下なく同等のようにしゃべるね〉,,,,,,,,,,,,,,,,,,,,
1531,1,,みだが　きるん,,[midaga+kir-],,(連語),257,,比べてみる。,,,,,,,【例】うらぶだぎとぅ くぶらだき みだが きるば ぬんか゚ば たかんか゚?,〈宇良部岳と久部良岳とどちらが高いか?〉,,,,,,,,,,,,,,,,,,,,
1531,2,例文なし,みだが　きるん,,[midaga+kir-],,(連語),257,,平坦にする。,,,,,,,,,,,,,,,,,,,,,,,,,,,,
1531,3,例文なし,みだが　きるん,,[midaga+kir-],,(連語),257,,均す。,,,,,,,,,,,,,,,,,,,,,,,,,,,,
1532,1,例文なし,みた-た,,[miTata], ,(名詞),257,,田の名前。「みた」は〈ニワトリ〉「、た」は〈田〉。動物犠牲を伴う田植え儀礼の行われる田。,〔同〕みた-くるし-た,,,,,,,,,,,,,,,,,,,,,,,,,,,
1533,1,,みだてぃ,,[midaTi],A,(名詞),258,,旋毛(つむじ)。,,,,,,,【例】みだてぃ ‘たーち あんすや みんぶる あい まり る ‘とぅん ぶい、だまんぐ まりるんでぃ んだり=ぶん,〈つむじが二つあるのは、頭脳があって生まれる人もいれば、腕白が生まれると(も)いわれている〉,,,,,,,,,,,,,,,,,,,,
1534,1,,みちなーぐ,,[miCinagu],,(副詞),258,,よくも、よくまあ。,,,,,,,【例】みちなーぐ あぬ=‘とぅい うとぅてぃてぃ とぅ んでぃや ひるんすや,〈よくまあ、私一人をおいて出て行くものだ〉,,,,,,,,,,,,,,,,,,,,
1535,1,,みちなーたく,,[miCinaTaKu],B,(副詞),258,,残念にも。情けないことに。,,,,,,,【例】みちなーたく んだばぎん うんに ん どぅない,〈残念にも君までそう言うのか〉,みちなーたく うんにぬ=くとぅ  きー んさな,〈情けないことにこんなことをしていいのか〉,,,,,,,,,,,,,,,,,,
1536,1,,みった,,[miTa],C,(名詞),258,,鶏(ニワトリ)。「みた」とも。,,,,,,,【例】みったとぅ どぅぬむぬ。 ふいつぁらし てぃ,〈鶏と同じだ。散らかして〉,みったぬ みんぶる,〈ニワトリの頭(物覚 えが悪いことをたとえて言う)〉,,,,,,,,,,,,,,,,,,
1537,1,例文なし,みった-た,,[miTata],B,(名詞),258,,「みた-た」とも。動物犠牲を伴う、田植え儀礼の行われる田んぼ。「みった」は〈ニワトリ〉、「た」は〈田んぼ〉。,〔同〕みった-くるし-た,,,,,,,,,,,,,,,,,,,,,,,,,,,
1538,1,,みでぃ,,[midi],,(連体詞),258,,同じ。,,,,,,,【例】ひびだ いちがらしや うち ‘とぅがらとぅ みでぃ つぁー はいどぅ きる,〈山羊五匹で牛一頭と同じ量の草を食べる〉,,,,,,,,,,,,,,,,,,,,
1539,1,,みでぃる,,[midiru],C,(名詞),258,,青・藍色。,,,,,,,【例】あか あらぬん。 うぬ みでぃるでぃ とぅい=だらい,〈赤ではない。その青地を取ってくれ〉,,,,,,,,,,,,,,,,,,,,
1540,1,,みどぅ,1,[midu], ,(名詞),258,,溝。下水道路。,,,,,,,【例】うぶあみ ふいんがしや むたぬんがら みどぅ さら い うとぅぎー,〈大雨が降ったら大変だから、下水路の掃除をしておきなさい〉,,,,,,,,,,,,,,,,,,,,
1541,1,,みどぅ,2,[midu], ,(名詞),259,,少女。お嬢さん。,,,,,,,【例】みどぅ んだや んまぬや?,〈娘さん、あなたはどこの子か?〉,かまぬ みどぅや あびゃんすや,〈あそこの(家の)娘さんはき れいだね〉,,,,,,,,,,,,,,,,,,
1542,1,,みとぅだ,,[miTuda],B,(名詞),259,,夫婦。,〔同〕とぅんぶとぅ,,,,,,【例】みとぅだぬ ながや、とぅち とぅるんにどぅ  うむい ‘かなる,〈夫婦の仲は、年を取るほどに思いが深まる。(『与那国島人とくらし』新村政二より)〉,,,,,,,,,,,,,,,,,,,,
1543,1,,みなが,,[minaga],C,(名詞),259,,庭。,〔類〕みゃー,,(語源)宮古方言ミナカ /minaka/ に対応。,[menaka>menaga> minaga],,,【例】みなが みゃくん たまいどぅ=ぶんそ,〈庭(に)塵が溜まっているぞ〉,,,,,,,,,,,,,,,,,,,,
1544,1,,みぬｎか゚,,[minuŋa],,(名詞),259,,女。,,,,,,,【例】みぬんか゚や むとぅんきんでぃ んでぃんか゚しや いんさる=むぬ あたんてぃん むとぅ しから あん,〈女は実家へ帰ると言うと、重い物でも持つ力がある。(『与那国のことわざ』より)〉,,,,,,,,,,,,,,,,,,,,
1545,1,,みぬまゆ,,[minumayu],B,(名詞),259,,眉(まゆ〈)目の眉〉の意。,,,,,,,【例】みぬまゆんきん つぁんき゚ むい=しどぅ ぶ んすや,〈眉にも白髪が生えてきているね〉,んだ みぬまゆや あびゃんす や,〈あなたの眉はきれいだね〉,,,,,,,,,,,,,,,,,,
1546,1,例文なし,みぬ=まんぎ,,[minumaNgi],B+C,(名詞),259,,睫毛(まつげ)。,,,(語源)〈目の睫毛〉に対応。,[menomatuge>menomaNge>minum aNgi],,,,,,,,,,,,,,,,,,,,,,,,
1547,1,,〜みぬん,,[minu-],C,(助動詞),259,,~(て)しまった。動詞の連用形に接続して〈完了〉を表す。「みぬん」〈無い〉が助動詞化したもの。,,,,,,,【例】 う と ぅ し=み ぬ ん で ゃ ー ,〈落としてしまったよ〉,,【例】なび むいつぁし=みぬん,〈鍋を焦がしてしまった〉,,,,,,,,,,,,,,,,,
1549,1,,みふら　きるん,,[mihura+kir-],,(動詞),260,,虐(いじ)める。嫌(きら)う。,,,,,,,【例】すとぅやがら みふら きらりんな,〈義父母に嫌われるな〉,,,,,,,,,,,,,,,,,,,,
1550,1,,みみ,,[mimi],A,(名詞),260,,真似(まね)。,,,(語源) 日本語マネビ〈真似〉に対応。,[manebi>maebi>memi>mimi],,,【例】‘とぅーぬ みみ きんなよー,〈人の真似をするなよ〉,,,,,,,,,,,,,,,,,,,,
1551,1,,みみてぃみみてぃ,,[mimiTimimiTi],,(副詞),260,,隅々(すみずみ)。掃除をこまごまとすること。人の話をよく聞くこと。,,,,,,,【例】だーぬ ながや みみてぃみみてぃ すでぃ きー=うとぅぎよ,〈家の中は隅々まで掃除しなさいよ〉,,,,,,,,,,,,,,,,,,,,
1552,1,,みゃー,,[mya],,(名詞),260,,広場。,,,,,,,【例】すんか゚てぃどぅ あんす とやま うんか゚んぬ みゃーん すでぃ きー=うとぅぎ,〈お正月だよ。十山拝所の広場も掃除しておきなさい〉,,,,,,,,,,,,,,,,,,,,
1553,1,,みゃーぶち,,[myabuCi],,(名詞),260,,庭の干し物。庭で雨ざらしになっているもの〈庭干し〉の意。,,,,,,,【例】みゃーぶち  いりり,〈庭に干してあるものを入れなさい〉,,,,,,,,,,,,,,,,,,,,
1554,1,,みゃくん,,[myaKuN],A,(名詞),261,,ゴミ。〈庭埃〉の意。,,,,,,,【例】みゃくん ‘かってぃり,〈ゴミを捨てなさい〉,,,,,,,,,,,,,,,,,,,,
1555,1,例文なし,みやらび,,[miyarabi],,(名詞),261,〔貝〕,トラフザラガイ。,〔同〕みやらびあがや,,,,,,,,,,,,,,,,,,,,,,,,,,,
1557,1,,みん,,[miN],A,(名詞),261,,水。,,,(語源)日本語ミズ〈水〉に対 応。,[*mezu>meN>miN],(関連用語)うすみん〈潮水〉/まーすみん〈塩水〉 /あまみん〈真水〉,,【例】あし かてぃたや みんや とぅらぬとぅ ならぬんど,〈汗をかいたら、水を飲まないといけませんよ〉,みん あんしみり,〈水を浴びせなさ い〉,んかちや くばぬはー きーんき まてぃてぃ みん たみ=ぶた る,〈昔はクバの葉を木に巻いて水を貯めていた〉,,,,,,,,,,,,,,,,
1558,1,,みん-かみ,,[miNkami],C,(名詞),261,,水甕(みずがめ)。飲み水を入れる甕(かめ)。,,,,,,,【例】 う み   い ち ぶ ぐ   な ん き゚  あんびんか゚しゃ みん-かみ ばるんどー,〈ここで石を投げて遊んだら水甕を割るぞ〉(関連用語)‘かいみん-かみ,〈塩分の多い、洗い物などに使用する水 用の甕〉,,,,,,,,,,,,,,,,,,,
1559,1,,みん-くやん,,[miNkuyas-],A,(動詞),262,,水を汲む。〈水を運ぶ〉の意。,,,,,,,【例】 み ん-く や ん す や   あ が み ん た ぬ   し か ま どぅ あたる,〈水を汲むのは子供たちの仕事であった〉,,,,,,,,,,,,,,,,,,,,
1560,1,,みんぐる,,[miNguru],B,(名詞),262,〔植物〕,キクラゲ。広葉樹に群生するキノコ。食用。,,,(語源)沖縄方言ミミグイ /(0)mimigui/ に対応。,,,,【例】みんぐる だまに みきがら ‘くみ むてぃ=しー ちるんき んだみ いり はい=ぶたる,〈キクラゲを山で見つけると、(木の葉に)包んで持ってきて、汁に刻んで入れ食べていた〉,,,,,,,,,,,,,,,,,,,,
1561,1,,みんたな,,[miNTana],,(名詞),262,,水溜まり。,,,,,,,【例】あみ ふいてぃ みんたな ‘くい はたぎんき はん い りらにぬん,〈雨が降って水溜まりが出来て畑に足も入れられない〉,,,,,,,,,,,,,,,,,,,,
1562,1,,みんたふ,,[miNTahu],B,(名詞),262,,耳。取っ手など、耳状の部位についてもいう。「みんたぶ」とも。,,,,,,,【例】あがみ てぃぬ=ばすに むんどぅ=きてぃ みんたふ ぷい=つぁり,〈子供の時にけんかをして耳に噛みつかれた〉,どぅなが たーんき みん ‘てぃー=なしんでぃ うったり みんたふ ちっち,〈夜中、田に水を引いたという ことで叩かれ耳が切れた〉,みんたふんき はゆん,〈耳に入る〉,みんたふ  まいさんすや,〈耳が大きいね〉,,,,,,,,,,,,,,
1563,1,,みんだらんま,,[miNdaraNma],,(名詞),262,,おとなしい馬。,,,,,,,【例】みんだらんまんか゚どぅ ‘とぅー ぷいつん,〈耳を立てないおとなしそうな馬に限って人を噛むものだ〉,,,,,,,,,,,,,,,,,,,,
1564,1,,みんつぁ,,[miNCa],,(名詞),262,,叩かれて耳の切れている人。,,,,,,,【例】 う っ た り て ぃ   み ん つ ぁ   な い=ぶ る   ‘とぅんか゚ ぶたんど,〈叩かれて片耳のない人がいた〉,,,,,,,,,,,,,,,,,,,,
1565,1,,みんな,,[miNna],A,(名詞),262,〔植物〕,スベリヒユ。,,,,,,,【例】みんな とぅいんでぃ ひるな?,〈スベリヒユを採りに行くか?〉,,,,,,,,,,,,,,,,,,,,
1566,1,,みんはん,,[miNhaN],,(名詞),263,,家畜の耳に刻む印。耳判。,,,,,,,【例】 う ち=う ま ん き   み ん は ん ぬ   ち る ち   き る んでぃや しんく゚んでぃんどぅ ぐま-かたな ‘かい=ぶたる,〈牛、馬に耳判の印をつけるには、しんく゚という小刀を使っていた〉,,,,,,,,,,,,,,,,,,,,
1567,1,,みんぶる,,[miNburu],B,(名詞),263,,頭。,,,,,,,【例】あがみてぃぬ みんぶる なでぃりゃ しゃな-きー とぅぐとぅ  なるん,〈子供の頭をなでると喜んでおとなしくなる〉,あがみぬ くとぅし  みんぶる だまし=ぶる,〈子供のことで頭を痛めているよ〉,かぬとぅや  みんぶる すさん,〈あの人は頭が良い〉,ひらんき みんぶる とぅんかし  あぶたに あたんか゚つぁ みぬ むぬんでぃ むたかり,〈柱に頭をぶつけて 母に要領の悪い奴だと怒られた〉,みたぬ みんぶる,〈鶏の頭の意。何度言っ ても覚えようとしないこと〉,みんぶる だみ ならぬん,〈頭が痛くてどう にもならない〉,みんぶるに あしぶ んでぃどぅ=ぶる,〈頭にできものが 出来ているよ〉,,,,,,,,
1568,1,,むい-かんどぅん,,[mui+kaNd-], ,(動詞),263,,木の枝が生い茂る。,,,(語源)モエカブル〈萌え被る〉に対応 するか。,[moye+kabur->moyekaNd->muikaNd-],,,【例】 ん だ   は た ぎ や   つ ぁ ー   む い-か ん で ぃ ど ぅ=ぶ る,〈あなたの畑は草が生い茂っている〉,,,,,,,,,,,,,,,,,,,,
1569,1,,むいしるん,,[muisir-],,(動詞),263,,(1)もたらす。,,,,,,,【例】 く ぬ   す む て ぃ   あ ぬ ん き   む い し=と ぅ ら し=ひ ん に,〈この本を私にください〉,まにんか゚んや どぅんきどぅ どぅぐ むいし るん,〈神祈願は自分に徳をもたらす〉,,,,,,,,,,,,,,,,,,
1569,2,,むいしるん,,[muisir-],,(動詞),263,,(高価な物を)くださる。,,,,,,,【例】あぬ んき むいしみり,〈私にください〉,,,,,,,,,,,,,,,,,,,,
1570,1,,むいちるん,,[muiCir-],,(動詞),263,,焦げる〈燃え散る〉の意。,,,,,,,【例】くーぬ ちんか゚ とぅび たたん むいつぁし=みぬばん,〈線香の火が飛んで畳を焦がしてしまった〉,,,,,,,,,,,,,,,,,,,,
1571,1,,むいつぁらん,,[muiCaras-],A,(動詞),263,,焦がす。「むいつぁん」とも。〈燃え散らす〉の意。,,,(語源)モエチラス〈燃え散らす〉に対応するか。,[moye+tiras->mo'eciras->muiCas-],,,【例】まいぬい むいつぁらし あぶたに むたかり,〈ご飯を焦がしてお母さんに叱られた〉,,,,,,,,,,,,,,,,,,,,
1572,1,,むいるん,1,[muir-],A,(動詞),264,,燃える。,,,,,,,【例】てぃむぬ はがら むいらぬん,〈薪がしっかりと燃えない〉,,,,,,,,,,,,,,,,,,,,
1573,1,,むいるん,2,[muir-],B,(動詞),264,,(毛や木などが)生える。,,,(語源)日本語モエル〈萌える〉に対応。 ,[moye->mo'e(r)->muir-],,,【例】あがみてぃぬ はんか゚ むい=すん,〈子供の歯が生えてきた〉,うんに はやぐがら つぁんき゚ むい ういとぅんに どぅ ない=ぶんすや,〈こんなに早くから白髪が生えて年寄りのようになっ てしまったなあ〉,からん むいどぅ=ぶんがら ちみてぃ くー,〈髪の 毛が生えてきたから、切ってきなさい〉,,,,,,,,,,,,,,,,
1574,1,,むーち,,[muCi],A,(数詞),264,,(1)六つ。,,,,,,,【例】うり、かち むーち ぬぐい=ぶんそ,〈ほら、お菓子が六つ残っているよ〉,,,,,,,,,,,,,,,,,,,,
1574,2,,むーち,,[muCi],A,(数詞),264,,六歳。,,,(語源)日本語ムッ ツ〈六つ〉に対応。,[mutu>muci >muCi],,,【例】むーちぬ ばすに あぶたんか゚ まいし,〈六つの時に母親が亡くなられた〉,,,,,,,,,,,,,,,,,,,,
1575,1,,むーる,,[muru],A,(副詞),264,,「ぶーる」とも。全部。全員。皆。全て。,,,(語源)日本語モロ〈諸〉に対応。,[moro>muru],,(文化的・民俗学的背景)乾杯の音頭の場面で使われていた。,【例】むーるし てぃんぬ はい たばらりる,〈皆で天の杯をいただこう〉,,,,,,,,,,,,,,,,,,,,
1576,1,,むぎるん,,[mugir-],,(動詞),264,,儲(もう)ける。,,,(語源)日本語モウケル〈儲ける〉に対応。,[mauke->mooge(r)->mugir-],,,【例】でぃん むぎるん,〈お金を儲ける〉,,,,,,,,,,,,,,,,,,,,
1577,1,,むぐ,,[mugu],,(名詞),264,,婿(むこ)。,,,(語源)日本語ム コ〈婿〉に対応。,[*moko>mogo>mugu],,,【例】 ん か ち や   む ぐ   い ら ぶ ん で ぃ   て ぃ む ぬ   ば ら み=ぶ た んでぃんど,〈昔は婿を選ぶのに薪を割らせていたというよ〉,,,,,,,,,,,,,,,,,,,,
1578,1,,むぐん,,[mug-],,(動詞),264,,剥(む)く。,,,(語源)日本語ムク〈剥く〉に対応。,[muk->mug-],,,【例】 ん に ん ぬ   か ー   む て ぃ て ぃ   う や し=わ り ,〈ミカンの皮を剥いて召し上がってください〉,,,,,,,,,,,,,,,,,,,,
1579,1,,むさい,,[musai],,(名詞),265,,高波。寄せ来る波。,,,,,,,【例】むさい あいてぃ んに んだにぬん,〈高波で船が出せない〉,むさいんき きー ‘かい うんく゚ど,〈高波に気をつけて泳ぐん だよ〉,,,,,,,,,,,,,,,,,,
1580,1,,むす,,[musu],,(名詞),265,,ござ。筵(むしろ)。,,,(語源)日本語ムシロに対応。,[*mosiro>mosyo> musu],(関連用語)はだむす〈寝床用のござ、筵〉/ ‘てぃーむす〈床に敷くござ。 筵〉,,【例】むす ‘てぃー=うとぅぎ,〈ござを敷いておけ〉,む すにや たたみむす はだむす んでぃ あたんか゚、んかちや でぃ ‘かい してぃぶる どぅぬどうしどぅ あみ=ぶたる,〈筵には畳に敷く畳用のもの、 寝るときに使うものなどがあったが、これら筵のすべてを自分でイ草を刈っ てきて自分で編んでいたね〉,,,,,,,,,,,,,,,,,,
1581,1,例文なし,むたいんとぅ,,[muTaiNTu],,(数詞),265,,六人。,,,(語源)ムタリビトに対応。,,,,,,,,,,,,,,,,,,,,,,,,,
1582,1,,むたくん,,[muTaKa-],,(動詞),265,,叱る。,,,,,,,【例】うやんか゚ あがみ むたかい,〈親が子供を叱った〉,だーぬ てぃ がない きらぬんき あんびがーたい=ぶんがら あぶたに むたかり,〈家 の手伝いをしないで遊んでばかりいるので、お母さんに叱られた〉,ひらん き みんぶる とぅんかし あぶたに あたんんか゚つぁ みぬ=むぬんでぃ  むたかり,〈柱に頭をぶつけ母に要領の悪い奴と怒られた〉,,,,,,,,,,,,,,,,
1583,1,,むち,,[muCi],A,(名詞),265,,虫。「だぐ」〈這う虫〉に対して主に飛ぶ虫を指す。,,,(語源)日本 語ムシ〈虫〉に対応。,[musi>muCi],,,【例】あがいぬ ‘たらんき どぅ むちや あちまるん,〈灯りの下にこそ虫は集まる〉,ばたぬ ながに  むちんか゚どぅ ぶる=はでぃど,〈腹の中に寄生虫がいるはずだよ〉,,,,,,,,,,,,,,,,,,
1584,1,,むちまっつぁん,,[muCimaCaN],,(形容詞),265,,仲が良い。親しい。睦まじい。愛情が深い。,,,(語源)日本語ムツマジイ〈睦まじい〉に対応。,[mutumasisaN>mucimasisaN>muCimaCihaN>muCimaCaN],,,【例】だにんどぅ うぶさんか゚ むちまっつぁん,〈大家族だけれど仲睦まじい〉,,,,,,,,,,,,,,,,,,,,
1585,1,,むったい,,[muTai],,(動名詞),266,,むくむこと。,,,,,,,【例】ちらんか゚ むったいどぅ ぶる,〈顔がはれぼったい〉,,,,,,,,,,,,,,,,,,,,
1586,1,,むっとぅん,,[muTuN],,(副詞),266,,全然。どうしても。,,,,,,,【例】 が っ く ん き   う ぐ り ん だ ぎ   あ い び   あ ば て ぃ=ぶんか゚ むっとぅん まい ぬび きらぬん,〈学校に遅れそうなので慌てているが全然前に進まない〉,むっとぅん うむい=つぁにぬりゃ すだん  ぬい=とぅらし=わいに,〈どうしても諦めきれないので相談に乗ってくださ い〉,むっとぅん うまにぬん,〈どうしても考えられない。どうしても納得 できない〉,むっとぅん ばがらぬん,〈全然分からない〉,,,,,,,,,,,,,,
1587,1,,むてぃ,,[muTi],,(名詞),266,,餅。桃の節句に作る。ヨモギの葉の汁を餅粉とこね合わせ蒸して作る。,,,,,,,【例】くばぬはむてぃや んかちがら あたるんにどぅ ぶんか゚えー,〈クバの葉餅は昔からあったようだね〉,すんか゚てぃどぅ ありゃ むてぃ ‘く いどぅ きらりる,〈正月だから餅を作らないといけないね〉(関連用語)うち にんか゚いむてぃ,〈耕牛繁殖願いの供物の小さな餅〉,うんてぃむてぃ,〈芋の 餅〉,かんか゚んむてぃ,〈お正月に仏壇前に置く三段重ねの鏡餅〉,くでぃむ てぃ,〈葛餅〉,くばぬはむてぃ,〈クバの葉で包んだ餅〉,ぐま-かんか゚んむてぃ,〈お正月用の小型鏡餅「。とぅらぬは、だぬかん、にばい」に供える〉,さにてぃ むてぃ,〈月桃の餅〉,たんかむてぃ,〈誕生祝いの紅白の餅。子供の生まれ年 の方向に供えて祈る〉,どぅんく゚やむてぃ,〈十五夜餅。十五夜は男の節句と いわれ陰茎をかたどった餅を煮た小豆の上に転がして作る〉(文化的・民俗学 的背景)ふちぬはむてぃ,〈ヨモギ餅〉
1588,1,,むてぃなし,,[muTinasi],,(名詞),266,,接待。もてなし。,,,,,,,【例】ぬぬ むてぃなし きらりぬ,〈何ももてなしできない(何の愛想もない)〉,ちらぬ むてぃなし あらーぐ あびゃんすや,〈(笑顔 ある)顔のおもてなしとてもきれいね〉,,,,,,,,,,,,,,,,,,
1589,1,例文なし,むとぅや,,[muTuya],,(名詞),266,,本家(ほんけ)。,,,,,,,,,,,,,,,,,,,,,,,,,,,,
1590,1,,むどぅるん,,[mudur-],B,(動詞),267,,帰る。,,,(語源)日本語モドルに対応。,[modor->mudur-],,,【例】だーに むぬ ばちび、だんき むどぅらぬとぅ ならぬん,〈家に物を忘れたので、家に帰らないといけない〉,はるがら むどぅるん,〈畑 から帰る〉,,,,,,,,,,,,,,,,,,
1591,1,,むとぅん,,[muT-],,(動詞),267,,(1)所有する。,,,,,,,【例】あぬや んだんか゚ むてぃ=ぶらぬ むぬ むてぃ=ぶん ど,〈私はあなたが持っていない物を持っている〉,すむてぃ ましく むてぃ ぶん,〈本をたくさん持っている〉,,,,,,,,,,,,,,,,,,
1591,2,,むとぅん,,[muT-],,(動詞),267,,手に取る。,,,,,,,【例】さぎ ぬみてぃ くる ま むとぅんな,〈酒を飲んで車を持つな(運転するな)〉,まいさぐあいてぃ  むたにぬん,〈たくさんあって持ちきれない〉,,,,,,,,,,,,,,,,,,
1591,3,,むとぅん,,[muT-],,(動詞),267,,受け持つ。,,,(語源)日本語モツ〈持つ〉に対応。,[mot->muT-],,,【例】んだ くま たや あんか゚むってぃ んさんど,〈あなたの分は私が持って(支払って)いいよ〉,,,,,,,,,,,,,,,,,,,,
1592,1,例文なし,〜むぬ,1,[munu], ,(助詞),267,,~のに。逆接を表す。,,,,,,,,,,,,,,,,,,,,,,,,,,,,
1593,1,,〜むぬ,2,[munu],B,(接辞),267,,者。「~する人」の意の語を作る。,,,,,,,【例】かりや はたらてぃむぬどぅ ありゃ  ないんに うやぎ きる=はでぃ,〈彼は働き者だからいまに富貴になるだろう〉(関連用語)ふりむぬ,〈馬鹿者〉,,,,,,,,,,,,,,,,,,,
1594,1,,むぬ,,[munu],B,(名詞),267,,(1)物。,,,,,,,【例】うまに ある むぬ,〈そこにある物〉,,,,,,,,,,,,,,,,,,,,
1594,2,,むぬ,,[munu],B,(名詞),267,,妖怪。,,,,,,,【例】むぬ んに  ‘とぅ,〈妖怪を見る人〉,,,,,,,,,,,,,,,,,,,,
1594,3,,むぬ,,[munu],B,(名詞),267,,まとまったもの。,,,,,,,【例】んだんか゚ いし=ぶる む ぬや まー なしゃな?,〈君のしているものはもう仕上がったか〉,,,,,,,,,,,,,,,,,,,,
1594,4,,むぬ,,[munu],B,(名詞),267,,もの。形式名詞。,,,,,,,【例】うやんか゚ んどぅ=くとぅや しかとぅ ‘くー=むぬどー,〈親の言うことはよく聞くものだよ〉,,,,,,,,,,,,,,,,,,,,
1595,1,,むぬ　どぅむん,,[munu dum-],B+B,(連語),267,,喋る。,,,,,,,【例】かぬとぅや すーすどぅ むぬ どぅむ ‘てぃぶにがら さ てぃ ない まるるんてぃりゃ,〈あの人はあきれるほど喋る、口から先に生まれたはずだよ〉,くとぅば いらびどぅ むぬ どぅむんど,〈言葉は選んで喋るものだよ〉,,,,,,,,,,,,,,,,,,
1596,1,,むぬい,,[munui],B,(名詞),268,,言葉。,,,(語源)日本語モノイイ〈物言い〉に 対応。,,(関連用語)むぬいだま〈おしゃべり〉,,【例】うやぬ むぬいや かんぬ むぬい、あさん ゆさん ちむに  とぅみり,〈親の言葉は神の言葉、朝な夕な心に留めておきなさい〉,だな  むぬいや ‘てぃー ‘かってぃり。 だな むぬや んに ‘かってぃり,〈悪い 言葉は聞き捨てよ。悪いものは見捨てよ〉,,,,,,,,,,,,,,,,,,
1597,1,,むぬくい,,[munuKui],,(名詞),268,,作物。,,,(語源)モノツクリの意。,[monotukuri> monocikuri>monosiKui>munuKui],,,【例】あんか゚ んたる=はでぃど。 でぃながん あんばみゃりゃどぅ  むぬくいや ‘くらりるんど,〈私が言っただろ。土地も遊ばせてあればこそ良い農作物が作ることができるんだよ〉,,,,,,,,,,,,,,,,,,,,
1598,1,例文なし,むぬぬぎむぬ,,[mununugiminu],,(名詞),268,,魔除け。,,,,,,,,,,,,,,,,,,,,,,,,,,,,
1599,1,,むぬぬ-たてぃ,,[mununutaTi], ,(名詞),268,,ことわざ。教え〈物の譬え〉の意。,,,,,,,【例】 む ぬ ぬ-た て ぃ や   あ た ら る   む ぬどー。 あさ、あぶんたがら ならい=んにゃー,〈ことわざは大切なものだよ。おじいさんやおばあさんから習ってみましょう〉,,,,,,,,,,,,,,,,,,,,
1600,1,,むぬまぎ,,[munumagi],B,(動詞),268,,かぶれること。,,,,,,,【例】むぬまぎ きー,〈物に負けた。(かぶれた)〉,,,,,,,,,,,,,,,,,,,,
1601,1,,むぬむい,,[munumui],B,(名詞),268,,悩み。,,,,,,,【例】あとぅあとぅぬ くとぅに むぬむい きー,〈将来のことを悩む,だみび むぬむい きー,病気で悩む〉,,,,,,,,,,,,,,,,,,
1603,1,,むみ,,[mumi],A,(名詞),269,,籾(もみ)。(,〔同〕まいぬくる),,,,,,【例】むみや はがら ふし からがいよ,〈籾(もみ)はよく干して乾かしなさいよ〉(関連用語)あらむとぅ,〈白米の中に混じっている籾〉,あ らむとぅ-とぅい,〈白米の中に混じった籾を拾うこと〉,しぶぐ,〈籾殻〉,,,,,,,,,,,,,,,
1604,1,,むみんいとぅ,,[mumiN'iTu],,(名詞),269,,木綿糸。,,,,,,,【例】むみんいとぅ あいどぅみ きるんでぃ いし=ぶる,〈木綿糸を藍染しようとしている〉,,,,,,,,,,,,,,,,,,,,
1605,1,,むむ,,[mumu],B,(名詞),269,,腿(もも)。,,,(語源) 日本語モモ〈腿〉に対応。,,,,【例】ぎー きらにぬんか゚しや むむ にでぃるんど,〈言うことを聞かないと腿をつねるぞ〉,むむ だーむんすや,〈腿が痛いんだよ〉,,,,,,,,,,,,,,,,,,
1606,1,,むや,,[muya],C,(名詞),269,,靄(もや)。,,,(語源)日本語モヤ〈靄〉に対応。,,,,【例】すーや むや かがい だま んなにぬんすや,〈今日は靄がかかって山が見えないね〉,,,,,,,,,,,,,,,,,,,,
1607,1,,むやん,,[muyas-],,(動詞),269,,生やす。生じさせる。,,,(語源) 日本語モヤス〈萌やす〉に対応。,[moyas->muyas-],,,【例】くでぃはな むやし,〈麹の花を生じさせる〉,,,,,,,,,,,,,,,,,,,,
1608,1,例文なし,むら,,[mura],,(名詞),269,,村。,,,(語源)日本語ムラ〈村〉に対応。,,,,,,,,,,,,,,,,,,,,,,,,,
1609,1,,むらはでぃち,,[murahadiCi],,(名詞),270,,郊外。村はずれ。,〔同〕はむら,,,,,,【例】かぬとぅや むらはでぃちぬ ‘とぅどぅ  あんさい,〈あの人は村はずれに住んでいる人だ〉,,,,,,,,,,,,,,,,,,,,
1610,1,,むるん,,[mur-],,(動詞),270,,(果実を)もぐ。もぎ取る。,,,(語源)古語モル〈捥ぐ〉に対応。,[mor->mur-],,,【例】まんどぅい むい=すりゃ うやし=わり,〈パパイヤをもぎ取ってきたのでお食べください〉,,,,,,,,,,,,,,,,,,,,
1611,1,,むん,,[muN],,(名詞),270,,麦。,,,(語源)日本語ムギ〈麦〉に対応。,[*mogi>mozi>modi>m uN],(関連用語)むーんす〈麦のもろみ〉/むんあやし〈麦を脱穀する〉/む んぬんす〈麦の味噌〉,,【例】んかちや むんとぅ とぅぶまみ ‘かいてぃ どぅぬ だに す ゆんた ‘くい=ぶたんか゚,〈昔は麦と大豆を使い自家製の醤油などを造っていたのだが...〉,むんや まいとぅ まんでぃてぃ はい=ぶたん,〈麦は米と 混ぜて食べていた〉,んかちや むん ‘くい=ぶたんか゚どぅ まー ゆにゅ うひんどぅ かい はい=ぶる,〈昔は麦を作っていたけど、もう、輸入品を 買って食べている〉,,,,,,,,,,,,,,,,
1612,1,,むんだに,,[muNdani],,(名詞),270,,(1)魚釣りの餌。,,,,,,,【例】 で ぃ み み や   い ゆ   ぱ し   む ん だ に ん き   で ぃ ぎ ど ぅ=ぶる,〈ミミズは魚釣りの餌に最適だ〉,,,,,,,,,,,,,,,,,,,,
1612,2,例文なし,むんだに,,[muNdani],,(名詞),270,,麦の種。,,,(語源)1は沖縄方言ムンダニ /(0)muNdani/〈餌〉に対応。,,,,,,,,,,,,,,,,,,,,,,,,,
1613,1,,むんつん,,[muNC-],,(動詞),270,,つねる。ひねる。,,,,,,,【例】むむ むんつん,〈太ももをつねる〉,,,,,,,,,,,,,,,,,,,,
1613,2,,むんつん,,[muNC-],,(動詞),270,,摘む。,,,,,,,【例】んがな むんつん,〈ニガナを摘む〉,,,,,,,,,,,,,,,,,,,,
1614,1,,むんどぅ,,[muNdu],,(名詞),270,,けんか。問答。,,,(語源)日本語モンドウ〈問答〉に対応。,,,,【例】さぎ ぬむたし むんどぅ はでぃまい,〈酒を飲んだらけんかの始まり〉,ぬん あらぬ くとぅがら むんどぅ ない,〈何でもな いことからけんかになる〉,あがみんか゚ むんどぅ=きー かんな ぶい=みぬんすや,〈子供がけんかをして腕を折ってしまった〉,ないながてぃどぅ  むんどぅ きんなんでぃ んたる=はでぃど。 ぬんでぃ また むんどぅ きるんすや,〈ついさっきけんかをするなと言ったはずだよ。どうしてまたけんかをするね〉,,,,,,,,,,,,,,
1615,1,,むんぬく,,[muNnuku],B,(名詞),271,,ヤマモモ。,,,,,,,【例】むんぬくや うぬまま はいてぃん まーんか゚ さぎんき  ‘きーてぃん ますんき ‘きーてぃん まーん,〈ヤマモモはそのまま食べてもおいしいが、泡盛に漬けても塩漬けにしてもおいしい〉,,,,,,,,,,,,,,,,,,,,
1616,1,例文なし,むんばら,,[muNbara],,(名詞),271,,麦わら。,,,,,,,,,,,,,,,,,,,,,,,,,,,,
1617,1,,〜や,1,[ya], ,(助詞),271,,~は。(1)主題を表す係助詞。,,,,,,,【例】かりや くん,〈彼は来る〉,うや ぬや?,〈こ れは何だ?〉,どぅちや ぶな?,〈友達はいるの?〉,くーや たてゃん,〈線 香は立てた〉,,,,,,,,,,,,,,
1617,2,,〜や,1,[ya], ,(助詞),271,,対比を表す。,,,(語源)日本語ハ(助詞)に対応。,[pa>wa>ya],,,【例】かぬとぅや むぬや うんにや はぬん か゚ さぎや ‘とぅかん ぬむん,〈あの人はご飯はそんなには食べないが、酒は人よりも飲む〉,,,,,,,,,,,,,,,,,,,,
1618,1,,〜や,2,[ya], ,(助詞),271,,~か。疑問や反語を表す終助詞。,,,,,,,【例】ぬや,〈何か〉,,,,,,,,,,,,,,,,,,,,
1619,1,,やー,,[ya],,(感動詞),271,,ちょっと。目下の者に呼びかける言葉。,,,,,,,【例】やー んだ あまてぃ まてぃ んに,〈ちょっと、あなた少し待って〉,,,,,,,,,,,,,,,,,,,,
1620,1,,やいとーやいとー,,[yaitoyaito],,(感動詞),271,,豊年祭の時の綱引きのかけ声。「えいとー、えいとー」とも。,,,,,,,【例】やいとー  やいとー まぎんなよ。 やいとーやいとー まびん しから いりり,〈よいしょ、よいしょ、負けるなよ。よいしょ、よいしょ、もっと力を入れろ〉,,,,,,,,,,,,,,,,,,,,
1621,1,,やしんぎ,,[yasiNgi],,(感動詞),271,,力を入れるときのかけ声。類語「ひやさ」〈よいしょ〉、「ひやささ」「ひゃくりさ〈」よいしょ〉。,,,,,,,【例】やしんぎー、やしんぎー,〈どっこいしょ、どっこいしょ〉,,,,,,,,,,,,,,,,,,,,
1622,1,,やっ,,[ya],,(感動詞),271,,あらっ。,,,,,,,【例】やっ んだ とぅーん んなにぬんでぃ うむりや、うみどぅ  はたらてぃ ぶんすや,〈あら、あなた全然見えないと思ったらそこで働いていたのね〉,,,,,,,,,,,,,,,,,,,,
1623,1,,やっから,,[yaKara],,(名詞),272,,(1)輩(やから)。奴(やつ)。,,,,,,,【例】かぬ むらぬ やっからんたぬ ばたや ん かにぬんでぃどぅ ある,〈あの村の奴らの腹は満たすことができない、といわれてきた〉,かぬ やっから あったや うんにぬ きだばい きどぅ  きるよ,〈あいつならそんな乱暴もやりかねないよ〉,,,,,,,,,,,,,,,,,,
1623,2,,やっから,,[yaKara],,(名詞),272,,強力(文化的・民俗学的背景)さんか゚いいそばは、十六世紀初頭、与那国島全島を統一し、治めたとされる女族長。新村建設、牧場開拓など内治に尽くし、兄弟四人をドゥナンバラ村、ダディグ村、ダンヌ村、ティバル村の按司に配置して各集落を治めさせながら、自身は島の中央に位置するサンカ゚イ村に居を構えて、そこから采配を振るっていたといわれる。,,,,,,,【例】さんか゚い  いすばや やっから みぬんか゚どぅ あたんでぃ んどぅんさい,〈さんか゚いいそばは強力な女だったというよ〉,,,,,,,,,,,,,,,,,,,,
1624,1,,やなぎ,,[yanagi],,(名詞),272,〔植物〕,ソウシジュ。柳の木に似ている。台湾から導入されたため、「タイワンヤナギ」の名がある。,,,,,,,【例】たいわんやなぎや かいんきん ない てぃむぬ んきん ない たんきん ない んなにくる いとぅん すみらり あらぐ  ‘かいでぃんか゚ あん,〈ソウシジュは緑肥にもなり薪にもなり、木炭にもなり、着物の糸も染められ、とても使い手があった〉,,,,,,,,,,,,,,,,,,,,
1625,1,,やはたぐさ,,[yahaTagusa],,(名詞),272,〔植物〕,ムラサキカタバミ。「いはたぐさ」とも。,,,,,,,【例】やはたぐさや ‘かーぐ うどぅぐみてぃん むい=くーゆんがら ちるんばぎん とぅい あちみ てぃ だてぃ=‘かってぃりゃどぅ なる,〈ムラサキカタバミは深く埋めても生えてくるので、根まで取って集めて焼き払わないといけない〉,,,,,,,,,,,,,,,,,,,,
1626,1,,やんだみてぃ,,[yaNdamiTi],,(名詞),272,,どんちゃん騒ぎ。,,,,,,,【例】かつしんぬ すび んでぃ いすんとぅんたんか゚ どゎいんでぃ やんだみてぃ きー=ぶん,〈鰹船の操業期間を首尾よく終え、漁師たちがお祝いだとどんちゃん騒ぎをしている〉,,,,,,,,,,,,,,,,,,,,
1627,1,〔補〕の位置、要修正。,〜ゆ,,[yu],,(助詞),272,,~よ。~だよ。詠嘆や念押しを表す終助詞。,,,,,,(文化的・民俗学的背景)「あぶたゆ」驚いたり、怖いものに出会ったときに発する。,【例】くゆ,〈これだよ〉,あぶたゆ、 にぐらぬ。 あぬ ぬー きるかや,〈うわあ、怖い。どうしよう〉,うんに んたばゆ,〈そう言ったからね〉,うんにどぅ あったばゆ,〈そうだったからね〉,〔補〕「あぶたゆ」は文字どおり、おかあさんよ、に由来する。類語「うーしゅ」〈怖い〉、「いらりー」〈ああ、怖い〉,,,,,,,,,,,,,
1628,1,,ゆいち,,[yuiCi],,(副詞),273,,(問い掛け)~事か。,,,,,,,【例】うんにぬ ゆいち,〈そんな事か〉,,,,,,,,,,,,,,,,,,,,
1629,1,,ゆいちーゆいちー,,[yuiCiyuiCi],,(感動詞),273,,はやし言葉。,,,,,,,【例】「あがりなや　かでぃりな　いでぃりなや　ばらんたんでぃな　たんてぃきりゆんど　ユイチ　ユイチ」〈東の綱は縒り綱　西の綱は藁屑の綱　ぶっつり切れるよ　ユイチ　ユイチ(わらべ歌『綱引き節』より)〉/「つうんだみ　あがんだみ　んでぃりば　ユイチ　ユイチ」〈白カタツムリさん、赤カタツムリさん、出ておいて　゙ユイチ　ユイチ〉わらべ歌『白蝸牛赤蝸牛節』より。,,,,,,,,,,,,,,,,,,,,,
1630,1,,〜ゆんがら,,[yuNgara],,(接辞),273,,~(だ)から。~(な)ので。連体形に接続して順接の意味を表す接辞。「~うんがら」とも。「~ゆんがら」>「~うんがら」>「~んがら」でできた「~んがら」は異分析により終止形に接続する「~がら」となっている。,,,(語源)石垣方言ユンカラ〈ゆえに〉に対応。,,,,【例】つ いまいどぅ あるゆんがら ‘たんか゚んきどぅ んなりる,〈一つ違いの子だから双子のようにみえる〉,うんにどぅ あるゆんがら,〈そのようなわけであ るから〉,かまや とゎーるゆんがら ひらぬん,〈あそこは遠いので行かな い〉,,,,,,,,,,,,,,,,
1631,1,,よい,,[yoi],,(感動詞),273,,承知した時に、目下に言う時の言葉。うん。,,,,,,,【例】「いやん はたぎんき わ るん?」「よい」,〈「お父さんも畑に行かれますか?」「うん」〉,生半可な返事。 うーん。【例「】つま-くたし うまばぎんや きし=うとぅぎよ」「よーい」,〈「昼 までにここ辺までは耕しておきなさいよ」「うーん」〉,,,,,,,,,,,,,,,,,,
1632,2,,〜りるん,,[rir-],,(接辞),273,,可能を表す。,,,,,,,【例】うまや あさたてぃどぅ=ぶんがら あがみてぃんたんか゚ん うんか゚りるん,〈ここはとても浅いので子供たちでも泳げる〉,,,,,,,,,,,,,,,,,,,,
1633,1,,わー,,[wa],C,(名詞),274,,豚。,,,(語源)沖縄方言ッ ワー /(0)'waa/ に対応。,[uwaa>u'aa>wa],,,【例】あんか゚ ぐまるた いくっつぁ まいがら いくっつぁちむたま でぃん んにんか゚ たいはんき ひる かーでぃ わー うぐい=ぶたん。 わーや あちどぅち んなんし んまんきてぃ びんがんたんか゚すーし か たみ なんたんき くやし=ぶたる。 うんぬばす わーんか゚ だみき な ぐうんがら うぬくいんか゚かりるばすや たいはんき うぐるんでぃ わー  ちみ=ぶるてぃらんでぃ ばがたん,〈私が幼かった戦前から終戦まで、船が台湾に出るたびに、豚を移出していた。豚は四肢を縄で縛り、男たちが天秤棒で担いで波多(ナンタ)港に運んでいた。その時、豚は(足の)痛みに悲鳴を上げる。だから、その声が聞こえると、あ、台湾に豚を積み込んでいるな、と分かったものさ〉,,,,,,,,,,,,,,,,,,,,
1634,1,,わーぬむぬ,,[wanumunu],,(名詞),274,,豚の餌。,,,,,,,【例】はやぐ わーぬむぬ はみり。 だーさ きー=ぶんそ,〈早く豚の餌をあげなさい。ひもじくしているよ〉,,,,,,,,,,,,,,,,,,,,
1635,1,,わーびらい,,[wabirai],,(名詞),274,,うわべだけの交際。,,,,,,,【例】かりとぅや わーびらいんき ない=ぶる,〈彼とはうわべだけの付き合いになっている〉,,,,,,,,,,,,,,,,,,,,
1636,1,,わｎき゚るん,,[waŋir-],,(動詞),274,,追い返す。,,,(語源)オイアゲル〈追い上げる〉に対応するか。,[oi'age->o'aŋe(r)- >waŋir-],,,【例】びーたーりどぅ ぶんさい わんき゚り,〈酔いすぎているよ、追い返せ〉,,,,,,,,,,,,,,,,,,,,
1637,1,,わしき,,[wasiKi],A,(名詞),275,,天気。ウワツキ〈上つ気〉の意。,,,(語源)沖縄方言ッ ワー チチ /(1)'waacici/ に対 応。,[uwatuki>u'aciki>wasiKi],,,【例】すーや わしき んさびてぃ あがみん たぬ うんどーかい どぅっとぅ あたんか゚えー,〈今日は天気が良くて子供たちの運動会はよかったね〉,わしき だんでぃるん,〈天気が悪くなる〉, わしき ぬい=ひりよー,〈天気良くなれよ〉,わしき ばらさりや ひら ぬん,〈天気が悪いから行かない〉,,,,,,,,,,,,,,
1638,1,,わぬ-かん,,[wanukaN], ,(名詞),275,,不潔な人。「わーぬかん」とも。〈豚の神〉の意か。,,,,,,,【例】わぬかん ないてぃ  ぶんすや。 はやぐ みん あみてぃ こー,〈汚くなっているな。早く水浴びしてきなさい〉,,,,,,,,,,,,,,,,,,,,
1639,1,,わばんぐとぅ,,[wabaNguTu],,(名詞),275,,戯(ざ)れ言。余計なこと。,,,,,,,【例】わばんぐとぅ=ばがい んどぅんすや かに  はんでぃどぅ=ぶる,〈余計なことばかり言うね、耄碌(もうろく)している〉,,,,,,,,,,,,,,,,,,,,
1640,1,,わら,,[wara],A,(名詞),275,,上。上の方。「わーら」とも。〈上原〉の意〈原〉は〈~の方〉を表す。,,,(語源)沖縄方言ッ ワー ラ /(1)'waara/ に対応。 ,[uwawara>u'a'ara>waara>wara],,,【例】かでぃ ぬ わーら,〈風上〉,はたぎぬ わーら,〈畑の上の方角〉,わらがら しみ=くー,〈上のほうから攻めてこい〉,,,,,,,,,,,,,,,,
1641,1,,〜わるん,,[war-],B,(助動詞),275,,~(し)なさる。動詞の連用形に接続して〈尊敬〉を表す。「わるん」〈いらっしゃる〉が助動詞化したもの。,,,,,,,【例】あぶや つまどぅぎぬ したぐどぅ  きー=わる,〈おばあさんは昼食の準備をしていらしゃる〉,ばーり にんでぃ  わんなよー,〈疲れて居眠りをなさらないでくださいね〉,ぬー きー=わ たんか゚?,〈何をなさっていましたか?〉,わいし とぅらしわい ふがらさ,〈お越しくださりありがとうございます〉,,,,,,,,,,,,,,
1642,1,,わるん,,[war-],B,(動詞),276,,いらっしゃる。「ひるん〈」行く〉、「くん」〈来る〉、「ぶん〈」いる〉の尊敬語。,,,(語源)日本語オワス〈御座す〉に対応。 ,[*owar->o'ar->war-],,,【例】 ばやがら わい=たばり,〈私の家からお帰りください〉,わいするた どぅ りっとぅ きー わーり,〈おいでの間、ごゆっくりしてください〉,わいす んでぃさ,〈よくおいでくださいました〉,,,,,,,,,,,,,,,,
1643,1,,〜ん,,[N],,(助詞),276,,~も。他に同様の事物があることを示すとりたて助詞。,,,,,,,【例】あったん すー んに あっつぁどぅ あるかや,〈明日も今日みたいに暑いのかな〉,,,,,,,,,,,,,,,,,,,,
1644,1,例文なし,んがい,,[Ngai],,(名詞),276,〔動物〕,テナガダコ。,,,,,,,,,,,,,,,,,,,,,,,,,,,,
1645,1,,んかち,,[NKaCi],C,(名詞),276,,昔。,,,(語源)日本語ムカシ〈昔〉に対応。,[muk asi>NKaCi],,,【例】んかちぬ くとぅば うんに まーてぃ うぶい=ぶんすや,〈昔のことをそんなによく覚えているとは〉,,,,,,,,,,,,,,,,,,,,
1646,1,,んかでぃ,,[NKadi],C,(名詞),276,〔虫〕,ムカデ。,,,(語源)日本語ムカデ〈百足〉に対応。,[*mukaze>NKaze>NKadi],,,【例】んかでぃに ぷいっつぁりんなよー,〈ムカデに咬まれるなよ〉,,,,,,,,,,,,,,,,,,,,
1647,1,,んがるん,1,[Ngar-],A,(動詞),276,,濡(ぬ)れる。,,,(語源)与那国固有語か。,,,,【例】 さ な   む て ぃ=く ん す   ば っ ち て ぃ   あ み ん き   ん が い=ぶんかし,〈傘を持ってくるのを忘れて雨に濡れてしまった〉,まー だが てぃ あみ ふるんど。 はやぐ あらいむぬ いりり。 あらいむぬ んが るんど,〈もうやがて雨が降るよ。早く洗濯物入れろ。洗濯物が濡れるよ〉,,,,,,,,,,,,,,,,,,
1648,1,,んがるん,2,[Ngar-], ,(動詞),276,,(虫などが)たかる。,,,,,,,【例】くとぅちぬ うがんふとぅてぃや あやんか゚ んがるんに,〈今年の豊年祭はアリが群がるように(見物人がたくさんいた)〉,はいんか゚ つぁりむぬんき んがるん,〈ハエが腐ったものにたかる〉,,,,,,,,,,,,,,,,,,
1649,1,,〜んき,,[NKi],,(助詞),276,,~へ。~に。方向を表す格助詞。,,,,,,,【例】まりゃんか゚ ちらんき あたたん,〈ボールが顔に当たった〉,あまだ ちてぃ あがみんき はみり,〈サトウキビを 切って子供に食べさせなさい〉,はったんき いらりゃん,〈蜂に刺された〉,,,,,,,,,,,,,,,,
1650,1,,んぎ,1,[Ngi],A,(名詞),277,,髭(ひげ)。,,,(語源)日本語ヒゲ〈髭〉に対応。,[pige>Nge>Ngi],,,【例】んぎ かたんか゚えー,〈髭が濃いですね〉,んだ んぎ すり,〈君、髭を剃りなさい〉,,,,,,,,,,,,,,,,,,
1651,1,,んぎ,2,[Ngi],A,(名詞),277,,棘(とげ)。,,,(語源)沖縄方言ンジ /(1)Nzi/ に対応。,[nige>Nge>Ngi],,,【例】 い す-き ん で ぃ   い て ぃ て ぃ   ん ぎ だ た ぬ   ん ぎ   は ん き   ささい=みぬんすや,〈潮干狩りにいったらウニの棘が足に刺さってしまったよ〉,,,,,,,,,,,,,,,,,,,,
1652,1,,んぎだた,,[NgidaTa],B,(名詞),277,〔動物〕,ウニ。,,,,,,,【例】アンカ゚イサティ アリシぬ いすに ぶる あが=んぎだたや みーか はらんか゚どぅ うぶさびてぃ まーん,〈東崎、アリシの磯にいる赤いウニは身より卵が多くておいしい〉,,,,,,,,,,,,,,,,,,,,
1653,1,,んぐい,,[Ngui],A,(名詞),277,,睾丸(こうがん)。金玉。,,,(語源)日本語フグリ〈睾丸〉に対応。,[puguri>Ngui],,,【例】んぐい ‘くり ならぬび いさぬだんき い てぃでぃどぅ あいぐ,〈睾丸が腫れてたまらないので医者へ行ってきた〉,,,,,,,,,,,,,,,,,,,,
1654,1,例文なし,んくてぃ,,[NKuTi],,(名詞),277,,赤ん坊。,,,,,,,,,,,,,,,,,,,,,,,,,,,,
1655,1,,んぐや,,[Nguya],C,(名詞),277,〔動物〕,ヤシガニ。甲殻類では最大級。ハサミの力が強く、堅いヤシの実やアダンの実を割って食べる。,,,(語源)ングイ〈睾丸〉からか。,,,,【例】どぅるぬ うてぃに んぐやんたん だまみ んたん とぅいんでぃ ひー=ぶたん,〈夜のうちにヤシガニやカメ(ヤエヤマイシガメ)を捕りに行ったものだよ〉,びんく゚い はる んぐや はいんか゚ しゃ びーるんでぃどぅ ある,〈クワズイモを食べたヤシガニを食べると中 毒するといわれている〉,,,,,,,,,,,,,,,,,,
1656,1,,んくん,,[NK-],,(動詞),277,,(1)(容器に液体が)満ちる。,,,,,,,【例】んぬ=や うぶあみ ふたるゆんがら かーぬ みん=や まー んてぃどぅぶる はでぃど,〈昨日は大雨が降ったから、川の水はもう満ちているだろうよ〉,,,,,,,,,,,,,,,,,,,,
1656,2,音変化，要修正,んくん,,[NK-],,(動詞),277,,潮が満ちる。,,,(語源)日本語ミチル〈満 ちる〉に対応。連用形  による語幹の類推変化,[miti->mici->NTi-],,,,,,,,,,,,,,,,,,,,,,,,
1658,1,,んす,,[Nsu],C,(名詞),278,,味噌(みそ)。,,,(語源)日本語ミソ〈味噌〉に対応。,[miso>Nso>Nsu],(関連用語)あ らんす〈新しい味噌〉/あんだんす〈油味噌〉/まいんす〈米味噌〉,,【例】だいばし んす ちー,〈すり鉢で味噌をすりなさい〉,どぅ なんぬ んすや んかちがら まいんすどぅ ある,〈与那国の味噌は昔から 米味噌だ〉,,,,,,,,,,,,,,,,,,
1659,1,,んすぶた,,[NsubuTa],,(名詞),278,,味噌味の煮物。昆布、ニンジン、ゴボウなどの水気の少ない野菜を混ぜ、味噌を入れて炒め、煮物にする。,,,,,,,【例】わーぬ みんき くぶ きんだぐに ぐん ぶにぬ みん んでぃらぬ ださい まんでぃてぃ んす いりてぃ いた みてぃ んすぶた ‘くりや つぁりらぬんき ながむてぃ きたん,〈豚の肉に昆布、ニンジン、ゴボウなどの水が出ない野菜を混ぜて味噌を入れて炒めて「んすぶた」を作ると腐らず、長持ちした〉,,,,,,,,,,,,,,,,,,,,
1660,1,,〜んた,,[NTa],,(接辞),278,,~など。,,,,,,,【例】 ん だ ん た   か り や   ぬ ん で ぃ ん   う む い=ぶ ら ぬ ん に ど ぅ=ぶる,〈君など彼はなんとも思っていないようだよ〉,たいはんとぅ いてぃ むどぅい きー=ぶるたや たんかん かいばしら からすみんた すんか゚ てぃに うや きないん あたん,〈台湾と頻繁に往復をしていた頃はタンカ ン、貝柱、カラスミなどを正月に食べる家庭もあった〉,,,,,,,,,,,,,,,,,,
1661,1,,んた,,[Nta],B,(名詞),279,,土。,,,,,,,【例】くまぬ はたぎや んたんか゚ むぬくい きるんでぃ あらぐ ん さん,〈ここの畑は土が農作物を作るのにとても良い〉,うらぬむらぬ あとぅ に んたぐしくんか゚ ぬぐい=ぶたん,〈浦野村の跡に土塁が残っていた〉(関連用語)あがんた,〈赤土〉、んたくび,〈土壁〉,,,,,,,,,,,,,,,,
1662,1,,んだ,1,[Nda], ,(名詞),279,,貝。磯にいる小型のマキガイ。宝貝うあ子安貝など海底にいるマキガイ。,,,,,,,【例】 いすんき いてぃてぃ んだんた んまてぃんた とぅい ちる きてぃ  みーん まーぐ はい=ぶたん,〈磯に行って、小さなマキガイやヒザラガイを採り、お汁にしたあと、身もおいしく食べていた〉,,,,,,,,,,,,,,,,,,,,
1663,1,,んだ,2,[Nda],A,(代名詞),279,,あなた。おまえ。男女どちらからも言う。,,,,,,,【例】うや んだ むぬ,〈これはあなたのもの〉,んだや ‘とぅー ばらみ どぅでぃどぅ あんすや,〈あなたは 人を笑わせるのが上手ですね〉,,,,,,,,,,,,,,,,,,
1664,1,,〜んたい,,[NTai],,(接辞),279,,~である様。動名詞を作る派生接辞。,,,,,,,【例】ちる ひらぎんたい,〈お汁が冷たくなっている〉,くんどぅぐり ちら あがんたい,〈怒って顔が真っ赤だ〉 ,ぬかや、 ちるん はたんたい=みぬんすや,〈どうしてか、(体の)筋が固く なってしまっているよ〉,,,,,,,,,,,,,,,,
1665,1,,んだい,1,[Ndai], ,(名詞),279,,漁(いさ)り。夜の漁。,,,(語源)日本語 イサリ(イザリ〈)漁り〉に対応。,[izari>Ndai],,,【例】どぅさいや んだい きんでぃ でぃ,〈今晩は漁りに行こう〉,んだいにや いすむぬ、いゆ、かんな、なだんたどぅ とぅ い=ぶたる,〈漁りでは磯物、魚、蟹、ウナギなどを捕っていた〉,,,,,,,,,,,,,,,,,,
1666,1,,んだい,2,[Ndai],C,(名詞),280,,左。,,,(語源)日 本語ヒダリ〈左〉に対応。,[pidari>Ndai],(関連用語)んだいとぅ〈左利き〉,,【例】んだい にでぃぬ うやんた,〈左や右におられる皆様方〉,んだや  まー いびたてぃ んだいんき どぅり,〈君はもう少し左に寄れ〉,,,,,,,,,,,,,,,,,,
1667,1,,んだいぬどぅ,,[Ndainudu],,(名詞),280,,音痴(おんち)。,,,,,,,【例】どぅぬながにや んだいぬどぅ とぅんでぃや ぶらぬ んでぃ んだり=ぶる,〈世の中にはもともと音痴の人はいないといわれている〉,,,,,,,,,,,,,,,,,,,,
1668,1,,〜んだぎ,,[Ndagi],,(接辞),280,,「~んだんぎ」とも。動詞の連用形に接続して意志・推量形をつくる。(1)~(し)よう。勧誘を表す。,,,,,,,【例】どぅい きんだんぎ,〈結いをしよう〉,,,,,,,,,,,,,,,,,,,,
1668,2,,〜んだぎ,,[Ndagi],,(接辞),280,,~(し)そうだ。様態を表す。,,,,,,,【例】あみ ふいんだぎ,〈雨が降りそうだ〉,,,,,,,,,,,,,,,,,,,,
1669,1,,んだち,,[NdaCi],,(名詞),280,,機織りの横糸を巻く竹管。,,,,,,,【例】はたういぬ ぬてぃ まぐ たぎ みぬんが ぬ とぅーかちぬ だいぬ あやんか゚り むぬ んだちやゆ,〈機織りの横糸を巻く竹が女性の米寿のお祝いのあやかりもの「んだち」だね〉,,,,,,,,,,,,,,,,,,,,
1670,1,例文なし,んだちとぅ,,[NdaCiTu],,(名詞),280,,左利き。,,,,,,,,,,,,,,,,,,,,,,,,,,,,
1671,1,例文なし,んだぬは,,[Ndanuha],,(名詞),280,,韮(ニラ)。,,,,,,,,,,,,,,,,,,,,,,,,,,,,
1672,1,,んたぶん,,[NTab-],,(動詞),280,,いたずらする。,,,(語源)沖縄方言ンタブン /(0)Ntab-/ に対応。,[mutab->NTab-],,,【例】うぬ あがみてぃに んたばり,〈この子にいたずらされたよ〉,,,,,,,,,,,,,,,,,,,,
1673,1,,んだみ,,[Ndami],C,(名詞),280,〔動物〕,カタツムリ。,,,(語源)九州方言ツブラメ〈蝸牛〉に対応。,[tuburame>Nndame>Ndami],,,【例】あみふいぬ あとぅや んだみんか゚ とぅんでぃ=くん,〈雨降りの後はカタツムリが出てくる〉,,,,,,,,,,,,,,,,,,,,
1674,1,,んだむん,1,[Ndam-],A,(動詞),280,,刻む。細かく切る。,,,(語源)日本語キザム〈刻む〉に対応。,[kizam->cidam->Ndam-],,,【例】あぶたんか゚ ちぶい、なんくどぅ んだみ=ぶる,〈お母さんが冬瓜、カボチャを刻んでいる〉,,,,,,,,,,,,,,,,,,,,
1675,1,,んだむん,2,[Ndam-],A,(動詞),281,,踏む。,,,,,,,【例】どぅがてぃに なばたい=ぶんすや あどぅびらし んだまりるんでぃな,〈廊下で寝そべっているのはかかとで踏まれるよ〉,,,,,,,,,,,,,,,,,,,,
1676,1,,んだらん,,[NdaraN],B,(形容詞),281,,(子供などが)可愛(かわい)い。可愛らしい。愛らしい。,,,,,,,【例】うぬ あがみてぃ や んだらんすや,〈この子の可愛いこと〉,んだら んだら,〈(可愛い、可愛 い)と抱きしめるさま〉,,,,,,,,,,,,,,,,,,
1677,1,,〜んたり,,[NTari],,(接辞),281,,~(し)たり。,,,,,,,【例】がっくがら かいし=しんか゚し はたぎんき うんてぃ  きしんでぃ ひーんたり だまんき てぃむぬ とぅいんでぃ ひーんたり  かーんき みん んみんでぃ ひーんたり ばんか゚ あがみてぃ あるたや  でゃーでぃどぅ あたる,〈学校から帰ると畑に芋掘りに行ったり、山に薪拾いに行ったり、水汲みに行ったり、わたし達が子供の頃は大変だった〉,,,,,,,,,,,,,,,,,,,,
1678,1,,んだん,1,[Ndas-],B,(動詞),281,,出す。,,,(語源)日本語ダス〈出す〉に対応。,[*idas- >Ndas-],,,【例】うちぬ あがみ がば うとぅしてぃどぅ せりんき んだ,〈牛の子を汚れを落としてセリに出す〉,,,,,,,,,,,,,,,,,,,,
1679,1,,んだん,2,[NdaN],C,(形容詞),281,,塩辛い。,,,(語源)日本語 ニガイ〈苦い〉に対応。,[nigasaN>nizyasaN>NdahaN>NdaN],,,【例】からすや んだんすどぅ まち,〈塩辛は塩辛いのがいい〉,ん だどぅ ありゃ みん いりり,〈塩辛いから水を入れなさい〉,,,,,,,,,,,,,,,,,,
1680,1,,〜んでぃ,,[Ndi],,(接辞),281,,(1)~と。発言などの引用を表す。,,,,,,,【例】うとぅんか゚いに ある あだや はい だまあだんでぃどぅ んだり=ぶたる,〈あごにあるほくろは食いしん坊のしるしといわれていた〉,,,,,,,,,,,,,,,,,,,,
1680,2,,〜んでぃ,,[Ndi],,(接辞),281,,~に。~するために。動詞の連用形に接続して〈目的〉を表す。,,,,,,,【例】はーりー んにんでぃ ひる,〈ハーリーを見に行こう〉,,,,,,,,,,,,,,,,,,,,
1681,1,,んでぃ,1,[Ndi],A,(代名詞),281,,あなたたち。お前たち。君たち。二人称複数。,,,(語源)日 本語ウレ・オレ〈汝〉に対応するか。,[ure>Nde>Ndi],,,【例】 ば ぬ や   ま ー   ひ る ん か゚   んでぃや ぬー きるんか゚?,〈僕らはもう行くが、君らはどうするか?〉,ん でぃや はやぐ わい=しな?,〈あなたたちは早くいらしたの?〉,,,,,,,,,,,,,,,,,,
1682,1,,んでぃ,2,[Ndi],C,(疑問詞),282,,どれ。,,,(語源)日本語イズレ〈何れ〉に対応。,[izure>Nnde>Ndi],,,【例】うや んでぃんか゚ば いってぃん まちかや?,〈それはどちらが一番良いだろうか〉,,,,,,,,,,,,,,,,,,,,
1683,1,,んでぃるん,,[Ndir-],,(動詞),282,,できる。出てくる。,,,(語源)日本語デル〈出る〉に対応。,[*ider->Nder->Ndir-],,,【例】 み ん ぶ る に   あ し ぶ   ん で ぃ ど ぅ=ぶ る ,〈頭にできもの(あせも)が出来ているよ〉,はちちがら ちー んでぃどぅ=ぶる,〈歯 茎から血が出ている〉,,,,,,,,,,,,,,,,,,
1684,1,例文なし,んでゃ,,[Ndya],,(名詞),282,,あなたの家。お前の家。,,,,,,,,,,,,,,,,,,,,,,,,,,,,
1685,1,,んどぅがん,,[Ndugas-],B,(動詞),282,,動かす。移動させる。,,,(語源)日本語ウゴカス〈動かす〉に対応。,[*igokas->izyokas->Ndogas- >Ndugas-],,,【例】いんさぬ んどぅがにぬん,〈重くて動かせない〉,うぬ んすかみ いび んどぅがい,〈この味噌瓶をもう少し移動させな さい〉,,,,,,,,,,,,,,,,,,
1686,1,,んどぅぐん,,[Ndug-],B,(動詞),282,,(1)働く。,,,,,,,【例】まー いびたてぃ んどぅぎよ,〈もう少し働きなさいよ〉,,,,,,,,,,,,,,,,,,,,
1686,2,,んどぅぐん,,[Ndug-],B,(動詞),282,,引き下がる。,,,(語源)日本語ウゴク〈動く〉に対応。,[*igok->izyog- >Ndog->Ndug-],,,【例】まー いびたてぃ つばらんき んどぅぎ,〈もう少し後ろに引き下がりなさい〉,,,,,,,,,,,,,,,,,,,,
1687,1,,んとぅるん,,[NTur-],A,(動詞),282,,座る。,,,(語源)与那国固有語か。,,,,【例】‘とぅぬ まいばらに また はいてぃ んとぅい=ぶんすや  うぬ きならぬ=むぬ,〈人前で股を張って座っているとは、この無礼者〉, うまんき んとぅんな,〈ここに座るな〉,んだ すばんき んとぅるたよ,〈君 の傍に座ろうね〉,,,,,,,,,,,,,,,,
1688,1,,〜んどぅん,,[Nd-],,(助動詞),282,,~(と)いう。,,,,,,,【例】あてぃんか゚どぅ あぬ かーばい すいだてぃ=とぅら たんでぃ んどぅんさい,〈姉がよく私をお守りしてくれたそうだ〉,,,,,,,,,,,,,,,,,,,,
1690,1,,〜んな,,[Nna],,(接辞),283,,~な。動詞の連体形に接続して〈禁止〉を表す。連体形が「る」で終わる場合は「る」を削除する。,,,(語源)日本語~ ナ〈禁止〉に対応。,,,,【例】べんきょー きんな,〈勉強するな〉,,,,,,,,,,,,,,,,,,,,
1691,1,,んな,,[Nna],B,(名詞),283,,綱。綱も縄も「んな」という。綱引きの大綱は「うぶんな」ともいう。,,,,,,,【例】 くとぅちぬ うがんふとぅてぃにや んな ‘くんでぃ んどぅんさい,〈今年の豊年祭では綱引きがあるというよ〉,ばら くば さんにん あだぬ ちし ぬゎーる んなんき ま ‘とぅち んな たしてぃ みーち なし  ぬゎーい うちんまぬ なはなんき ‘かい=ぶたる。 うんきや うぎんなんでぃ んでぃ=ぶたる,〈藁、クバ、月桃、アダンでなった縄にもう一つ縄を 足して三つにして綯って、牛や馬の手綱に使っていた。これを「うぎんな」 と言っていた〉,んかちや びんがや どぅい はいんか゚しや んな ぬん すどぅ しかま あたる,〈昔は男は夕食を食べると縄を綯うのが仕事だった〉 ,んなにや あんく゚い=んな、あだぬち=んな、かーんな ばらんなん あ たん。 あんく゚い=んなや あんく゚いどぅ あるうんがら すーさや あんか゚  てぃー ひってぃどぅ きる。 あだぬち=んなや あだぬ かーんなや  どぅにんぱぬ かーし ‘くゎる むぬ,〈縄には「あんく゚いな」「あだぬちんな」「かーんな」「ばらんな」などがあった。「あんく゚いな」はクロツグの葉元の繊維 であったから強さはあったが手に刺さる難点があった。「あだぬちんな」やア ダンの気根の繊維、「かーんな」はオオハマボウの皮で作ったものである〉(関連用語)ばらんな きゃー まるぎ,〈藁縄で腹部を締め、作業を頑張れという 意味〉,,,,,,,,,,,,,
1692,1,例文なし,んな-てぃ,,[Nnati], ,(名詞),284,,手ぶら。何も持たないこと。,,,,,,,,,,,,,,,,,,,,,,,,,,,,
1693,1,,んなに,,[Nnani],C,(名詞),284,,着物。衣。,,,,,,,【例】すんか゚てぃまい ないんか゚しや うやんたや すんか゚てぃ=ん なにんでぃ あがみんたんき んなに かい つぁみ=ぶたん,〈正月前になると親たちは子供たちに正月用の着物だと着物を買って着せたものだ〉,,,,,,,,,,,,,,,,,,,,
1694,1,,んなぬ-かた,,[NnanukaTa], ,(名詞),284,,見て見ぬふり。〔補〕少し丁寧な言い方。,,,,,,,【例】 し か ま ど ぅ   き=ぶ る ん で ぃや んなぬ-かた きてぃ ひるんすや,〈仕事をしているのに見て見ぬふりしていくね〉(関連用語)つぁぬ-かた,〈知らんぷり〉【例】つぁぬ-かた きてぃ  ひるんすや、ふりむぬ こー,〈(人は仕事しているのに)知らんぷり声も掛け ずに行くのは、馬鹿者め〉,,,,,,,,,,,,,,,,,,
1695,1,,んなぬた,,[NnanuTa],,(連語),284,,見ていない間。,,,,,,,【例】かりんか゚ んなぬた はやぐ むてぃ ひり,〈彼が見ない間に早く持って行きなさい〉,,,,,,,,,,,,,,,,,,,,
1696,1,,んなりるん,,[Nnarir-],,(動詞),284,,見える。「んぬん」〈見る〉の可能形。,,,(語源)日本語ミラレ ル〈見られる〉に対応するか。,[mirare->Nnare(r)->Nnarir-],,,【例】うぶんぎたたぬ んびがら んにんか゚しや はたらてぃ=ぶる ‘とぅんた ぐぅまーたてぃどぅ んなりたる,〈うぶんぎた田の後方から田で働いている人たちを見ると、とても小さく見えたもんだよ〉,すでぃんか゚ んなりるん,〈袖が見える〉,,,,,,,,,,,,,,,,,,
1697,1,例文なし,〜んなん,,[NnaN],,(接辞),285,,~ように。,,,,,,,,,,,,,,,,,,,,,,,,,,,,
1698,1,,んなん,,[Nnas-],A,(動詞),285,,殺す。死なせる。,,,(語源)日本語シナス〈死なす〉に対応。,[sinas->Nnas-],,,【例】 あ が み   ん な し て ぃ ど ぅ   か ん と ぅ り=ぶ る ,〈子供が死んで気落ちしている〉,うぬ とぅがら んなんでぃ いりゃや、ぬてぃ むいどぅ くー,〈このヘビを殺そうとしていたら、生き返り生き返りしてく る〉,,,,,,,,,,,,,,,,,,
1699,1,,〜んに,,[Nni],,(接辞),285,,~のように。「~に」とも。,,,,,,,【例】どぅらち どぅらんに ない どぅらし,〈篩(ふるい)をふるうように、地震で揺れた〉,,,,,,,,,,,,,,,,,,,,
1700,1,,んに,1,[Nni],A,(名詞),285,,胸。,,,(語源)日本語ムネ 〈胸〉に対応。,[mune>Nne>Nni],,,【例】くるびてぃ んに だまし,〈転んで胸を痛めた〉,,,,,,,,,,,,,,,,,,,,
1701,1,,んに,2,[Nni],B,(名詞),285,,米。,〔類〕まい。「んに」は精米されたものを指すのに対し、「まい」は畑から持ってきて籾が付いている状態のものを指す。,,,,,,【例】みしやがら んに かい  くー,〈お店からお米を買ってきなさい〉,,,,,,,,,,,,,,,,,,,,
1702,1,,んに,3,[Nni],C,(名詞),285,,船。舟。,,,(語源)日本語フネ〈舟〉に対応。,[pune>Nne>Nni],,,【例】んに ひるんさい かまでぃ,〈船が行くのが見えるね。向こうから〉,,,,,,,,,,,,,,,,,,,,
1703,1,,んにうとぅん,,[Nni'uTus-],,(動詞),285,,見落とす。,,,,,,,【例】くにぬ だぐばがらぬ あんないじょーぬ ひにてぃ んにうとぅし=みぬばん,〈つい先日の役場からの案内状の日にちを見落してしまった〉,,,,,,,,,,,,,,,,,,,,
1704,1,例文なし,んにしりうち,,[Nnisiri'uCi],,(名詞),286,,籾をする臼。(籾から玄米にするため)「んにしりしり、あばゆらゆら」という籾すり歌もある。,,,,,,,,,,,,,,,,,,,,,,,,,,,,
1705,1,,んにるん,1,[Nnir-],A,(動詞),286,,似る。,,,(語源)日本語ニル〈似る〉に対応。,[ni->Nnir-],,,【例】あいてぃ-かたんか゚ うやんき んに=ぶる あがみてぃ,〈歩き方が親に似ている子供〉,,,,,,,,,,,,,,,,,,,,
1707,1,,んにん,,[NniN],C,(名詞),286,,蜜柑(ミカン)。「だまんに」〈山ミカン〉〈シークヮーサー〉,,,(語源)日本語クネンボに対応。,[*kunebu>NneN >NniN],(関連用語)んにんはぐ〈蜜柑箱〉,,【例】はるやに つまどぅぎ ふー ばすんた みんき だまんにんぬ ちる んぶい くす  はんてぃ みんはいり ‘くいてぃ かてぃむぬんき きー=ぶたん,〈畑小屋で昼ご飯をとるとき、水にシークワーサーの汁を搾り、トウガラシをはじいて水酢を作りおかずの足しにした〉,みながぬ んにん むい はい,〈庭の ミカンを取って食べなさい〉,,,,,,,,,,,,,,,,,,
1708,1,,んぬ,1,[Nnu],A,(名詞),287,,昨日。,,,(語源)日本語キノウ〈昨日〉に対応。,[kinou>Nno>Nnu],,,【例】んぬ ひー=みぬんさい,〈昨日行ってしまった〉,んぬどぅ す たる,〈昨日来たのだ〉,んぬや いー=わしき ないてぃ んさたんがえー,〈昨日は良い天気になってよかったね〉,,,,,,,,,,,,,,,,
1709,1,例文なし,んぬ,2,[Nnu],B,(名詞),287,,蓑(みの)。ビロウの葉、シュロ、藁などで作った。,,,(語源)日本語ミノ〈蓑〉に対応。,[mino>Nno>Nnu],,,,,,,,,,,,,,,,,,,,,,,,
1710,1,,んぬ,3,[Nnu], ,(名詞),287,,竜巻。,,,(語源)西日本方言エノウ〈竜巻〉に対応。,[enau>enoo>inu>Nnu],,,【例】くとぅちや んぬ うぶさどぅ ある,〈今年は竜巻が多い〉,ん ぬ まてぃ=ぶる=ばすに うー かりゆーんでぃ うゆび さんなよ,〈竜 巻が巻いている時、これ、あれよと指さしてはいけないよ。(ひどいことにな るよ)〉,,,,,,,,,,,,,,,,,,
1711,1,,んぬかさ,,[Nnugasa],,(名詞),287,,蓑笠。「んぬ-かさ」とも。,,,,,,,【例】 あ み   ふ い ん だ ぎ ど ぅ   あ ん が ら   ん ぬ が さ  むてぃ=ひり,〈雨が降りそうだから蓑笠を持って行きなさい〉,あみ ふるんどー。 んぬ-かさ ちー=ひり,〈雨が降るぞ。蓑笠を着て行け〉,,,,,,,,,,,,,,,,,,
1712,1,,んぬぶとぅてぃ,,[NnubuTuTi],A,(名詞),287,,二、三日前。最近。「んぬ」〈昨日〉と「ぶとぅてぃ」〈一昨日〉の複合語。,,,,,,,【例】かりとぅや んぬ=ぶとぅてぃ とぅばったんか゚,〈彼とは最近あったけれど〉〜んぬん[Nn-]B(助動詞)~(て)みる。,【例】ぬんか゚ びっかい=ぶんか゚ かんか゚ん んに=んにんに,〈何 が付いているのか鏡を見てごらん〉,,,,,,,,,,,,,,,,,,
1713,1,,んぬん,1,[NnuN], ,(名詞),288,,角(つの)。,,,,,,,【例】んぬんにや うちとぅ ひびだとぅ すいぎゅーぬ んぬん か゚ あん,〈角には牛と山羊と水牛の角がある〉,,,,,,,,,,,,,,,,,,,,
1714,1,,んぬん,2,[NnuN], ,(名詞),288,,太鼓(たいこ)。,,,,,,,【例】んぬん かにん うてぃ だーならし きるんすどぅ  まちりぬ すぶぐとぅ はじまいぬ あいでぃ,〈太鼓、鉦を打って座ならしをするのが祭りの勝負事(行事)の始まりの合図である〉,うちぬかーし  んぬん ‘くいてぃ ぶー ‘かい=ぶる,〈牛の皮で太鼓を作り、棒踊りを披露 している〉,,,,,,,,,,,,,,,,,,
1716,1,,,,,,,288,,,,,,,,,,,,,,,,,,,,,,,,,,,,,,
1716,2,,んぬん,3,[Nn-], ,(動詞),288,,眺める。,,,,,,,【例】いりさてぃがら たいはん んぬん,〈西崎から台湾を眺める〉,,,,,,,,,,,,,,,,,,,,
1716,3,,んぬん,3,[Nn-], ,(動詞),288,,覗く,,,,,,,【例】いやや ぬー きー=ぶるかやんでぃ んぬん,〈お父さんは何をしているのかのぞく〉あぶんか゚わるんかやんでぃみしやんにてぃくたよ,〈おばさんがいらっしゃるか、店を覗いてみるね〉,,,,,,,,,,,,,,,,,,,
1717,1,,んば,,[Nba],B,(名詞),289,,唇(くちびる)。,,,(語源)九州方言ツバ・スバ〈唇〉に対応。,[suba>siba>Nba],,,【例】にぐら きてぃ んば つーみどぅ=ぶる,〈怖がって唇が白くなっている〉,んば ‘くりるた うったり,〈唇が腫れるまでぶたれた〉,,,,,,,,,,,,,,,,,,
1718,1,,んばい,,[Nbai],,(名詞),289,,小便。,,,(語源)沖縄方言シー バイ /(1)siibai/ に対応。,[sibari> Nbai],,,【例】とぅち とぅい んばい ‘たーぐ ないどぅ=ぶる,〈年を取り、小便が近くなっている〉,,,,,,,,,,,,,,,,,,,,
1719,1,,んび,,[Nbi],A,(名詞),289,,尻。臀部(でんぶ)。肉の付いている部分。,,,(語源)日本語ツビ〈女陰〉に 対応。,[*tube>cibe>Nbe>Nbi],(関連用語)んびましぬぐてぃ〈桶の底を挽き 回しながら合わせるのに用いる鋸〉,,【例】あがみてぃや んび うっ てぃ ならい,〈子供は尻を叩いて教育しなさい〉,,,,,,,,,,,,,,,,,,,,
1720,1,〔補〕の位置、要修正。,んびうい=くん,,[Nbi'ui+k-], ,(動詞),289,,ついてくる。〈尻を追って来る〉の意。,,,,,,,【例】あがみてぃんたんか゚ ちちまいぬ  あとぅ んびうい=くん,〈子供たちが獅子舞のあとをついてくる〉,ちちま いぬ んびういくん,〈獅子舞についていく〉,/んまぬあがみんにきーんびういすんすや〈馬の子供のように追いかけてくるね。〔補〕いつも一緒にいる様子、転じて傍から離れない様子〉,,,,,,,,,,,,,,,,,
1721,1,,んびるみ,,[Nbirumi],B,(名詞),289,,肛門。尻の穴。「んび」〈尻〉の「みー」〈穴〉の意。,,,(語源)沖縄方言チビヌミー /(0)cibinumii/ に対応。 ,[tubenome>ciberome>Nberome>Nbirumi],,,【例】 う ぬ   あ が み て ぃ ぬ   んびるみ すすい=とぅらい,〈この子の尻(肛門)を拭いてあげなさい〉,つー  まい=ぐりさびてぃ んびるみ きでぃ ‘きー=ぶんかし,〈便秘で排便にて こずり、肛門を傷つけてしまった〉,んびるみぬ きー ぶんたい,〈鳥肌が 立った(肛門の毛が立った)〉,,,,,,,,,,,,,,,,
1722,1,例文なし,んぶ,,[Nbu],,(名詞),289,,用水地。,,,,,,,,,,,,,,,,,,,,,,,,,,,,
1723,1,,んぶぐだぎ,,[Nbugudagi],,(名詞),290,,ホテイチク。幹は強くて粘りがあり、釣り竿に使う。「んぶぐ」とは釣り竿のことでこの竹の幹を釣り竿にすることからこう呼ばれる。タケノコは食用でとてもおいしい。,,,,,,,【例】いゆぱし あんびんだぎ? でぃ、んぶぐだぎ ち― んでぃ,〈魚釣りをして遊ばない?行こう、ホテイチクを切りに〉,,,,,,,,,,,,,,,,,,,,
1724,1,,んぶち,,[NbuCi],A,(名詞),290,,膝(ひざ)。脛と腿をつなぐ、関節の前の側。,,,(語源)日本語ツブシ〈膝〉に対応。,[tub usi>cibusi>NbuCi],,,【例】まー ういとぅ ないん でぃ、たや みぬんき ない、んぶち だみ ならぬんでぃや,〈もう年老いて、力も衰え、膝も痛くてならないよ〉,,,,,,,,,,,,,,,,,,,,
1725,1,例文なし,んぶてぃ,,[NbuTi],,(名詞),290,〔貝〕,小型の宝貝。,,,,,,,,,,,,,,,,,,,,,,,,,,,,
1726,1,,んぶまるん,,[Nbumar-],,(動詞),290,,(1)しぼむ。,,,,,,,【例】はな んぶまい=ぶんそー。 みん かぎ とぅらいば,〈花がしぼんでいるぞ。水をかけてやったら〉,,,,,,,,,,,,,,,,,,,,
1726,2,,んぶまるん,,[Nbumar-],,(動詞),290,,(衣類が)しわしわになる。,,,,,,,【例】 んなにや んぶまいどぅ ぶんがら ぬばい,〈着物がしわしわ(しぼむ)であるから、伸ばしなさい〉,,,,,,,,,,,,,,,,,,,,
1726,3,,んぶまるん,,[Nbumar-],,(動詞),290,,しなびる。,,,(語源)日本語スボ マル〈窄まる〉に対応。,[subomar->Nbomar->Nbumar-],,,【例】ださい んぶまいどぅ ぶんす。 したた はぬと,〈野菜がしなびているよ。早く食べないと〉,,,,,,,,,,,,,,,,,,,,
1727,1,,んま,1,[Nma],B,(名詞),290,,馬。与那国島で古くから飼育されてきた在来馬を指す。農作業に乗馬に利用されていた。,,,(語源)日本語ウマ〈馬〉に対応。,[uma>Nma],(関連用語)んまぬ からんき゚〈馬のたてがみ〉,,【例】はたぎんき ぬいぐんてぃ くんてぃぬ。 てぃむぬ う し うんてぃ うし にー くやんでぃん ‘かい=ぶたんか゚、たー んむ んでぃん どぅなんんま ぶらぬんとぅ ならぬたん,〈畑への行き帰りに、乗ったり、薪を負わせ、芋を負わせ、荷を運ぶにも使っていたが、田を踏ませ田の底を固める,〈たーんみ〉の際にも、与那国馬を加えないといけなかった〉 ,んまぬ からんき゚ ちみ=とぅらしどぅ きる,〈馬のたてがみを散髪して あげなさい〉,んまんに はやんすやー,〈馬みたいに速いね〉,,,,,,,,,,,,,,,
1728,1,音変化Nnmaを修正,んま,2,[Nma],C,(疑問詞),291,,どこ。,,,(語源)沖縄方言マー /maa/ に対応。,[iduma>NNma>Nma],,,【例】うぬ ‘とぅぬ まり=ちまや んま あい=わるかや,〈この方の生まれ島はどこでしょうか?〉,,,,,,,,,,,,,,,,,,,,
1729,1,,んまｎく゚てぃ,,[NmaŋuTi],,(名詞),291,,あやすこと。,〔同〕んまない,,,,,,【例】あがみ ながんな、かんぎ んまんく゚てぃ  きり,〈子供を泣かすな、おぶってあやしなさい〉,,,,,,,,,,,,,,,,,,,,
1730,1,,んまてぃ,,[NmaTi],,(名詞),291,〔貝〕,ハナマルユキ。ヒザラ貝の一種。身は食用になり、汁などに使う。,,,,,,,【例】んまてぃぬ ちる つりんでぃ いすむぬ=きてぃ ‘たー はいぶたんか゚  あでぃん まーたんどー,〈ハナマルユキの汁は薬だといって、潮干狩りをしてよく食べたが味もよかったね〉,,,,,,,,,,,,,,,,,,,,
1731,1,,んまない,,[Nmanai],,(名詞),291,,赤ちゃんをあやすこと。子守をすること。,〔同〕んまんく゚てぃ,,,,,,【例】かみ な てぃ=ぶる あがみ んまない きんに,〈あそこで泣いている子供をあやして〉,んだびむぬし んくてぃ んまない きるん,〈おもちゃで赤ちゃんを あやす〉,,,,,,,,,,,,,,,,,,
1732,1,,んまぬた,,[NmanuTa],,(名詞),291,,まな板。,,,(語源)日本語マ ナイタ〈まな板〉に対応。,[manaita>manacya>manaTa>NmanuTa],,,【例】まいにや だーぬ んまぬたや くゎーる どぅとぅぬ きー  とぅい=してぃ どぅぬどぅし ‘くい=ぶたんか゚ うんから だまとぅ=くだりぬ むぬんか゚ はい=してぃ ‘くらぬんき なったる,〈以前は家庭用のまな板は固いタイワンオガタマを採ってきて自分で作っていたが、それから本土産のまな板が流入するようになって作らなくなった〉,,,,,,,,,,,,,,,,,,,,
1733,1,,んまんきるん,,[NmaNKir-],,(動詞),291,,縛(しば)る、くくる。束ねる。,,,,,,,【例】からん んまんきり。 びぃらんなよ,〈髪の毛をくくりなさい。もつれさせないでよ〉,はんくりんだぎ=みぬんき  しみ んまんきりよ,〈はずれないように、しっかり縛りなさいよ〉,,,,,,,,,,,,,,,,,,
1734,1,,んみ,1,[Nmi],A,(名詞),292,,(1)動物、人間の爪。,,,,,,,【例】どぅる、んみ つー むぬ あらぬんどー,〈夜、爪を切るものではないよ〉,んみ はさんし ちー=ぶる,〈爪をハサミで切っ ているところだ〉,,,,,,,,,,,,,,,,,,
1734,2,例文なし,んみ,1,[Nmi],A,(名詞),292,,三線、琴などの爪。,,,(語源)日本語ツメ〈爪〉に対応。,[tu me>cime>Nme>Nmi],(関連用語)さんてぃぬ んみ〈三味線の爪〉/かん なぬ んみ〈カニの足〉/たるんか゚ぬ んみ〈エビの足〉/まゆぬ んみ〈猫 の爪〉,,,,,,,,,,,,,,,,,,,,,,,
1735,1,,んみ,2,[Nmi],C,(疑問詞),292,,どこに。どこへ。どこで。,,,,,,,【例】んみ あるかや?,〈どこにあるのか?〉,,,,,,,,,,,,,,,,,,,,
1736,1,,んむ,,[Nmu],,(名詞),292,,雲(くも)。,,,(語源)日本語クモ〈雲〉に対応。,[kumo>h umo>Nmo>Nmu],(関連用語)あまぐり〈曇空。曇天〉/あまぐりたたい〈今 にも大雨が降りそう〉/んむりかんでぃ〈曇り。雨が降りそうな天気〉,,【例】んむんか゚ うぶさびてぃ ‘くゆ なんどぅ んなにぬん,〈雲が多すぎて月があんまり見えない〉,,,,,,,,,,,,,,,,,,,,
1737,1,,んむりるん,,[Nmurir-],,(動詞),292,,曇る。空が暗くなる。,,,,,,,【例】すーや んむり=ぶんすや、あみ ふいどぅ き るかや?,〈今日は曇りだね。雨が降るかな〉,,,,,,,,,,,,,,,,,,,,
1738,1,,んむん,1,[Nm-],A,(動詞),292,,〔他〕(靴などを)履く。,,,(語源)九州方言フム〈履く〉に対応。,[*kum->hum->Nm-],,,【例】あちだ んむん,〈下駄を履く〉,すーや、がっくんき あらぐつ んみ ひんだんぎ,〈今日は、学校に新しい靴を履いて行こ う〉,すんか゚てぃ ないんか゚しや あがみてぃんたや あらあちだ んみてぃ  たくあぎ あんびたん,〈正月になると子供たちは新しい下駄を履いて、凧揚 げをして遊んだ〉,,,,,,,,,,,,,,,,
1739,1,,んむん,2,[Nm-],A,(動詞),292,,汲(く)む。,,,(語源)日本語 クム〈汲む〉に対応。,[kum->hum->Nm-],,,【例】うぶるし みん んむん,〈ウブルで水を汲む〉,,,,,,,,,,,,,,,,,,,,
1740,1,,んむん,3,[Nm-],A,(動詞),292,,〔他〕(~を)踏む。,,,,,,,【例】うま んむんなよ,〈ここを踏むなよ〉,,,,,,,,,,,,,,,,,,,,
1741,1,,んむん,4,[Nm-],B,(動詞),292,,編む。,,,(語源)日本 語クム〈組む〉に対応。,[kum->hum->Nm-],,,【例】あんく゚いし うだ んむん,〈クロツグでモッコを編む〉,,,,,,,,,,,,,,,,,,,,